[2026-06-01 18:22:03] local.ERROR: There are no commands defined in the "boost" namespace. {"exception":"[object] (Symfony\\Component\\Console\\Exception\\NamespaceNotFoundException(code: 0): There are no commands defined in the \"boost\" namespace. at /Users/andrescruz/Herd/livewirestore/vendor/symfony/console/Application.php:684)
[stacktrace]
#0 /Users/andrescruz/Herd/livewirestore/vendor/symfony/console/Application.php(733): Symfony\\Component\\Console\\Application->findNamespace('boost')
#1 /Users/andrescruz/Herd/livewirestore/vendor/symfony/console/Application.php(298): Symfony\\Component\\Console\\Application->find('boost:mcp')
#2 /Users/andrescruz/Herd/livewirestore/vendor/symfony/console/Application.php(195): Symfony\\Component\\Console\\Application->doRun(Object(Symfony\\Component\\Console\\Input\\ArgvInput), Object(Symfony\\Component\\Console\\Output\\ConsoleOutput))
#3 /Users/andrescruz/Herd/livewirestore/vendor/laravel/framework/src/Illuminate/Foundation/Console/Kernel.php(198): Symfony\\Component\\Console\\Application->run(Object(Symfony\\Component\\Console\\Input\\ArgvInput), Object(Symfony\\Component\\Console\\Output\\ConsoleOutput))
#4 /Users/andrescruz/Herd/livewirestore/vendor/laravel/framework/src/Illuminate/Foundation/Application.php(1235): Illuminate\\Foundation\\Console\\Kernel->handle(Object(Symfony\\Component\\Console\\Input\\ArgvInput), Object(Symfony\\Component\\Console\\Output\\ConsoleOutput))
#5 /Users/andrescruz/Herd/livewirestore/artisan(16): Illuminate\\Foundation\\Application->handleCommand(Object(Symfony\\Component\\Console\\Input\\ArgvInput))
#6 {main}
"} 
[2026-06-01 18:26:09] local.ERROR: Missing required parameter for [Route: dashboard] [URI: {current_team}/dashboard] [Missing parameter: current_team]. (View: /Users/andrescruz/Herd/livewirestore/resources/views/welcome.blade.php) {"exception":"[object] (Illuminate\\View\\ViewException(code: 0): Missing required parameter for [Route: dashboard] [URI: {current_team}/dashboard] [Missing parameter: current_team]. (View: /Users/andrescruz/Herd/livewirestore/resources/views/welcome.blade.php) at /Users/andrescruz/Herd/livewirestore/vendor/laravel/framework/src/Illuminate/Routing/Exceptions/UrlGenerationException.php:35)
[stacktrace]
#0 /Users/andrescruz/Herd/livewirestore/vendor/livewire/livewire/src/Mechanisms/ExtendBlade/ExtendedCompilerEngine.php(58): Illuminate\\View\\Engines\\CompilerEngine->handleViewException(Object(Illuminate\\Routing\\Exceptions\\UrlGenerationException), 1)
#1 /Users/andrescruz/Herd/livewirestore/vendor/laravel/framework/src/Illuminate/View/Engines/PhpEngine.php(59): Livewire\\Mechanisms\\ExtendBlade\\ExtendedCompilerEngine->handleViewException(Object(Illuminate\\Routing\\Exceptions\\UrlGenerationException), 1)
#2 /Users/andrescruz/Herd/livewirestore/vendor/livewire/livewire/src/Mechanisms/ExtendBlade/ExtendedCompilerEngine.php(22): Illuminate\\View\\Engines\\PhpEngine->evaluatePath('/Users/andrescr...', Array)
#3 /Users/andrescruz/Herd/livewirestore/vendor/laravel/framework/src/Illuminate/View/Engines/CompilerEngine.php(76): Livewire\\Mechanisms\\ExtendBlade\\ExtendedCompilerEngine->evaluatePath('/Users/andrescr...', Array)
#4 /Users/andrescruz/Herd/livewirestore/vendor/livewire/livewire/src/Mechanisms/ExtendBlade/ExtendedCompilerEngine.php(10): Illuminate\\View\\Engines\\CompilerEngine->get('/Users/andrescr...', Array)
#5 /Users/andrescruz/Herd/livewirestore/vendor/laravel/framework/src/Illuminate/View/View.php(208): Livewire\\Mechanisms\\ExtendBlade\\ExtendedCompilerEngine->get('/Users/andrescr...', Array)
#6 /Users/andrescruz/Herd/livewirestore/vendor/laravel/framework/src/Illuminate/View/View.php(191): Illuminate\\View\\View->getContents()
#7 /Users/andrescruz/Herd/livewirestore/vendor/laravel/framework/src/Illuminate/View/View.php(160): Illuminate\\View\\View->renderContents()
#8 /Users/andrescruz/Herd/livewirestore/vendor/laravel/framework/src/Illuminate/Http/Response.php(78): Illuminate\\View\\View->render()
#9 /Users/andrescruz/Herd/livewirestore/vendor/laravel/framework/src/Illuminate/Http/Response.php(34): Illuminate\\Http\\Response->setContent(Object(Illuminate\\View\\View))
#10 /Users/andrescruz/Herd/livewirestore/vendor/laravel/framework/src/Illuminate/Routing/ResponseFactory.php(61): Illuminate\\Http\\Response->__construct(Object(Illuminate\\View\\View), 200, Array)
#11 /Users/andrescruz/Herd/livewirestore/vendor/laravel/framework/src/Illuminate/Routing/ResponseFactory.php(91): Illuminate\\Routing\\ResponseFactory->make(Object(Illuminate\\View\\View), 200, Array)
#12 /Users/andrescruz/Herd/livewirestore/vendor/laravel/framework/src/Illuminate/Routing/ViewController.php(40): Illuminate\\Routing\\ResponseFactory->view('welcome', Array, 200, Array)
#13 /Users/andrescruz/Herd/livewirestore/vendor/laravel/framework/src/Illuminate/Routing/ViewController.php(57): Illuminate\\Routing\\ViewController->__invoke(view: 'welcome', data: Array, status: 200, headers: Array)
#14 /Users/andrescruz/Herd/livewirestore/vendor/laravel/framework/src/Illuminate/Routing/ControllerDispatcher.php(43): Illuminate\\Routing\\ViewController->callAction('__invoke', Array)
#15 /Users/andrescruz/Herd/livewirestore/vendor/laravel/framework/src/Illuminate/Routing/Route.php(269): Illuminate\\Routing\\ControllerDispatcher->dispatch(Object(Illuminate\\Routing\\Route), Object(Illuminate\\Routing\\ViewController), '__invoke')
#16 /Users/andrescruz/Herd/livewirestore/vendor/laravel/framework/src/Illuminate/Routing/Route.php(215): Illuminate\\Routing\\Route->runController()
#17 /Users/andrescruz/Herd/livewirestore/vendor/laravel/framework/src/Illuminate/Routing/Router.php(822): Illuminate\\Routing\\Route->run()
#18 /Users/andrescruz/Herd/livewirestore/vendor/laravel/framework/src/Illuminate/Pipeline/Pipeline.php(180): Illuminate\\Routing\\Router->{closure:Illuminate\\Routing\\Router::runRouteWithinStack():821}(Object(Illuminate\\Http\\Request))
#19 /Users/andrescruz/Herd/livewirestore/app/Http/Middleware/SetTeamUrlDefaults.php(26): Illuminate\\Pipeline\\Pipeline->{closure:Illuminate\\Pipeline\\Pipeline::prepareDestination():178}(Object(Illuminate\\Http\\Request))
#20 /Users/andrescruz/Herd/livewirestore/vendor/laravel/framework/src/Illuminate/Pipeline/Pipeline.php(219): App\\Http\\Middleware\\SetTeamUrlDefaults->handle(Object(Illuminate\\Http\\Request), Object(Closure))
#21 /Users/andrescruz/Herd/livewirestore/vendor/laravel/framework/src/Illuminate/Routing/Middleware/SubstituteBindings.php(52): Illuminate\\Pipeline\\Pipeline->{closure:{closure:Illuminate\\Pipeline\\Pipeline::carry():194}:195}(Object(Illuminate\\Http\\Request))
#22 /Users/andrescruz/Herd/livewirestore/vendor/laravel/framework/src/Illuminate/Pipeline/Pipeline.php(219): Illuminate\\Routing\\Middleware\\SubstituteBindings->handle(Object(Illuminate\\Http\\Request), Object(Closure))
#23 /Users/andrescruz/Herd/livewirestore/vendor/laravel/framework/src/Illuminate/Foundation/Http/Middleware/PreventRequestForgery.php(104): Illuminate\\Pipeline\\Pipeline->{closure:{closure:Illuminate\\Pipeline\\Pipeline::carry():194}:195}(Object(Illuminate\\Http\\Request))
#24 /Users/andrescruz/Herd/livewirestore/vendor/laravel/framework/src/Illuminate/Pipeline/Pipeline.php(219): Illuminate\\Foundation\\Http\\Middleware\\PreventRequestForgery->handle(Object(Illuminate\\Http\\Request), Object(Closure))
#25 /Users/andrescruz/Herd/livewirestore/vendor/laravel/framework/src/Illuminate/View/Middleware/ShareErrorsFromSession.php(48): Illuminate\\Pipeline\\Pipeline->{closure:{closure:Illuminate\\Pipeline\\Pipeline::carry():194}:195}(Object(Illuminate\\Http\\Request))
#26 /Users/andrescruz/Herd/livewirestore/vendor/laravel/framework/src/Illuminate/Pipeline/Pipeline.php(219): Illuminate\\View\\Middleware\\ShareErrorsFromSession->handle(Object(Illuminate\\Http\\Request), Object(Closure))
#27 /Users/andrescruz/Herd/livewirestore/vendor/laravel/framework/src/Illuminate/Session/Middleware/StartSession.php(120): Illuminate\\Pipeline\\Pipeline->{closure:{closure:Illuminate\\Pipeline\\Pipeline::carry():194}:195}(Object(Illuminate\\Http\\Request))
#28 /Users/andrescruz/Herd/livewirestore/vendor/laravel/framework/src/Illuminate/Session/Middleware/StartSession.php(63): Illuminate\\Session\\Middleware\\StartSession->handleStatefulRequest(Object(Illuminate\\Http\\Request), Object(Illuminate\\Session\\Store), Object(Closure))
#29 /Users/andrescruz/Herd/livewirestore/vendor/laravel/framework/src/Illuminate/Pipeline/Pipeline.php(219): Illuminate\\Session\\Middleware\\StartSession->handle(Object(Illuminate\\Http\\Request), Object(Closure))
#30 /Users/andrescruz/Herd/livewirestore/vendor/laravel/framework/src/Illuminate/Cookie/Middleware/AddQueuedCookiesToResponse.php(36): Illuminate\\Pipeline\\Pipeline->{closure:{closure:Illuminate\\Pipeline\\Pipeline::carry():194}:195}(Object(Illuminate\\Http\\Request))
#31 /Users/andrescruz/Herd/livewirestore/vendor/laravel/framework/src/Illuminate/Pipeline/Pipeline.php(219): Illuminate\\Cookie\\Middleware\\AddQueuedCookiesToResponse->handle(Object(Illuminate\\Http\\Request), Object(Closure))
#32 /Users/andrescruz/Herd/livewirestore/vendor/laravel/framework/src/Illuminate/Cookie/Middleware/EncryptCookies.php(74): Illuminate\\Pipeline\\Pipeline->{closure:{closure:Illuminate\\Pipeline\\Pipeline::carry():194}:195}(Object(Illuminate\\Http\\Request))
#33 /Users/andrescruz/Herd/livewirestore/vendor/laravel/framework/src/Illuminate/Pipeline/Pipeline.php(219): Illuminate\\Cookie\\Middleware\\EncryptCookies->handle(Object(Illuminate\\Http\\Request), Object(Closure))
#34 /Users/andrescruz/Herd/livewirestore/vendor/laravel/framework/src/Illuminate/Pipeline/Pipeline.php(137): Illuminate\\Pipeline\\Pipeline->{closure:{closure:Illuminate\\Pipeline\\Pipeline::carry():194}:195}(Object(Illuminate\\Http\\Request))
#35 /Users/andrescruz/Herd/livewirestore/vendor/laravel/framework/src/Illuminate/Routing/Router.php(821): Illuminate\\Pipeline\\Pipeline->then(Object(Closure))
#36 /Users/andrescruz/Herd/livewirestore/vendor/laravel/framework/src/Illuminate/Routing/Router.php(800): Illuminate\\Routing\\Router->runRouteWithinStack(Object(Illuminate\\Routing\\Route), Object(Illuminate\\Http\\Request))
#37 /Users/andrescruz/Herd/livewirestore/vendor/laravel/framework/src/Illuminate/Routing/Router.php(764): Illuminate\\Routing\\Router->runRoute(Object(Illuminate\\Http\\Request), Object(Illuminate\\Routing\\Route))
#38 /Users/andrescruz/Herd/livewirestore/vendor/laravel/framework/src/Illuminate/Routing/Router.php(753): Illuminate\\Routing\\Router->dispatchToRoute(Object(Illuminate\\Http\\Request))
#39 /Users/andrescruz/Herd/livewirestore/vendor/laravel/framework/src/Illuminate/Foundation/Http/Kernel.php(200): Illuminate\\Routing\\Router->dispatch(Object(Illuminate\\Http\\Request))
#40 /Users/andrescruz/Herd/livewirestore/vendor/laravel/framework/src/Illuminate/Pipeline/Pipeline.php(180): Illuminate\\Foundation\\Http\\Kernel->{closure:Illuminate\\Foundation\\Http\\Kernel::dispatchToRouter():197}(Object(Illuminate\\Http\\Request))
#41 /Users/andrescruz/Herd/livewirestore/vendor/livewire/livewire/src/Features/SupportDisablingBackButtonCache/DisableBackButtonCacheMiddleware.php(19): Illuminate\\Pipeline\\Pipeline->{closure:Illuminate\\Pipeline\\Pipeline::prepareDestination():178}(Object(Illuminate\\Http\\Request))
#42 /Users/andrescruz/Herd/livewirestore/vendor/laravel/framework/src/Illuminate/Pipeline/Pipeline.php(219): Livewire\\Features\\SupportDisablingBackButtonCache\\DisableBackButtonCacheMiddleware->handle(Object(Illuminate\\Http\\Request), Object(Closure))
#43 /Users/andrescruz/Herd/livewirestore/vendor/laravel/framework/src/Illuminate/Foundation/Http/Middleware/TransformsRequest.php(21): Illuminate\\Pipeline\\Pipeline->{closure:{closure:Illuminate\\Pipeline\\Pipeline::carry():194}:195}(Object(Illuminate\\Http\\Request))
#44 /Users/andrescruz/Herd/livewirestore/vendor/laravel/framework/src/Illuminate/Foundation/Http/Middleware/ConvertEmptyStringsToNull.php(31): Illuminate\\Foundation\\Http\\Middleware\\TransformsRequest->handle(Object(Illuminate\\Http\\Request), Object(Closure))
#45 /Users/andrescruz/Herd/livewirestore/vendor/laravel/framework/src/Illuminate/Pipeline/Pipeline.php(219): Illuminate\\Foundation\\Http\\Middleware\\ConvertEmptyStringsToNull->handle(Object(Illuminate\\Http\\Request), Object(Closure))
#46 /Users/andrescruz/Herd/livewirestore/vendor/laravel/framework/src/Illuminate/Foundation/Http/Middleware/TransformsRequest.php(21): Illuminate\\Pipeline\\Pipeline->{closure:{closure:Illuminate\\Pipeline\\Pipeline::carry():194}:195}(Object(Illuminate\\Http\\Request))
#47 /Users/andrescruz/Herd/livewirestore/vendor/laravel/framework/src/Illuminate/Foundation/Http/Middleware/TrimStrings.php(51): Illuminate\\Foundation\\Http\\Middleware\\TransformsRequest->handle(Object(Illuminate\\Http\\Request), Object(Closure))
#48 /Users/andrescruz/Herd/livewirestore/vendor/laravel/framework/src/Illuminate/Pipeline/Pipeline.php(219): Illuminate\\Foundation\\Http\\Middleware\\TrimStrings->handle(Object(Illuminate\\Http\\Request), Object(Closure))
#49 /Users/andrescruz/Herd/livewirestore/vendor/laravel/framework/src/Illuminate/Http/Middleware/ValidatePostSize.php(27): Illuminate\\Pipeline\\Pipeline->{closure:{closure:Illuminate\\Pipeline\\Pipeline::carry():194}:195}(Object(Illuminate\\Http\\Request))
#50 /Users/andrescruz/Herd/livewirestore/vendor/laravel/framework/src/Illuminate/Pipeline/Pipeline.php(219): Illuminate\\Http\\Middleware\\ValidatePostSize->handle(Object(Illuminate\\Http\\Request), Object(Closure))
#51 /Users/andrescruz/Herd/livewirestore/vendor/laravel/framework/src/Illuminate/Foundation/Http/Middleware/PreventRequestsDuringMaintenance.php(109): Illuminate\\Pipeline\\Pipeline->{closure:{closure:Illuminate\\Pipeline\\Pipeline::carry():194}:195}(Object(Illuminate\\Http\\Request))
#52 /Users/andrescruz/Herd/livewirestore/vendor/laravel/framework/src/Illuminate/Pipeline/Pipeline.php(219): Illuminate\\Foundation\\Http\\Middleware\\PreventRequestsDuringMaintenance->handle(Object(Illuminate\\Http\\Request), Object(Closure))
#53 /Users/andrescruz/Herd/livewirestore/vendor/laravel/framework/src/Illuminate/Http/Middleware/HandleCors.php(61): Illuminate\\Pipeline\\Pipeline->{closure:{closure:Illuminate\\Pipeline\\Pipeline::carry():194}:195}(Object(Illuminate\\Http\\Request))
#54 /Users/andrescruz/Herd/livewirestore/vendor/laravel/framework/src/Illuminate/Pipeline/Pipeline.php(219): Illuminate\\Http\\Middleware\\HandleCors->handle(Object(Illuminate\\Http\\Request), Object(Closure))
#55 /Users/andrescruz/Herd/livewirestore/vendor/laravel/framework/src/Illuminate/Http/Middleware/TrustProxies.php(58): Illuminate\\Pipeline\\Pipeline->{closure:{closure:Illuminate\\Pipeline\\Pipeline::carry():194}:195}(Object(Illuminate\\Http\\Request))
#56 /Users/andrescruz/Herd/livewirestore/vendor/laravel/framework/src/Illuminate/Pipeline/Pipeline.php(219): Illuminate\\Http\\Middleware\\TrustProxies->handle(Object(Illuminate\\Http\\Request), Object(Closure))
#57 /Users/andrescruz/Herd/livewirestore/vendor/laravel/framework/src/Illuminate/Foundation/Http/Middleware/InvokeDeferredCallbacks.php(22): Illuminate\\Pipeline\\Pipeline->{closure:{closure:Illuminate\\Pipeline\\Pipeline::carry():194}:195}(Object(Illuminate\\Http\\Request))
#58 /Users/andrescruz/Herd/livewirestore/vendor/laravel/framework/src/Illuminate/Pipeline/Pipeline.php(219): Illuminate\\Foundation\\Http\\Middleware\\InvokeDeferredCallbacks->handle(Object(Illuminate\\Http\\Request), Object(Closure))
#59 /Users/andrescruz/Herd/livewirestore/vendor/laravel/framework/src/Illuminate/Http/Middleware/ValidatePathEncoding.php(28): Illuminate\\Pipeline\\Pipeline->{closure:{closure:Illuminate\\Pipeline\\Pipeline::carry():194}:195}(Object(Illuminate\\Http\\Request))
#60 /Users/andrescruz/Herd/livewirestore/vendor/laravel/framework/src/Illuminate/Pipeline/Pipeline.php(219): Illuminate\\Http\\Middleware\\ValidatePathEncoding->handle(Object(Illuminate\\Http\\Request), Object(Closure))
#61 /Users/andrescruz/Herd/livewirestore/vendor/laravel/framework/src/Illuminate/Pipeline/Pipeline.php(137): Illuminate\\Pipeline\\Pipeline->{closure:{closure:Illuminate\\Pipeline\\Pipeline::carry():194}:195}(Object(Illuminate\\Http\\Request))
#62 /Users/andrescruz/Herd/livewirestore/vendor/laravel/framework/src/Illuminate/Foundation/Http/Kernel.php(175): Illuminate\\Pipeline\\Pipeline->then(Object(Closure))
#63 /Users/andrescruz/Herd/livewirestore/vendor/laravel/framework/src/Illuminate/Foundation/Http/Kernel.php(144): Illuminate\\Foundation\\Http\\Kernel->sendRequestThroughRouter(Object(Illuminate\\Http\\Request))
#64 /Users/andrescruz/Herd/livewirestore/vendor/laravel/framework/src/Illuminate/Foundation/Application.php(1220): Illuminate\\Foundation\\Http\\Kernel->handle(Object(Illuminate\\Http\\Request))
#65 /Users/andrescruz/Herd/livewirestore/public/index.php(20): Illuminate\\Foundation\\Application->handleRequest(Object(Illuminate\\Http\\Request))
#66 /Applications/Herd.app/Contents/Resources/valet/server.php(167): require('/Users/andrescr...')
#67 {main}

[previous exception] [object] (Illuminate\\Routing\\Exceptions\\UrlGenerationException(code: 0): Missing required parameter for [Route: dashboard] [URI: {current_team}/dashboard] [Missing parameter: current_team]. at /Users/andrescruz/Herd/livewirestore/vendor/laravel/framework/src/Illuminate/Routing/Exceptions/UrlGenerationException.php:35)
[stacktrace]
#0 /Users/andrescruz/Herd/livewirestore/vendor/laravel/framework/src/Illuminate/Routing/RouteUrlGenerator.php(94): Illuminate\\Routing\\Exceptions\\UrlGenerationException::forMissingParameters(Object(Illuminate\\Routing\\Route), Array)
#1 /Users/andrescruz/Herd/livewirestore/vendor/laravel/framework/src/Illuminate/Routing/UrlGenerator.php(551): Illuminate\\Routing\\RouteUrlGenerator->to(Object(Illuminate\\Routing\\Route), Array, true)
#2 /Users/andrescruz/Herd/livewirestore/vendor/laravel/framework/src/Illuminate/Routing/UrlGenerator.php(528): Illuminate\\Routing\\UrlGenerator->toRoute(Object(Illuminate\\Routing\\Route), Array, true)
#3 /Users/andrescruz/Herd/livewirestore/vendor/laravel/framework/src/Illuminate/Foundation/helpers.php(870): Illuminate\\Routing\\UrlGenerator->route('dashboard', Array, true)
#4 /Users/andrescruz/Herd/livewirestore/storage/framework/views/acbccf6584549f71e09089802fb13526.php(65): route('dashboard')
#5 /Users/andrescruz/Herd/livewirestore/vendor/laravel/framework/src/Illuminate/Filesystem/Filesystem.php(123): require('/Users/andrescr...')
#6 /Users/andrescruz/Herd/livewirestore/vendor/laravel/framework/src/Illuminate/Filesystem/Filesystem.php(124): Illuminate\\Filesystem\\Filesystem::{closure:Illuminate\\Filesystem\\Filesystem::getRequire():120}()
#7 /Users/andrescruz/Herd/livewirestore/vendor/laravel/framework/src/Illuminate/View/Engines/PhpEngine.php(57): Illuminate\\Filesystem\\Filesystem->getRequire('/Users/andrescr...', Array)
#8 /Users/andrescruz/Herd/livewirestore/vendor/livewire/livewire/src/Mechanisms/ExtendBlade/ExtendedCompilerEngine.php(22): Illuminate\\View\\Engines\\PhpEngine->evaluatePath('/Users/andrescr...', Array)
#9 /Users/andrescruz/Herd/livewirestore/vendor/laravel/framework/src/Illuminate/View/Engines/CompilerEngine.php(76): Livewire\\Mechanisms\\ExtendBlade\\ExtendedCompilerEngine->evaluatePath('/Users/andrescr...', Array)
#10 /Users/andrescruz/Herd/livewirestore/vendor/livewire/livewire/src/Mechanisms/ExtendBlade/ExtendedCompilerEngine.php(10): Illuminate\\View\\Engines\\CompilerEngine->get('/Users/andrescr...', Array)
#11 /Users/andrescruz/Herd/livewirestore/vendor/laravel/framework/src/Illuminate/View/View.php(208): Livewire\\Mechanisms\\ExtendBlade\\ExtendedCompilerEngine->get('/Users/andrescr...', Array)
#12 /Users/andrescruz/Herd/livewirestore/vendor/laravel/framework/src/Illuminate/View/View.php(191): Illuminate\\View\\View->getContents()
#13 /Users/andrescruz/Herd/livewirestore/vendor/laravel/framework/src/Illuminate/View/View.php(160): Illuminate\\View\\View->renderContents()
#14 /Users/andrescruz/Herd/livewirestore/vendor/laravel/framework/src/Illuminate/Http/Response.php(78): Illuminate\\View\\View->render()
#15 /Users/andrescruz/Herd/livewirestore/vendor/laravel/framework/src/Illuminate/Http/Response.php(34): Illuminate\\Http\\Response->setContent(Object(Illuminate\\View\\View))
#16 /Users/andrescruz/Herd/livewirestore/vendor/laravel/framework/src/Illuminate/Routing/ResponseFactory.php(61): Illuminate\\Http\\Response->__construct(Object(Illuminate\\View\\View), 200, Array)
#17 /Users/andrescruz/Herd/livewirestore/vendor/laravel/framework/src/Illuminate/Routing/ResponseFactory.php(91): Illuminate\\Routing\\ResponseFactory->make(Object(Illuminate\\View\\View), 200, Array)
#18 /Users/andrescruz/Herd/livewirestore/vendor/laravel/framework/src/Illuminate/Routing/ViewController.php(40): Illuminate\\Routing\\ResponseFactory->view('welcome', Array, 200, Array)
#19 /Users/andrescruz/Herd/livewirestore/vendor/laravel/framework/src/Illuminate/Routing/ViewController.php(57): Illuminate\\Routing\\ViewController->__invoke(view: 'welcome', data: Array, status: 200, headers: Array)
#20 /Users/andrescruz/Herd/livewirestore/vendor/laravel/framework/src/Illuminate/Routing/ControllerDispatcher.php(43): Illuminate\\Routing\\ViewController->callAction('__invoke', Array)
#21 /Users/andrescruz/Herd/livewirestore/vendor/laravel/framework/src/Illuminate/Routing/Route.php(269): Illuminate\\Routing\\ControllerDispatcher->dispatch(Object(Illuminate\\Routing\\Route), Object(Illuminate\\Routing\\ViewController), '__invoke')
#22 /Users/andrescruz/Herd/livewirestore/vendor/laravel/framework/src/Illuminate/Routing/Route.php(215): Illuminate\\Routing\\Route->runController()
#23 /Users/andrescruz/Herd/livewirestore/vendor/laravel/framework/src/Illuminate/Routing/Router.php(822): Illuminate\\Routing\\Route->run()
#24 /Users/andrescruz/Herd/livewirestore/vendor/laravel/framework/src/Illuminate/Pipeline/Pipeline.php(180): Illuminate\\Routing\\Router->{closure:Illuminate\\Routing\\Router::runRouteWithinStack():821}(Object(Illuminate\\Http\\Request))
#25 /Users/andrescruz/Herd/livewirestore/app/Http/Middleware/SetTeamUrlDefaults.php(26): Illuminate\\Pipeline\\Pipeline->{closure:Illuminate\\Pipeline\\Pipeline::prepareDestination():178}(Object(Illuminate\\Http\\Request))
#26 /Users/andrescruz/Herd/livewirestore/vendor/laravel/framework/src/Illuminate/Pipeline/Pipeline.php(219): App\\Http\\Middleware\\SetTeamUrlDefaults->handle(Object(Illuminate\\Http\\Request), Object(Closure))
#27 /Users/andrescruz/Herd/livewirestore/vendor/laravel/framework/src/Illuminate/Routing/Middleware/SubstituteBindings.php(52): Illuminate\\Pipeline\\Pipeline->{closure:{closure:Illuminate\\Pipeline\\Pipeline::carry():194}:195}(Object(Illuminate\\Http\\Request))
#28 /Users/andrescruz/Herd/livewirestore/vendor/laravel/framework/src/Illuminate/Pipeline/Pipeline.php(219): Illuminate\\Routing\\Middleware\\SubstituteBindings->handle(Object(Illuminate\\Http\\Request), Object(Closure))
#29 /Users/andrescruz/Herd/livewirestore/vendor/laravel/framework/src/Illuminate/Foundation/Http/Middleware/PreventRequestForgery.php(104): Illuminate\\Pipeline\\Pipeline->{closure:{closure:Illuminate\\Pipeline\\Pipeline::carry():194}:195}(Object(Illuminate\\Http\\Request))
#30 /Users/andrescruz/Herd/livewirestore/vendor/laravel/framework/src/Illuminate/Pipeline/Pipeline.php(219): Illuminate\\Foundation\\Http\\Middleware\\PreventRequestForgery->handle(Object(Illuminate\\Http\\Request), Object(Closure))
#31 /Users/andrescruz/Herd/livewirestore/vendor/laravel/framework/src/Illuminate/View/Middleware/ShareErrorsFromSession.php(48): Illuminate\\Pipeline\\Pipeline->{closure:{closure:Illuminate\\Pipeline\\Pipeline::carry():194}:195}(Object(Illuminate\\Http\\Request))
#32 /Users/andrescruz/Herd/livewirestore/vendor/laravel/framework/src/Illuminate/Pipeline/Pipeline.php(219): Illuminate\\View\\Middleware\\ShareErrorsFromSession->handle(Object(Illuminate\\Http\\Request), Object(Closure))
#33 /Users/andrescruz/Herd/livewirestore/vendor/laravel/framework/src/Illuminate/Session/Middleware/StartSession.php(120): Illuminate\\Pipeline\\Pipeline->{closure:{closure:Illuminate\\Pipeline\\Pipeline::carry():194}:195}(Object(Illuminate\\Http\\Request))
#34 /Users/andrescruz/Herd/livewirestore/vendor/laravel/framework/src/Illuminate/Session/Middleware/StartSession.php(63): Illuminate\\Session\\Middleware\\StartSession->handleStatefulRequest(Object(Illuminate\\Http\\Request), Object(Illuminate\\Session\\Store), Object(Closure))
#35 /Users/andrescruz/Herd/livewirestore/vendor/laravel/framework/src/Illuminate/Pipeline/Pipeline.php(219): Illuminate\\Session\\Middleware\\StartSession->handle(Object(Illuminate\\Http\\Request), Object(Closure))
#36 /Users/andrescruz/Herd/livewirestore/vendor/laravel/framework/src/Illuminate/Cookie/Middleware/AddQueuedCookiesToResponse.php(36): Illuminate\\Pipeline\\Pipeline->{closure:{closure:Illuminate\\Pipeline\\Pipeline::carry():194}:195}(Object(Illuminate\\Http\\Request))
#37 /Users/andrescruz/Herd/livewirestore/vendor/laravel/framework/src/Illuminate/Pipeline/Pipeline.php(219): Illuminate\\Cookie\\Middleware\\AddQueuedCookiesToResponse->handle(Object(Illuminate\\Http\\Request), Object(Closure))
#38 /Users/andrescruz/Herd/livewirestore/vendor/laravel/framework/src/Illuminate/Cookie/Middleware/EncryptCookies.php(74): Illuminate\\Pipeline\\Pipeline->{closure:{closure:Illuminate\\Pipeline\\Pipeline::carry():194}:195}(Object(Illuminate\\Http\\Request))
#39 /Users/andrescruz/Herd/livewirestore/vendor/laravel/framework/src/Illuminate/Pipeline/Pipeline.php(219): Illuminate\\Cookie\\Middleware\\EncryptCookies->handle(Object(Illuminate\\Http\\Request), Object(Closure))
#40 /Users/andrescruz/Herd/livewirestore/vendor/laravel/framework/src/Illuminate/Pipeline/Pipeline.php(137): Illuminate\\Pipeline\\Pipeline->{closure:{closure:Illuminate\\Pipeline\\Pipeline::carry():194}:195}(Object(Illuminate\\Http\\Request))
#41 /Users/andrescruz/Herd/livewirestore/vendor/laravel/framework/src/Illuminate/Routing/Router.php(821): Illuminate\\Pipeline\\Pipeline->then(Object(Closure))
#42 /Users/andrescruz/Herd/livewirestore/vendor/laravel/framework/src/Illuminate/Routing/Router.php(800): Illuminate\\Routing\\Router->runRouteWithinStack(Object(Illuminate\\Routing\\Route), Object(Illuminate\\Http\\Request))
#43 /Users/andrescruz/Herd/livewirestore/vendor/laravel/framework/src/Illuminate/Routing/Router.php(764): Illuminate\\Routing\\Router->runRoute(Object(Illuminate\\Http\\Request), Object(Illuminate\\Routing\\Route))
#44 /Users/andrescruz/Herd/livewirestore/vendor/laravel/framework/src/Illuminate/Routing/Router.php(753): Illuminate\\Routing\\Router->dispatchToRoute(Object(Illuminate\\Http\\Request))
#45 /Users/andrescruz/Herd/livewirestore/vendor/laravel/framework/src/Illuminate/Foundation/Http/Kernel.php(200): Illuminate\\Routing\\Router->dispatch(Object(Illuminate\\Http\\Request))
#46 /Users/andrescruz/Herd/livewirestore/vendor/laravel/framework/src/Illuminate/Pipeline/Pipeline.php(180): Illuminate\\Foundation\\Http\\Kernel->{closure:Illuminate\\Foundation\\Http\\Kernel::dispatchToRouter():197}(Object(Illuminate\\Http\\Request))
#47 /Users/andrescruz/Herd/livewirestore/vendor/livewire/livewire/src/Features/SupportDisablingBackButtonCache/DisableBackButtonCacheMiddleware.php(19): Illuminate\\Pipeline\\Pipeline->{closure:Illuminate\\Pipeline\\Pipeline::prepareDestination():178}(Object(Illuminate\\Http\\Request))
#48 /Users/andrescruz/Herd/livewirestore/vendor/laravel/framework/src/Illuminate/Pipeline/Pipeline.php(219): Livewire\\Features\\SupportDisablingBackButtonCache\\DisableBackButtonCacheMiddleware->handle(Object(Illuminate\\Http\\Request), Object(Closure))
#49 /Users/andrescruz/Herd/livewirestore/vendor/laravel/framework/src/Illuminate/Foundation/Http/Middleware/TransformsRequest.php(21): Illuminate\\Pipeline\\Pipeline->{closure:{closure:Illuminate\\Pipeline\\Pipeline::carry():194}:195}(Object(Illuminate\\Http\\Request))
#50 /Users/andrescruz/Herd/livewirestore/vendor/laravel/framework/src/Illuminate/Foundation/Http/Middleware/ConvertEmptyStringsToNull.php(31): Illuminate\\Foundation\\Http\\Middleware\\TransformsRequest->handle(Object(Illuminate\\Http\\Request), Object(Closure))
#51 /Users/andrescruz/Herd/livewirestore/vendor/laravel/framework/src/Illuminate/Pipeline/Pipeline.php(219): Illuminate\\Foundation\\Http\\Middleware\\ConvertEmptyStringsToNull->handle(Object(Illuminate\\Http\\Request), Object(Closure))
#52 /Users/andrescruz/Herd/livewirestore/vendor/laravel/framework/src/Illuminate/Foundation/Http/Middleware/TransformsRequest.php(21): Illuminate\\Pipeline\\Pipeline->{closure:{closure:Illuminate\\Pipeline\\Pipeline::carry():194}:195}(Object(Illuminate\\Http\\Request))
#53 /Users/andrescruz/Herd/livewirestore/vendor/laravel/framework/src/Illuminate/Foundation/Http/Middleware/TrimStrings.php(51): Illuminate\\Foundation\\Http\\Middleware\\TransformsRequest->handle(Object(Illuminate\\Http\\Request), Object(Closure))
#54 /Users/andrescruz/Herd/livewirestore/vendor/laravel/framework/src/Illuminate/Pipeline/Pipeline.php(219): Illuminate\\Foundation\\Http\\Middleware\\TrimStrings->handle(Object(Illuminate\\Http\\Request), Object(Closure))
#55 /Users/andrescruz/Herd/livewirestore/vendor/laravel/framework/src/Illuminate/Http/Middleware/ValidatePostSize.php(27): Illuminate\\Pipeline\\Pipeline->{closure:{closure:Illuminate\\Pipeline\\Pipeline::carry():194}:195}(Object(Illuminate\\Http\\Request))
#56 /Users/andrescruz/Herd/livewirestore/vendor/laravel/framework/src/Illuminate/Pipeline/Pipeline.php(219): Illuminate\\Http\\Middleware\\ValidatePostSize->handle(Object(Illuminate\\Http\\Request), Object(Closure))
#57 /Users/andrescruz/Herd/livewirestore/vendor/laravel/framework/src/Illuminate/Foundation/Http/Middleware/PreventRequestsDuringMaintenance.php(109): Illuminate\\Pipeline\\Pipeline->{closure:{closure:Illuminate\\Pipeline\\Pipeline::carry():194}:195}(Object(Illuminate\\Http\\Request))
#58 /Users/andrescruz/Herd/livewirestore/vendor/laravel/framework/src/Illuminate/Pipeline/Pipeline.php(219): Illuminate\\Foundation\\Http\\Middleware\\PreventRequestsDuringMaintenance->handle(Object(Illuminate\\Http\\Request), Object(Closure))
#59 /Users/andrescruz/Herd/livewirestore/vendor/laravel/framework/src/Illuminate/Http/Middleware/HandleCors.php(61): Illuminate\\Pipeline\\Pipeline->{closure:{closure:Illuminate\\Pipeline\\Pipeline::carry():194}:195}(Object(Illuminate\\Http\\Request))
#60 /Users/andrescruz/Herd/livewirestore/vendor/laravel/framework/src/Illuminate/Pipeline/Pipeline.php(219): Illuminate\\Http\\Middleware\\HandleCors->handle(Object(Illuminate\\Http\\Request), Object(Closure))
#61 /Users/andrescruz/Herd/livewirestore/vendor/laravel/framework/src/Illuminate/Http/Middleware/TrustProxies.php(58): Illuminate\\Pipeline\\Pipeline->{closure:{closure:Illuminate\\Pipeline\\Pipeline::carry():194}:195}(Object(Illuminate\\Http\\Request))
#62 /Users/andrescruz/Herd/livewirestore/vendor/laravel/framework/src/Illuminate/Pipeline/Pipeline.php(219): Illuminate\\Http\\Middleware\\TrustProxies->handle(Object(Illuminate\\Http\\Request), Object(Closure))
#63 /Users/andrescruz/Herd/livewirestore/vendor/laravel/framework/src/Illuminate/Foundation/Http/Middleware/InvokeDeferredCallbacks.php(22): Illuminate\\Pipeline\\Pipeline->{closure:{closure:Illuminate\\Pipeline\\Pipeline::carry():194}:195}(Object(Illuminate\\Http\\Request))
#64 /Users/andrescruz/Herd/livewirestore/vendor/laravel/framework/src/Illuminate/Pipeline/Pipeline.php(219): Illuminate\\Foundation\\Http\\Middleware\\InvokeDeferredCallbacks->handle(Object(Illuminate\\Http\\Request), Object(Closure))
#65 /Users/andrescruz/Herd/livewirestore/vendor/laravel/framework/src/Illuminate/Http/Middleware/ValidatePathEncoding.php(28): Illuminate\\Pipeline\\Pipeline->{closure:{closure:Illuminate\\Pipeline\\Pipeline::carry():194}:195}(Object(Illuminate\\Http\\Request))
#66 /Users/andrescruz/Herd/livewirestore/vendor/laravel/framework/src/Illuminate/Pipeline/Pipeline.php(219): Illuminate\\Http\\Middleware\\ValidatePathEncoding->handle(Object(Illuminate\\Http\\Request), Object(Closure))
#67 /Users/andrescruz/Herd/livewirestore/vendor/laravel/framework/src/Illuminate/Pipeline/Pipeline.php(137): Illuminate\\Pipeline\\Pipeline->{closure:{closure:Illuminate\\Pipeline\\Pipeline::carry():194}:195}(Object(Illuminate\\Http\\Request))
#68 /Users/andrescruz/Herd/livewirestore/vendor/laravel/framework/src/Illuminate/Foundation/Http/Kernel.php(175): Illuminate\\Pipeline\\Pipeline->then(Object(Closure))
#69 /Users/andrescruz/Herd/livewirestore/vendor/laravel/framework/src/Illuminate/Foundation/Http/Kernel.php(144): Illuminate\\Foundation\\Http\\Kernel->sendRequestThroughRouter(Object(Illuminate\\Http\\Request))
#70 /Users/andrescruz/Herd/livewirestore/vendor/laravel/framework/src/Illuminate/Foundation/Application.php(1220): Illuminate\\Foundation\\Http\\Kernel->handle(Object(Illuminate\\Http\\Request))
#71 /Users/andrescruz/Herd/livewirestore/public/index.php(20): Illuminate\\Foundation\\Application->handleRequest(Object(Illuminate\\Http\\Request))
#72 /Applications/Herd.app/Contents/Resources/valet/server.php(167): require('/Users/andrescr...')
#73 {main}
"} 
[2026-06-01 18:27:34] local.ERROR: Missing required parameter for [Route: dashboard] [URI: {current_team}/dashboard] [Missing parameter: current_team]. (View: /Users/andrescruz/Herd/livewirestore/resources/views/welcome.blade.php) {"exception":"[object] (Illuminate\\View\\ViewException(code: 0): Missing required parameter for [Route: dashboard] [URI: {current_team}/dashboard] [Missing parameter: current_team]. (View: /Users/andrescruz/Herd/livewirestore/resources/views/welcome.blade.php) at /Users/andrescruz/Herd/livewirestore/vendor/laravel/framework/src/Illuminate/Routing/Exceptions/UrlGenerationException.php:35)
[stacktrace]
#0 /Users/andrescruz/Herd/livewirestore/vendor/livewire/livewire/src/Mechanisms/ExtendBlade/ExtendedCompilerEngine.php(58): Illuminate\\View\\Engines\\CompilerEngine->handleViewException(Object(Illuminate\\Routing\\Exceptions\\UrlGenerationException), 1)
#1 /Users/andrescruz/Herd/livewirestore/vendor/laravel/framework/src/Illuminate/View/Engines/PhpEngine.php(59): Livewire\\Mechanisms\\ExtendBlade\\ExtendedCompilerEngine->handleViewException(Object(Illuminate\\Routing\\Exceptions\\UrlGenerationException), 1)
#2 /Users/andrescruz/Herd/livewirestore/vendor/livewire/livewire/src/Mechanisms/ExtendBlade/ExtendedCompilerEngine.php(22): Illuminate\\View\\Engines\\PhpEngine->evaluatePath('/Users/andrescr...', Array)
#3 /Users/andrescruz/Herd/livewirestore/vendor/laravel/framework/src/Illuminate/View/Engines/CompilerEngine.php(76): Livewire\\Mechanisms\\ExtendBlade\\ExtendedCompilerEngine->evaluatePath('/Users/andrescr...', Array)
#4 /Users/andrescruz/Herd/livewirestore/vendor/livewire/livewire/src/Mechanisms/ExtendBlade/ExtendedCompilerEngine.php(10): Illuminate\\View\\Engines\\CompilerEngine->get('/Users/andrescr...', Array)
#5 /Users/andrescruz/Herd/livewirestore/vendor/laravel/framework/src/Illuminate/View/View.php(208): Livewire\\Mechanisms\\ExtendBlade\\ExtendedCompilerEngine->get('/Users/andrescr...', Array)
#6 /Users/andrescruz/Herd/livewirestore/vendor/laravel/framework/src/Illuminate/View/View.php(191): Illuminate\\View\\View->getContents()
#7 /Users/andrescruz/Herd/livewirestore/vendor/laravel/framework/src/Illuminate/View/View.php(160): Illuminate\\View\\View->renderContents()
#8 /Users/andrescruz/Herd/livewirestore/vendor/laravel/framework/src/Illuminate/Http/Response.php(78): Illuminate\\View\\View->render()
#9 /Users/andrescruz/Herd/livewirestore/vendor/laravel/framework/src/Illuminate/Http/Response.php(34): Illuminate\\Http\\Response->setContent(Object(Illuminate\\View\\View))
#10 /Users/andrescruz/Herd/livewirestore/vendor/laravel/framework/src/Illuminate/Routing/ResponseFactory.php(61): Illuminate\\Http\\Response->__construct(Object(Illuminate\\View\\View), 200, Array)
#11 /Users/andrescruz/Herd/livewirestore/vendor/laravel/framework/src/Illuminate/Routing/ResponseFactory.php(91): Illuminate\\Routing\\ResponseFactory->make(Object(Illuminate\\View\\View), 200, Array)
#12 /Users/andrescruz/Herd/livewirestore/vendor/laravel/framework/src/Illuminate/Routing/ViewController.php(40): Illuminate\\Routing\\ResponseFactory->view('welcome', Array, 200, Array)
#13 /Users/andrescruz/Herd/livewirestore/vendor/laravel/framework/src/Illuminate/Routing/ViewController.php(57): Illuminate\\Routing\\ViewController->__invoke(view: 'welcome', data: Array, status: 200, headers: Array)
#14 /Users/andrescruz/Herd/livewirestore/vendor/laravel/framework/src/Illuminate/Routing/ControllerDispatcher.php(43): Illuminate\\Routing\\ViewController->callAction('__invoke', Array)
#15 /Users/andrescruz/Herd/livewirestore/vendor/laravel/framework/src/Illuminate/Routing/Route.php(269): Illuminate\\Routing\\ControllerDispatcher->dispatch(Object(Illuminate\\Routing\\Route), Object(Illuminate\\Routing\\ViewController), '__invoke')
#16 /Users/andrescruz/Herd/livewirestore/vendor/laravel/framework/src/Illuminate/Routing/Route.php(215): Illuminate\\Routing\\Route->runController()
#17 /Users/andrescruz/Herd/livewirestore/vendor/laravel/framework/src/Illuminate/Routing/Router.php(822): Illuminate\\Routing\\Route->run()
#18 /Users/andrescruz/Herd/livewirestore/vendor/laravel/framework/src/Illuminate/Pipeline/Pipeline.php(180): Illuminate\\Routing\\Router->{closure:Illuminate\\Routing\\Router::runRouteWithinStack():821}(Object(Illuminate\\Http\\Request))
#19 /Users/andrescruz/Herd/livewirestore/app/Http/Middleware/SetTeamUrlDefaults.php(26): Illuminate\\Pipeline\\Pipeline->{closure:Illuminate\\Pipeline\\Pipeline::prepareDestination():178}(Object(Illuminate\\Http\\Request))
#20 /Users/andrescruz/Herd/livewirestore/vendor/laravel/framework/src/Illuminate/Pipeline/Pipeline.php(219): App\\Http\\Middleware\\SetTeamUrlDefaults->handle(Object(Illuminate\\Http\\Request), Object(Closure))
#21 /Users/andrescruz/Herd/livewirestore/vendor/laravel/framework/src/Illuminate/Routing/Middleware/SubstituteBindings.php(52): Illuminate\\Pipeline\\Pipeline->{closure:{closure:Illuminate\\Pipeline\\Pipeline::carry():194}:195}(Object(Illuminate\\Http\\Request))
#22 /Users/andrescruz/Herd/livewirestore/vendor/laravel/framework/src/Illuminate/Pipeline/Pipeline.php(219): Illuminate\\Routing\\Middleware\\SubstituteBindings->handle(Object(Illuminate\\Http\\Request), Object(Closure))
#23 /Users/andrescruz/Herd/livewirestore/vendor/laravel/framework/src/Illuminate/Foundation/Http/Middleware/PreventRequestForgery.php(104): Illuminate\\Pipeline\\Pipeline->{closure:{closure:Illuminate\\Pipeline\\Pipeline::carry():194}:195}(Object(Illuminate\\Http\\Request))
#24 /Users/andrescruz/Herd/livewirestore/vendor/laravel/framework/src/Illuminate/Pipeline/Pipeline.php(219): Illuminate\\Foundation\\Http\\Middleware\\PreventRequestForgery->handle(Object(Illuminate\\Http\\Request), Object(Closure))
#25 /Users/andrescruz/Herd/livewirestore/vendor/laravel/framework/src/Illuminate/View/Middleware/ShareErrorsFromSession.php(48): Illuminate\\Pipeline\\Pipeline->{closure:{closure:Illuminate\\Pipeline\\Pipeline::carry():194}:195}(Object(Illuminate\\Http\\Request))
#26 /Users/andrescruz/Herd/livewirestore/vendor/laravel/framework/src/Illuminate/Pipeline/Pipeline.php(219): Illuminate\\View\\Middleware\\ShareErrorsFromSession->handle(Object(Illuminate\\Http\\Request), Object(Closure))
#27 /Users/andrescruz/Herd/livewirestore/vendor/laravel/framework/src/Illuminate/Session/Middleware/StartSession.php(120): Illuminate\\Pipeline\\Pipeline->{closure:{closure:Illuminate\\Pipeline\\Pipeline::carry():194}:195}(Object(Illuminate\\Http\\Request))
#28 /Users/andrescruz/Herd/livewirestore/vendor/laravel/framework/src/Illuminate/Session/Middleware/StartSession.php(63): Illuminate\\Session\\Middleware\\StartSession->handleStatefulRequest(Object(Illuminate\\Http\\Request), Object(Illuminate\\Session\\Store), Object(Closure))
#29 /Users/andrescruz/Herd/livewirestore/vendor/laravel/framework/src/Illuminate/Pipeline/Pipeline.php(219): Illuminate\\Session\\Middleware\\StartSession->handle(Object(Illuminate\\Http\\Request), Object(Closure))
#30 /Users/andrescruz/Herd/livewirestore/vendor/laravel/framework/src/Illuminate/Cookie/Middleware/AddQueuedCookiesToResponse.php(36): Illuminate\\Pipeline\\Pipeline->{closure:{closure:Illuminate\\Pipeline\\Pipeline::carry():194}:195}(Object(Illuminate\\Http\\Request))
#31 /Users/andrescruz/Herd/livewirestore/vendor/laravel/framework/src/Illuminate/Pipeline/Pipeline.php(219): Illuminate\\Cookie\\Middleware\\AddQueuedCookiesToResponse->handle(Object(Illuminate\\Http\\Request), Object(Closure))
#32 /Users/andrescruz/Herd/livewirestore/vendor/laravel/framework/src/Illuminate/Cookie/Middleware/EncryptCookies.php(74): Illuminate\\Pipeline\\Pipeline->{closure:{closure:Illuminate\\Pipeline\\Pipeline::carry():194}:195}(Object(Illuminate\\Http\\Request))
#33 /Users/andrescruz/Herd/livewirestore/vendor/laravel/framework/src/Illuminate/Pipeline/Pipeline.php(219): Illuminate\\Cookie\\Middleware\\EncryptCookies->handle(Object(Illuminate\\Http\\Request), Object(Closure))
#34 /Users/andrescruz/Herd/livewirestore/vendor/laravel/framework/src/Illuminate/Pipeline/Pipeline.php(137): Illuminate\\Pipeline\\Pipeline->{closure:{closure:Illuminate\\Pipeline\\Pipeline::carry():194}:195}(Object(Illuminate\\Http\\Request))
#35 /Users/andrescruz/Herd/livewirestore/vendor/laravel/framework/src/Illuminate/Routing/Router.php(821): Illuminate\\Pipeline\\Pipeline->then(Object(Closure))
#36 /Users/andrescruz/Herd/livewirestore/vendor/laravel/framework/src/Illuminate/Routing/Router.php(800): Illuminate\\Routing\\Router->runRouteWithinStack(Object(Illuminate\\Routing\\Route), Object(Illuminate\\Http\\Request))
#37 /Users/andrescruz/Herd/livewirestore/vendor/laravel/framework/src/Illuminate/Routing/Router.php(764): Illuminate\\Routing\\Router->runRoute(Object(Illuminate\\Http\\Request), Object(Illuminate\\Routing\\Route))
#38 /Users/andrescruz/Herd/livewirestore/vendor/laravel/framework/src/Illuminate/Routing/Router.php(753): Illuminate\\Routing\\Router->dispatchToRoute(Object(Illuminate\\Http\\Request))
#39 /Users/andrescruz/Herd/livewirestore/vendor/laravel/framework/src/Illuminate/Foundation/Http/Kernel.php(200): Illuminate\\Routing\\Router->dispatch(Object(Illuminate\\Http\\Request))
#40 /Users/andrescruz/Herd/livewirestore/vendor/laravel/framework/src/Illuminate/Pipeline/Pipeline.php(180): Illuminate\\Foundation\\Http\\Kernel->{closure:Illuminate\\Foundation\\Http\\Kernel::dispatchToRouter():197}(Object(Illuminate\\Http\\Request))
#41 /Users/andrescruz/Herd/livewirestore/vendor/livewire/livewire/src/Features/SupportDisablingBackButtonCache/DisableBackButtonCacheMiddleware.php(19): Illuminate\\Pipeline\\Pipeline->{closure:Illuminate\\Pipeline\\Pipeline::prepareDestination():178}(Object(Illuminate\\Http\\Request))
#42 /Users/andrescruz/Herd/livewirestore/vendor/laravel/framework/src/Illuminate/Pipeline/Pipeline.php(219): Livewire\\Features\\SupportDisablingBackButtonCache\\DisableBackButtonCacheMiddleware->handle(Object(Illuminate\\Http\\Request), Object(Closure))
#43 /Users/andrescruz/Herd/livewirestore/vendor/laravel/framework/src/Illuminate/Foundation/Http/Middleware/TransformsRequest.php(21): Illuminate\\Pipeline\\Pipeline->{closure:{closure:Illuminate\\Pipeline\\Pipeline::carry():194}:195}(Object(Illuminate\\Http\\Request))
#44 /Users/andrescruz/Herd/livewirestore/vendor/laravel/framework/src/Illuminate/Foundation/Http/Middleware/ConvertEmptyStringsToNull.php(31): Illuminate\\Foundation\\Http\\Middleware\\TransformsRequest->handle(Object(Illuminate\\Http\\Request), Object(Closure))
#45 /Users/andrescruz/Herd/livewirestore/vendor/laravel/framework/src/Illuminate/Pipeline/Pipeline.php(219): Illuminate\\Foundation\\Http\\Middleware\\ConvertEmptyStringsToNull->handle(Object(Illuminate\\Http\\Request), Object(Closure))
#46 /Users/andrescruz/Herd/livewirestore/vendor/laravel/framework/src/Illuminate/Foundation/Http/Middleware/TransformsRequest.php(21): Illuminate\\Pipeline\\Pipeline->{closure:{closure:Illuminate\\Pipeline\\Pipeline::carry():194}:195}(Object(Illuminate\\Http\\Request))
#47 /Users/andrescruz/Herd/livewirestore/vendor/laravel/framework/src/Illuminate/Foundation/Http/Middleware/TrimStrings.php(51): Illuminate\\Foundation\\Http\\Middleware\\TransformsRequest->handle(Object(Illuminate\\Http\\Request), Object(Closure))
#48 /Users/andrescruz/Herd/livewirestore/vendor/laravel/framework/src/Illuminate/Pipeline/Pipeline.php(219): Illuminate\\Foundation\\Http\\Middleware\\TrimStrings->handle(Object(Illuminate\\Http\\Request), Object(Closure))
#49 /Users/andrescruz/Herd/livewirestore/vendor/laravel/framework/src/Illuminate/Http/Middleware/ValidatePostSize.php(27): Illuminate\\Pipeline\\Pipeline->{closure:{closure:Illuminate\\Pipeline\\Pipeline::carry():194}:195}(Object(Illuminate\\Http\\Request))
#50 /Users/andrescruz/Herd/livewirestore/vendor/laravel/framework/src/Illuminate/Pipeline/Pipeline.php(219): Illuminate\\Http\\Middleware\\ValidatePostSize->handle(Object(Illuminate\\Http\\Request), Object(Closure))
#51 /Users/andrescruz/Herd/livewirestore/vendor/laravel/framework/src/Illuminate/Foundation/Http/Middleware/PreventRequestsDuringMaintenance.php(109): Illuminate\\Pipeline\\Pipeline->{closure:{closure:Illuminate\\Pipeline\\Pipeline::carry():194}:195}(Object(Illuminate\\Http\\Request))
#52 /Users/andrescruz/Herd/livewirestore/vendor/laravel/framework/src/Illuminate/Pipeline/Pipeline.php(219): Illuminate\\Foundation\\Http\\Middleware\\PreventRequestsDuringMaintenance->handle(Object(Illuminate\\Http\\Request), Object(Closure))
#53 /Users/andrescruz/Herd/livewirestore/vendor/laravel/framework/src/Illuminate/Http/Middleware/HandleCors.php(61): Illuminate\\Pipeline\\Pipeline->{closure:{closure:Illuminate\\Pipeline\\Pipeline::carry():194}:195}(Object(Illuminate\\Http\\Request))
#54 /Users/andrescruz/Herd/livewirestore/vendor/laravel/framework/src/Illuminate/Pipeline/Pipeline.php(219): Illuminate\\Http\\Middleware\\HandleCors->handle(Object(Illuminate\\Http\\Request), Object(Closure))
#55 /Users/andrescruz/Herd/livewirestore/vendor/laravel/framework/src/Illuminate/Http/Middleware/TrustProxies.php(58): Illuminate\\Pipeline\\Pipeline->{closure:{closure:Illuminate\\Pipeline\\Pipeline::carry():194}:195}(Object(Illuminate\\Http\\Request))
#56 /Users/andrescruz/Herd/livewirestore/vendor/laravel/framework/src/Illuminate/Pipeline/Pipeline.php(219): Illuminate\\Http\\Middleware\\TrustProxies->handle(Object(Illuminate\\Http\\Request), Object(Closure))
#57 /Users/andrescruz/Herd/livewirestore/vendor/laravel/framework/src/Illuminate/Foundation/Http/Middleware/InvokeDeferredCallbacks.php(22): Illuminate\\Pipeline\\Pipeline->{closure:{closure:Illuminate\\Pipeline\\Pipeline::carry():194}:195}(Object(Illuminate\\Http\\Request))
#58 /Users/andrescruz/Herd/livewirestore/vendor/laravel/framework/src/Illuminate/Pipeline/Pipeline.php(219): Illuminate\\Foundation\\Http\\Middleware\\InvokeDeferredCallbacks->handle(Object(Illuminate\\Http\\Request), Object(Closure))
#59 /Users/andrescruz/Herd/livewirestore/vendor/laravel/framework/src/Illuminate/Http/Middleware/ValidatePathEncoding.php(28): Illuminate\\Pipeline\\Pipeline->{closure:{closure:Illuminate\\Pipeline\\Pipeline::carry():194}:195}(Object(Illuminate\\Http\\Request))
#60 /Users/andrescruz/Herd/livewirestore/vendor/laravel/framework/src/Illuminate/Pipeline/Pipeline.php(219): Illuminate\\Http\\Middleware\\ValidatePathEncoding->handle(Object(Illuminate\\Http\\Request), Object(Closure))
#61 /Users/andrescruz/Herd/livewirestore/vendor/laravel/framework/src/Illuminate/Pipeline/Pipeline.php(137): Illuminate\\Pipeline\\Pipeline->{closure:{closure:Illuminate\\Pipeline\\Pipeline::carry():194}:195}(Object(Illuminate\\Http\\Request))
#62 /Users/andrescruz/Herd/livewirestore/vendor/laravel/framework/src/Illuminate/Foundation/Http/Kernel.php(175): Illuminate\\Pipeline\\Pipeline->then(Object(Closure))
#63 /Users/andrescruz/Herd/livewirestore/vendor/laravel/framework/src/Illuminate/Foundation/Http/Kernel.php(144): Illuminate\\Foundation\\Http\\Kernel->sendRequestThroughRouter(Object(Illuminate\\Http\\Request))
#64 /Users/andrescruz/Herd/livewirestore/vendor/laravel/framework/src/Illuminate/Foundation/Application.php(1220): Illuminate\\Foundation\\Http\\Kernel->handle(Object(Illuminate\\Http\\Request))
#65 /Users/andrescruz/Herd/livewirestore/public/index.php(20): Illuminate\\Foundation\\Application->handleRequest(Object(Illuminate\\Http\\Request))
#66 /Applications/Herd.app/Contents/Resources/valet/server.php(167): require('/Users/andrescr...')
#67 {main}

[previous exception] [object] (Illuminate\\Routing\\Exceptions\\UrlGenerationException(code: 0): Missing required parameter for [Route: dashboard] [URI: {current_team}/dashboard] [Missing parameter: current_team]. at /Users/andrescruz/Herd/livewirestore/vendor/laravel/framework/src/Illuminate/Routing/Exceptions/UrlGenerationException.php:35)
[stacktrace]
#0 /Users/andrescruz/Herd/livewirestore/vendor/laravel/framework/src/Illuminate/Routing/RouteUrlGenerator.php(94): Illuminate\\Routing\\Exceptions\\UrlGenerationException::forMissingParameters(Object(Illuminate\\Routing\\Route), Array)
#1 /Users/andrescruz/Herd/livewirestore/vendor/laravel/framework/src/Illuminate/Routing/UrlGenerator.php(551): Illuminate\\Routing\\RouteUrlGenerator->to(Object(Illuminate\\Routing\\Route), Array, true)
#2 /Users/andrescruz/Herd/livewirestore/vendor/laravel/framework/src/Illuminate/Routing/UrlGenerator.php(528): Illuminate\\Routing\\UrlGenerator->toRoute(Object(Illuminate\\Routing\\Route), Array, true)
#3 /Users/andrescruz/Herd/livewirestore/vendor/laravel/framework/src/Illuminate/Foundation/helpers.php(870): Illuminate\\Routing\\UrlGenerator->route('dashboard', Array, true)
#4 /Users/andrescruz/Herd/livewirestore/storage/framework/views/acbccf6584549f71e09089802fb13526.php(35): route('dashboard')
#5 /Users/andrescruz/Herd/livewirestore/vendor/laravel/framework/src/Illuminate/Filesystem/Filesystem.php(123): require('/Users/andrescr...')
#6 /Users/andrescruz/Herd/livewirestore/vendor/laravel/framework/src/Illuminate/Filesystem/Filesystem.php(124): Illuminate\\Filesystem\\Filesystem::{closure:Illuminate\\Filesystem\\Filesystem::getRequire():120}()
#7 /Users/andrescruz/Herd/livewirestore/vendor/laravel/framework/src/Illuminate/View/Engines/PhpEngine.php(57): Illuminate\\Filesystem\\Filesystem->getRequire('/Users/andrescr...', Array)
#8 /Users/andrescruz/Herd/livewirestore/vendor/livewire/livewire/src/Mechanisms/ExtendBlade/ExtendedCompilerEngine.php(22): Illuminate\\View\\Engines\\PhpEngine->evaluatePath('/Users/andrescr...', Array)
#9 /Users/andrescruz/Herd/livewirestore/vendor/laravel/framework/src/Illuminate/View/Engines/CompilerEngine.php(76): Livewire\\Mechanisms\\ExtendBlade\\ExtendedCompilerEngine->evaluatePath('/Users/andrescr...', Array)
#10 /Users/andrescruz/Herd/livewirestore/vendor/livewire/livewire/src/Mechanisms/ExtendBlade/ExtendedCompilerEngine.php(10): Illuminate\\View\\Engines\\CompilerEngine->get('/Users/andrescr...', Array)
#11 /Users/andrescruz/Herd/livewirestore/vendor/laravel/framework/src/Illuminate/View/View.php(208): Livewire\\Mechanisms\\ExtendBlade\\ExtendedCompilerEngine->get('/Users/andrescr...', Array)
#12 /Users/andrescruz/Herd/livewirestore/vendor/laravel/framework/src/Illuminate/View/View.php(191): Illuminate\\View\\View->getContents()
#13 /Users/andrescruz/Herd/livewirestore/vendor/laravel/framework/src/Illuminate/View/View.php(160): Illuminate\\View\\View->renderContents()
#14 /Users/andrescruz/Herd/livewirestore/vendor/laravel/framework/src/Illuminate/Http/Response.php(78): Illuminate\\View\\View->render()
#15 /Users/andrescruz/Herd/livewirestore/vendor/laravel/framework/src/Illuminate/Http/Response.php(34): Illuminate\\Http\\Response->setContent(Object(Illuminate\\View\\View))
#16 /Users/andrescruz/Herd/livewirestore/vendor/laravel/framework/src/Illuminate/Routing/ResponseFactory.php(61): Illuminate\\Http\\Response->__construct(Object(Illuminate\\View\\View), 200, Array)
#17 /Users/andrescruz/Herd/livewirestore/vendor/laravel/framework/src/Illuminate/Routing/ResponseFactory.php(91): Illuminate\\Routing\\ResponseFactory->make(Object(Illuminate\\View\\View), 200, Array)
#18 /Users/andrescruz/Herd/livewirestore/vendor/laravel/framework/src/Illuminate/Routing/ViewController.php(40): Illuminate\\Routing\\ResponseFactory->view('welcome', Array, 200, Array)
#19 /Users/andrescruz/Herd/livewirestore/vendor/laravel/framework/src/Illuminate/Routing/ViewController.php(57): Illuminate\\Routing\\ViewController->__invoke(view: 'welcome', data: Array, status: 200, headers: Array)
#20 /Users/andrescruz/Herd/livewirestore/vendor/laravel/framework/src/Illuminate/Routing/ControllerDispatcher.php(43): Illuminate\\Routing\\ViewController->callAction('__invoke', Array)
#21 /Users/andrescruz/Herd/livewirestore/vendor/laravel/framework/src/Illuminate/Routing/Route.php(269): Illuminate\\Routing\\ControllerDispatcher->dispatch(Object(Illuminate\\Routing\\Route), Object(Illuminate\\Routing\\ViewController), '__invoke')
#22 /Users/andrescruz/Herd/livewirestore/vendor/laravel/framework/src/Illuminate/Routing/Route.php(215): Illuminate\\Routing\\Route->runController()
#23 /Users/andrescruz/Herd/livewirestore/vendor/laravel/framework/src/Illuminate/Routing/Router.php(822): Illuminate\\Routing\\Route->run()
#24 /Users/andrescruz/Herd/livewirestore/vendor/laravel/framework/src/Illuminate/Pipeline/Pipeline.php(180): Illuminate\\Routing\\Router->{closure:Illuminate\\Routing\\Router::runRouteWithinStack():821}(Object(Illuminate\\Http\\Request))
#25 /Users/andrescruz/Herd/livewirestore/app/Http/Middleware/SetTeamUrlDefaults.php(26): Illuminate\\Pipeline\\Pipeline->{closure:Illuminate\\Pipeline\\Pipeline::prepareDestination():178}(Object(Illuminate\\Http\\Request))
#26 /Users/andrescruz/Herd/livewirestore/vendor/laravel/framework/src/Illuminate/Pipeline/Pipeline.php(219): App\\Http\\Middleware\\SetTeamUrlDefaults->handle(Object(Illuminate\\Http\\Request), Object(Closure))
#27 /Users/andrescruz/Herd/livewirestore/vendor/laravel/framework/src/Illuminate/Routing/Middleware/SubstituteBindings.php(52): Illuminate\\Pipeline\\Pipeline->{closure:{closure:Illuminate\\Pipeline\\Pipeline::carry():194}:195}(Object(Illuminate\\Http\\Request))
#28 /Users/andrescruz/Herd/livewirestore/vendor/laravel/framework/src/Illuminate/Pipeline/Pipeline.php(219): Illuminate\\Routing\\Middleware\\SubstituteBindings->handle(Object(Illuminate\\Http\\Request), Object(Closure))
#29 /Users/andrescruz/Herd/livewirestore/vendor/laravel/framework/src/Illuminate/Foundation/Http/Middleware/PreventRequestForgery.php(104): Illuminate\\Pipeline\\Pipeline->{closure:{closure:Illuminate\\Pipeline\\Pipeline::carry():194}:195}(Object(Illuminate\\Http\\Request))
#30 /Users/andrescruz/Herd/livewirestore/vendor/laravel/framework/src/Illuminate/Pipeline/Pipeline.php(219): Illuminate\\Foundation\\Http\\Middleware\\PreventRequestForgery->handle(Object(Illuminate\\Http\\Request), Object(Closure))
#31 /Users/andrescruz/Herd/livewirestore/vendor/laravel/framework/src/Illuminate/View/Middleware/ShareErrorsFromSession.php(48): Illuminate\\Pipeline\\Pipeline->{closure:{closure:Illuminate\\Pipeline\\Pipeline::carry():194}:195}(Object(Illuminate\\Http\\Request))
#32 /Users/andrescruz/Herd/livewirestore/vendor/laravel/framework/src/Illuminate/Pipeline/Pipeline.php(219): Illuminate\\View\\Middleware\\ShareErrorsFromSession->handle(Object(Illuminate\\Http\\Request), Object(Closure))
#33 /Users/andrescruz/Herd/livewirestore/vendor/laravel/framework/src/Illuminate/Session/Middleware/StartSession.php(120): Illuminate\\Pipeline\\Pipeline->{closure:{closure:Illuminate\\Pipeline\\Pipeline::carry():194}:195}(Object(Illuminate\\Http\\Request))
#34 /Users/andrescruz/Herd/livewirestore/vendor/laravel/framework/src/Illuminate/Session/Middleware/StartSession.php(63): Illuminate\\Session\\Middleware\\StartSession->handleStatefulRequest(Object(Illuminate\\Http\\Request), Object(Illuminate\\Session\\Store), Object(Closure))
#35 /Users/andrescruz/Herd/livewirestore/vendor/laravel/framework/src/Illuminate/Pipeline/Pipeline.php(219): Illuminate\\Session\\Middleware\\StartSession->handle(Object(Illuminate\\Http\\Request), Object(Closure))
#36 /Users/andrescruz/Herd/livewirestore/vendor/laravel/framework/src/Illuminate/Cookie/Middleware/AddQueuedCookiesToResponse.php(36): Illuminate\\Pipeline\\Pipeline->{closure:{closure:Illuminate\\Pipeline\\Pipeline::carry():194}:195}(Object(Illuminate\\Http\\Request))
#37 /Users/andrescruz/Herd/livewirestore/vendor/laravel/framework/src/Illuminate/Pipeline/Pipeline.php(219): Illuminate\\Cookie\\Middleware\\AddQueuedCookiesToResponse->handle(Object(Illuminate\\Http\\Request), Object(Closure))
#38 /Users/andrescruz/Herd/livewirestore/vendor/laravel/framework/src/Illuminate/Cookie/Middleware/EncryptCookies.php(74): Illuminate\\Pipeline\\Pipeline->{closure:{closure:Illuminate\\Pipeline\\Pipeline::carry():194}:195}(Object(Illuminate\\Http\\Request))
#39 /Users/andrescruz/Herd/livewirestore/vendor/laravel/framework/src/Illuminate/Pipeline/Pipeline.php(219): Illuminate\\Cookie\\Middleware\\EncryptCookies->handle(Object(Illuminate\\Http\\Request), Object(Closure))
#40 /Users/andrescruz/Herd/livewirestore/vendor/laravel/framework/src/Illuminate/Pipeline/Pipeline.php(137): Illuminate\\Pipeline\\Pipeline->{closure:{closure:Illuminate\\Pipeline\\Pipeline::carry():194}:195}(Object(Illuminate\\Http\\Request))
#41 /Users/andrescruz/Herd/livewirestore/vendor/laravel/framework/src/Illuminate/Routing/Router.php(821): Illuminate\\Pipeline\\Pipeline->then(Object(Closure))
#42 /Users/andrescruz/Herd/livewirestore/vendor/laravel/framework/src/Illuminate/Routing/Router.php(800): Illuminate\\Routing\\Router->runRouteWithinStack(Object(Illuminate\\Routing\\Route), Object(Illuminate\\Http\\Request))
#43 /Users/andrescruz/Herd/livewirestore/vendor/laravel/framework/src/Illuminate/Routing/Router.php(764): Illuminate\\Routing\\Router->runRoute(Object(Illuminate\\Http\\Request), Object(Illuminate\\Routing\\Route))
#44 /Users/andrescruz/Herd/livewirestore/vendor/laravel/framework/src/Illuminate/Routing/Router.php(753): Illuminate\\Routing\\Router->dispatchToRoute(Object(Illuminate\\Http\\Request))
#45 /Users/andrescruz/Herd/livewirestore/vendor/laravel/framework/src/Illuminate/Foundation/Http/Kernel.php(200): Illuminate\\Routing\\Router->dispatch(Object(Illuminate\\Http\\Request))
#46 /Users/andrescruz/Herd/livewirestore/vendor/laravel/framework/src/Illuminate/Pipeline/Pipeline.php(180): Illuminate\\Foundation\\Http\\Kernel->{closure:Illuminate\\Foundation\\Http\\Kernel::dispatchToRouter():197}(Object(Illuminate\\Http\\Request))
#47 /Users/andrescruz/Herd/livewirestore/vendor/livewire/livewire/src/Features/SupportDisablingBackButtonCache/DisableBackButtonCacheMiddleware.php(19): Illuminate\\Pipeline\\Pipeline->{closure:Illuminate\\Pipeline\\Pipeline::prepareDestination():178}(Object(Illuminate\\Http\\Request))
#48 /Users/andrescruz/Herd/livewirestore/vendor/laravel/framework/src/Illuminate/Pipeline/Pipeline.php(219): Livewire\\Features\\SupportDisablingBackButtonCache\\DisableBackButtonCacheMiddleware->handle(Object(Illuminate\\Http\\Request), Object(Closure))
#49 /Users/andrescruz/Herd/livewirestore/vendor/laravel/framework/src/Illuminate/Foundation/Http/Middleware/TransformsRequest.php(21): Illuminate\\Pipeline\\Pipeline->{closure:{closure:Illuminate\\Pipeline\\Pipeline::carry():194}:195}(Object(Illuminate\\Http\\Request))
#50 /Users/andrescruz/Herd/livewirestore/vendor/laravel/framework/src/Illuminate/Foundation/Http/Middleware/ConvertEmptyStringsToNull.php(31): Illuminate\\Foundation\\Http\\Middleware\\TransformsRequest->handle(Object(Illuminate\\Http\\Request), Object(Closure))
#51 /Users/andrescruz/Herd/livewirestore/vendor/laravel/framework/src/Illuminate/Pipeline/Pipeline.php(219): Illuminate\\Foundation\\Http\\Middleware\\ConvertEmptyStringsToNull->handle(Object(Illuminate\\Http\\Request), Object(Closure))
#52 /Users/andrescruz/Herd/livewirestore/vendor/laravel/framework/src/Illuminate/Foundation/Http/Middleware/TransformsRequest.php(21): Illuminate\\Pipeline\\Pipeline->{closure:{closure:Illuminate\\Pipeline\\Pipeline::carry():194}:195}(Object(Illuminate\\Http\\Request))
#53 /Users/andrescruz/Herd/livewirestore/vendor/laravel/framework/src/Illuminate/Foundation/Http/Middleware/TrimStrings.php(51): Illuminate\\Foundation\\Http\\Middleware\\TransformsRequest->handle(Object(Illuminate\\Http\\Request), Object(Closure))
#54 /Users/andrescruz/Herd/livewirestore/vendor/laravel/framework/src/Illuminate/Pipeline/Pipeline.php(219): Illuminate\\Foundation\\Http\\Middleware\\TrimStrings->handle(Object(Illuminate\\Http\\Request), Object(Closure))
#55 /Users/andrescruz/Herd/livewirestore/vendor/laravel/framework/src/Illuminate/Http/Middleware/ValidatePostSize.php(27): Illuminate\\Pipeline\\Pipeline->{closure:{closure:Illuminate\\Pipeline\\Pipeline::carry():194}:195}(Object(Illuminate\\Http\\Request))
#56 /Users/andrescruz/Herd/livewirestore/vendor/laravel/framework/src/Illuminate/Pipeline/Pipeline.php(219): Illuminate\\Http\\Middleware\\ValidatePostSize->handle(Object(Illuminate\\Http\\Request), Object(Closure))
#57 /Users/andrescruz/Herd/livewirestore/vendor/laravel/framework/src/Illuminate/Foundation/Http/Middleware/PreventRequestsDuringMaintenance.php(109): Illuminate\\Pipeline\\Pipeline->{closure:{closure:Illuminate\\Pipeline\\Pipeline::carry():194}:195}(Object(Illuminate\\Http\\Request))
#58 /Users/andrescruz/Herd/livewirestore/vendor/laravel/framework/src/Illuminate/Pipeline/Pipeline.php(219): Illuminate\\Foundation\\Http\\Middleware\\PreventRequestsDuringMaintenance->handle(Object(Illuminate\\Http\\Request), Object(Closure))
#59 /Users/andrescruz/Herd/livewirestore/vendor/laravel/framework/src/Illuminate/Http/Middleware/HandleCors.php(61): Illuminate\\Pipeline\\Pipeline->{closure:{closure:Illuminate\\Pipeline\\Pipeline::carry():194}:195}(Object(Illuminate\\Http\\Request))
#60 /Users/andrescruz/Herd/livewirestore/vendor/laravel/framework/src/Illuminate/Pipeline/Pipeline.php(219): Illuminate\\Http\\Middleware\\HandleCors->handle(Object(Illuminate\\Http\\Request), Object(Closure))
#61 /Users/andrescruz/Herd/livewirestore/vendor/laravel/framework/src/Illuminate/Http/Middleware/TrustProxies.php(58): Illuminate\\Pipeline\\Pipeline->{closure:{closure:Illuminate\\Pipeline\\Pipeline::carry():194}:195}(Object(Illuminate\\Http\\Request))
#62 /Users/andrescruz/Herd/livewirestore/vendor/laravel/framework/src/Illuminate/Pipeline/Pipeline.php(219): Illuminate\\Http\\Middleware\\TrustProxies->handle(Object(Illuminate\\Http\\Request), Object(Closure))
#63 /Users/andrescruz/Herd/livewirestore/vendor/laravel/framework/src/Illuminate/Foundation/Http/Middleware/InvokeDeferredCallbacks.php(22): Illuminate\\Pipeline\\Pipeline->{closure:{closure:Illuminate\\Pipeline\\Pipeline::carry():194}:195}(Object(Illuminate\\Http\\Request))
#64 /Users/andrescruz/Herd/livewirestore/vendor/laravel/framework/src/Illuminate/Pipeline/Pipeline.php(219): Illuminate\\Foundation\\Http\\Middleware\\InvokeDeferredCallbacks->handle(Object(Illuminate\\Http\\Request), Object(Closure))
#65 /Users/andrescruz/Herd/livewirestore/vendor/laravel/framework/src/Illuminate/Http/Middleware/ValidatePathEncoding.php(28): Illuminate\\Pipeline\\Pipeline->{closure:{closure:Illuminate\\Pipeline\\Pipeline::carry():194}:195}(Object(Illuminate\\Http\\Request))
#66 /Users/andrescruz/Herd/livewirestore/vendor/laravel/framework/src/Illuminate/Pipeline/Pipeline.php(219): Illuminate\\Http\\Middleware\\ValidatePathEncoding->handle(Object(Illuminate\\Http\\Request), Object(Closure))
#67 /Users/andrescruz/Herd/livewirestore/vendor/laravel/framework/src/Illuminate/Pipeline/Pipeline.php(137): Illuminate\\Pipeline\\Pipeline->{closure:{closure:Illuminate\\Pipeline\\Pipeline::carry():194}:195}(Object(Illuminate\\Http\\Request))
#68 /Users/andrescruz/Herd/livewirestore/vendor/laravel/framework/src/Illuminate/Foundation/Http/Kernel.php(175): Illuminate\\Pipeline\\Pipeline->then(Object(Closure))
#69 /Users/andrescruz/Herd/livewirestore/vendor/laravel/framework/src/Illuminate/Foundation/Http/Kernel.php(144): Illuminate\\Foundation\\Http\\Kernel->sendRequestThroughRouter(Object(Illuminate\\Http\\Request))
#70 /Users/andrescruz/Herd/livewirestore/vendor/laravel/framework/src/Illuminate/Foundation/Application.php(1220): Illuminate\\Foundation\\Http\\Kernel->handle(Object(Illuminate\\Http\\Request))
#71 /Users/andrescruz/Herd/livewirestore/public/index.php(20): Illuminate\\Foundation\\Application->handleRequest(Object(Illuminate\\Http\\Request))
#72 /Applications/Herd.app/Contents/Resources/valet/server.php(167): require('/Users/andrescr...')
#73 {main}
"} 
[2026-06-01 18:27:36] local.ERROR: Missing required parameter for [Route: dashboard] [URI: {current_team}/dashboard] [Missing parameter: current_team]. (View: /Users/andrescruz/Herd/livewirestore/resources/views/welcome.blade.php) {"exception":"[object] (Illuminate\\View\\ViewException(code: 0): Missing required parameter for [Route: dashboard] [URI: {current_team}/dashboard] [Missing parameter: current_team]. (View: /Users/andrescruz/Herd/livewirestore/resources/views/welcome.blade.php) at /Users/andrescruz/Herd/livewirestore/vendor/laravel/framework/src/Illuminate/Routing/Exceptions/UrlGenerationException.php:35)
[stacktrace]
#0 /Users/andrescruz/Herd/livewirestore/vendor/livewire/livewire/src/Mechanisms/ExtendBlade/ExtendedCompilerEngine.php(58): Illuminate\\View\\Engines\\CompilerEngine->handleViewException(Object(Illuminate\\Routing\\Exceptions\\UrlGenerationException), 1)
#1 /Users/andrescruz/Herd/livewirestore/vendor/laravel/framework/src/Illuminate/View/Engines/PhpEngine.php(59): Livewire\\Mechanisms\\ExtendBlade\\ExtendedCompilerEngine->handleViewException(Object(Illuminate\\Routing\\Exceptions\\UrlGenerationException), 1)
#2 /Users/andrescruz/Herd/livewirestore/vendor/livewire/livewire/src/Mechanisms/ExtendBlade/ExtendedCompilerEngine.php(22): Illuminate\\View\\Engines\\PhpEngine->evaluatePath('/Users/andrescr...', Array)
#3 /Users/andrescruz/Herd/livewirestore/vendor/laravel/framework/src/Illuminate/View/Engines/CompilerEngine.php(76): Livewire\\Mechanisms\\ExtendBlade\\ExtendedCompilerEngine->evaluatePath('/Users/andrescr...', Array)
#4 /Users/andrescruz/Herd/livewirestore/vendor/livewire/livewire/src/Mechanisms/ExtendBlade/ExtendedCompilerEngine.php(10): Illuminate\\View\\Engines\\CompilerEngine->get('/Users/andrescr...', Array)
#5 /Users/andrescruz/Herd/livewirestore/vendor/laravel/framework/src/Illuminate/View/View.php(208): Livewire\\Mechanisms\\ExtendBlade\\ExtendedCompilerEngine->get('/Users/andrescr...', Array)
#6 /Users/andrescruz/Herd/livewirestore/vendor/laravel/framework/src/Illuminate/View/View.php(191): Illuminate\\View\\View->getContents()
#7 /Users/andrescruz/Herd/livewirestore/vendor/laravel/framework/src/Illuminate/View/View.php(160): Illuminate\\View\\View->renderContents()
#8 /Users/andrescruz/Herd/livewirestore/vendor/laravel/framework/src/Illuminate/Http/Response.php(78): Illuminate\\View\\View->render()
#9 /Users/andrescruz/Herd/livewirestore/vendor/laravel/framework/src/Illuminate/Http/Response.php(34): Illuminate\\Http\\Response->setContent(Object(Illuminate\\View\\View))
#10 /Users/andrescruz/Herd/livewirestore/vendor/laravel/framework/src/Illuminate/Routing/ResponseFactory.php(61): Illuminate\\Http\\Response->__construct(Object(Illuminate\\View\\View), 200, Array)
#11 /Users/andrescruz/Herd/livewirestore/vendor/laravel/framework/src/Illuminate/Routing/ResponseFactory.php(91): Illuminate\\Routing\\ResponseFactory->make(Object(Illuminate\\View\\View), 200, Array)
#12 /Users/andrescruz/Herd/livewirestore/vendor/laravel/framework/src/Illuminate/Routing/ViewController.php(40): Illuminate\\Routing\\ResponseFactory->view('welcome', Array, 200, Array)
#13 /Users/andrescruz/Herd/livewirestore/vendor/laravel/framework/src/Illuminate/Routing/ViewController.php(57): Illuminate\\Routing\\ViewController->__invoke(view: 'welcome', data: Array, status: 200, headers: Array)
#14 /Users/andrescruz/Herd/livewirestore/vendor/laravel/framework/src/Illuminate/Routing/ControllerDispatcher.php(43): Illuminate\\Routing\\ViewController->callAction('__invoke', Array)
#15 /Users/andrescruz/Herd/livewirestore/vendor/laravel/framework/src/Illuminate/Routing/Route.php(269): Illuminate\\Routing\\ControllerDispatcher->dispatch(Object(Illuminate\\Routing\\Route), Object(Illuminate\\Routing\\ViewController), '__invoke')
#16 /Users/andrescruz/Herd/livewirestore/vendor/laravel/framework/src/Illuminate/Routing/Route.php(215): Illuminate\\Routing\\Route->runController()
#17 /Users/andrescruz/Herd/livewirestore/vendor/laravel/framework/src/Illuminate/Routing/Router.php(822): Illuminate\\Routing\\Route->run()
#18 /Users/andrescruz/Herd/livewirestore/vendor/laravel/framework/src/Illuminate/Pipeline/Pipeline.php(180): Illuminate\\Routing\\Router->{closure:Illuminate\\Routing\\Router::runRouteWithinStack():821}(Object(Illuminate\\Http\\Request))
#19 /Users/andrescruz/Herd/livewirestore/app/Http/Middleware/SetTeamUrlDefaults.php(26): Illuminate\\Pipeline\\Pipeline->{closure:Illuminate\\Pipeline\\Pipeline::prepareDestination():178}(Object(Illuminate\\Http\\Request))
#20 /Users/andrescruz/Herd/livewirestore/vendor/laravel/framework/src/Illuminate/Pipeline/Pipeline.php(219): App\\Http\\Middleware\\SetTeamUrlDefaults->handle(Object(Illuminate\\Http\\Request), Object(Closure))
#21 /Users/andrescruz/Herd/livewirestore/vendor/laravel/framework/src/Illuminate/Routing/Middleware/SubstituteBindings.php(52): Illuminate\\Pipeline\\Pipeline->{closure:{closure:Illuminate\\Pipeline\\Pipeline::carry():194}:195}(Object(Illuminate\\Http\\Request))
#22 /Users/andrescruz/Herd/livewirestore/vendor/laravel/framework/src/Illuminate/Pipeline/Pipeline.php(219): Illuminate\\Routing\\Middleware\\SubstituteBindings->handle(Object(Illuminate\\Http\\Request), Object(Closure))
#23 /Users/andrescruz/Herd/livewirestore/vendor/laravel/framework/src/Illuminate/Foundation/Http/Middleware/PreventRequestForgery.php(104): Illuminate\\Pipeline\\Pipeline->{closure:{closure:Illuminate\\Pipeline\\Pipeline::carry():194}:195}(Object(Illuminate\\Http\\Request))
#24 /Users/andrescruz/Herd/livewirestore/vendor/laravel/framework/src/Illuminate/Pipeline/Pipeline.php(219): Illuminate\\Foundation\\Http\\Middleware\\PreventRequestForgery->handle(Object(Illuminate\\Http\\Request), Object(Closure))
#25 /Users/andrescruz/Herd/livewirestore/vendor/laravel/framework/src/Illuminate/View/Middleware/ShareErrorsFromSession.php(48): Illuminate\\Pipeline\\Pipeline->{closure:{closure:Illuminate\\Pipeline\\Pipeline::carry():194}:195}(Object(Illuminate\\Http\\Request))
#26 /Users/andrescruz/Herd/livewirestore/vendor/laravel/framework/src/Illuminate/Pipeline/Pipeline.php(219): Illuminate\\View\\Middleware\\ShareErrorsFromSession->handle(Object(Illuminate\\Http\\Request), Object(Closure))
#27 /Users/andrescruz/Herd/livewirestore/vendor/laravel/framework/src/Illuminate/Session/Middleware/StartSession.php(120): Illuminate\\Pipeline\\Pipeline->{closure:{closure:Illuminate\\Pipeline\\Pipeline::carry():194}:195}(Object(Illuminate\\Http\\Request))
#28 /Users/andrescruz/Herd/livewirestore/vendor/laravel/framework/src/Illuminate/Session/Middleware/StartSession.php(63): Illuminate\\Session\\Middleware\\StartSession->handleStatefulRequest(Object(Illuminate\\Http\\Request), Object(Illuminate\\Session\\Store), Object(Closure))
#29 /Users/andrescruz/Herd/livewirestore/vendor/laravel/framework/src/Illuminate/Pipeline/Pipeline.php(219): Illuminate\\Session\\Middleware\\StartSession->handle(Object(Illuminate\\Http\\Request), Object(Closure))
#30 /Users/andrescruz/Herd/livewirestore/vendor/laravel/framework/src/Illuminate/Cookie/Middleware/AddQueuedCookiesToResponse.php(36): Illuminate\\Pipeline\\Pipeline->{closure:{closure:Illuminate\\Pipeline\\Pipeline::carry():194}:195}(Object(Illuminate\\Http\\Request))
#31 /Users/andrescruz/Herd/livewirestore/vendor/laravel/framework/src/Illuminate/Pipeline/Pipeline.php(219): Illuminate\\Cookie\\Middleware\\AddQueuedCookiesToResponse->handle(Object(Illuminate\\Http\\Request), Object(Closure))
#32 /Users/andrescruz/Herd/livewirestore/vendor/laravel/framework/src/Illuminate/Cookie/Middleware/EncryptCookies.php(74): Illuminate\\Pipeline\\Pipeline->{closure:{closure:Illuminate\\Pipeline\\Pipeline::carry():194}:195}(Object(Illuminate\\Http\\Request))
#33 /Users/andrescruz/Herd/livewirestore/vendor/laravel/framework/src/Illuminate/Pipeline/Pipeline.php(219): Illuminate\\Cookie\\Middleware\\EncryptCookies->handle(Object(Illuminate\\Http\\Request), Object(Closure))
#34 /Users/andrescruz/Herd/livewirestore/vendor/laravel/framework/src/Illuminate/Pipeline/Pipeline.php(137): Illuminate\\Pipeline\\Pipeline->{closure:{closure:Illuminate\\Pipeline\\Pipeline::carry():194}:195}(Object(Illuminate\\Http\\Request))
#35 /Users/andrescruz/Herd/livewirestore/vendor/laravel/framework/src/Illuminate/Routing/Router.php(821): Illuminate\\Pipeline\\Pipeline->then(Object(Closure))
#36 /Users/andrescruz/Herd/livewirestore/vendor/laravel/framework/src/Illuminate/Routing/Router.php(800): Illuminate\\Routing\\Router->runRouteWithinStack(Object(Illuminate\\Routing\\Route), Object(Illuminate\\Http\\Request))
#37 /Users/andrescruz/Herd/livewirestore/vendor/laravel/framework/src/Illuminate/Routing/Router.php(764): Illuminate\\Routing\\Router->runRoute(Object(Illuminate\\Http\\Request), Object(Illuminate\\Routing\\Route))
#38 /Users/andrescruz/Herd/livewirestore/vendor/laravel/framework/src/Illuminate/Routing/Router.php(753): Illuminate\\Routing\\Router->dispatchToRoute(Object(Illuminate\\Http\\Request))
#39 /Users/andrescruz/Herd/livewirestore/vendor/laravel/framework/src/Illuminate/Foundation/Http/Kernel.php(200): Illuminate\\Routing\\Router->dispatch(Object(Illuminate\\Http\\Request))
#40 /Users/andrescruz/Herd/livewirestore/vendor/laravel/framework/src/Illuminate/Pipeline/Pipeline.php(180): Illuminate\\Foundation\\Http\\Kernel->{closure:Illuminate\\Foundation\\Http\\Kernel::dispatchToRouter():197}(Object(Illuminate\\Http\\Request))
#41 /Users/andrescruz/Herd/livewirestore/vendor/livewire/livewire/src/Features/SupportDisablingBackButtonCache/DisableBackButtonCacheMiddleware.php(19): Illuminate\\Pipeline\\Pipeline->{closure:Illuminate\\Pipeline\\Pipeline::prepareDestination():178}(Object(Illuminate\\Http\\Request))
#42 /Users/andrescruz/Herd/livewirestore/vendor/laravel/framework/src/Illuminate/Pipeline/Pipeline.php(219): Livewire\\Features\\SupportDisablingBackButtonCache\\DisableBackButtonCacheMiddleware->handle(Object(Illuminate\\Http\\Request), Object(Closure))
#43 /Users/andrescruz/Herd/livewirestore/vendor/laravel/framework/src/Illuminate/Foundation/Http/Middleware/TransformsRequest.php(21): Illuminate\\Pipeline\\Pipeline->{closure:{closure:Illuminate\\Pipeline\\Pipeline::carry():194}:195}(Object(Illuminate\\Http\\Request))
#44 /Users/andrescruz/Herd/livewirestore/vendor/laravel/framework/src/Illuminate/Foundation/Http/Middleware/ConvertEmptyStringsToNull.php(31): Illuminate\\Foundation\\Http\\Middleware\\TransformsRequest->handle(Object(Illuminate\\Http\\Request), Object(Closure))
#45 /Users/andrescruz/Herd/livewirestore/vendor/laravel/framework/src/Illuminate/Pipeline/Pipeline.php(219): Illuminate\\Foundation\\Http\\Middleware\\ConvertEmptyStringsToNull->handle(Object(Illuminate\\Http\\Request), Object(Closure))
#46 /Users/andrescruz/Herd/livewirestore/vendor/laravel/framework/src/Illuminate/Foundation/Http/Middleware/TransformsRequest.php(21): Illuminate\\Pipeline\\Pipeline->{closure:{closure:Illuminate\\Pipeline\\Pipeline::carry():194}:195}(Object(Illuminate\\Http\\Request))
#47 /Users/andrescruz/Herd/livewirestore/vendor/laravel/framework/src/Illuminate/Foundation/Http/Middleware/TrimStrings.php(51): Illuminate\\Foundation\\Http\\Middleware\\TransformsRequest->handle(Object(Illuminate\\Http\\Request), Object(Closure))
#48 /Users/andrescruz/Herd/livewirestore/vendor/laravel/framework/src/Illuminate/Pipeline/Pipeline.php(219): Illuminate\\Foundation\\Http\\Middleware\\TrimStrings->handle(Object(Illuminate\\Http\\Request), Object(Closure))
#49 /Users/andrescruz/Herd/livewirestore/vendor/laravel/framework/src/Illuminate/Http/Middleware/ValidatePostSize.php(27): Illuminate\\Pipeline\\Pipeline->{closure:{closure:Illuminate\\Pipeline\\Pipeline::carry():194}:195}(Object(Illuminate\\Http\\Request))
#50 /Users/andrescruz/Herd/livewirestore/vendor/laravel/framework/src/Illuminate/Pipeline/Pipeline.php(219): Illuminate\\Http\\Middleware\\ValidatePostSize->handle(Object(Illuminate\\Http\\Request), Object(Closure))
#51 /Users/andrescruz/Herd/livewirestore/vendor/laravel/framework/src/Illuminate/Foundation/Http/Middleware/PreventRequestsDuringMaintenance.php(109): Illuminate\\Pipeline\\Pipeline->{closure:{closure:Illuminate\\Pipeline\\Pipeline::carry():194}:195}(Object(Illuminate\\Http\\Request))
#52 /Users/andrescruz/Herd/livewirestore/vendor/laravel/framework/src/Illuminate/Pipeline/Pipeline.php(219): Illuminate\\Foundation\\Http\\Middleware\\PreventRequestsDuringMaintenance->handle(Object(Illuminate\\Http\\Request), Object(Closure))
#53 /Users/andrescruz/Herd/livewirestore/vendor/laravel/framework/src/Illuminate/Http/Middleware/HandleCors.php(61): Illuminate\\Pipeline\\Pipeline->{closure:{closure:Illuminate\\Pipeline\\Pipeline::carry():194}:195}(Object(Illuminate\\Http\\Request))
#54 /Users/andrescruz/Herd/livewirestore/vendor/laravel/framework/src/Illuminate/Pipeline/Pipeline.php(219): Illuminate\\Http\\Middleware\\HandleCors->handle(Object(Illuminate\\Http\\Request), Object(Closure))
#55 /Users/andrescruz/Herd/livewirestore/vendor/laravel/framework/src/Illuminate/Http/Middleware/TrustProxies.php(58): Illuminate\\Pipeline\\Pipeline->{closure:{closure:Illuminate\\Pipeline\\Pipeline::carry():194}:195}(Object(Illuminate\\Http\\Request))
#56 /Users/andrescruz/Herd/livewirestore/vendor/laravel/framework/src/Illuminate/Pipeline/Pipeline.php(219): Illuminate\\Http\\Middleware\\TrustProxies->handle(Object(Illuminate\\Http\\Request), Object(Closure))
#57 /Users/andrescruz/Herd/livewirestore/vendor/laravel/framework/src/Illuminate/Foundation/Http/Middleware/InvokeDeferredCallbacks.php(22): Illuminate\\Pipeline\\Pipeline->{closure:{closure:Illuminate\\Pipeline\\Pipeline::carry():194}:195}(Object(Illuminate\\Http\\Request))
#58 /Users/andrescruz/Herd/livewirestore/vendor/laravel/framework/src/Illuminate/Pipeline/Pipeline.php(219): Illuminate\\Foundation\\Http\\Middleware\\InvokeDeferredCallbacks->handle(Object(Illuminate\\Http\\Request), Object(Closure))
#59 /Users/andrescruz/Herd/livewirestore/vendor/laravel/framework/src/Illuminate/Http/Middleware/ValidatePathEncoding.php(28): Illuminate\\Pipeline\\Pipeline->{closure:{closure:Illuminate\\Pipeline\\Pipeline::carry():194}:195}(Object(Illuminate\\Http\\Request))
#60 /Users/andrescruz/Herd/livewirestore/vendor/laravel/framework/src/Illuminate/Pipeline/Pipeline.php(219): Illuminate\\Http\\Middleware\\ValidatePathEncoding->handle(Object(Illuminate\\Http\\Request), Object(Closure))
#61 /Users/andrescruz/Herd/livewirestore/vendor/laravel/framework/src/Illuminate/Pipeline/Pipeline.php(137): Illuminate\\Pipeline\\Pipeline->{closure:{closure:Illuminate\\Pipeline\\Pipeline::carry():194}:195}(Object(Illuminate\\Http\\Request))
#62 /Users/andrescruz/Herd/livewirestore/vendor/laravel/framework/src/Illuminate/Foundation/Http/Kernel.php(175): Illuminate\\Pipeline\\Pipeline->then(Object(Closure))
#63 /Users/andrescruz/Herd/livewirestore/vendor/laravel/framework/src/Illuminate/Foundation/Http/Kernel.php(144): Illuminate\\Foundation\\Http\\Kernel->sendRequestThroughRouter(Object(Illuminate\\Http\\Request))
#64 /Users/andrescruz/Herd/livewirestore/vendor/laravel/framework/src/Illuminate/Foundation/Application.php(1220): Illuminate\\Foundation\\Http\\Kernel->handle(Object(Illuminate\\Http\\Request))
#65 /Users/andrescruz/Herd/livewirestore/public/index.php(20): Illuminate\\Foundation\\Application->handleRequest(Object(Illuminate\\Http\\Request))
#66 /Applications/Herd.app/Contents/Resources/valet/server.php(167): require('/Users/andrescr...')
#67 {main}

[previous exception] [object] (Illuminate\\Routing\\Exceptions\\UrlGenerationException(code: 0): Missing required parameter for [Route: dashboard] [URI: {current_team}/dashboard] [Missing parameter: current_team]. at /Users/andrescruz/Herd/livewirestore/vendor/laravel/framework/src/Illuminate/Routing/Exceptions/UrlGenerationException.php:35)
[stacktrace]
#0 /Users/andrescruz/Herd/livewirestore/vendor/laravel/framework/src/Illuminate/Routing/RouteUrlGenerator.php(94): Illuminate\\Routing\\Exceptions\\UrlGenerationException::forMissingParameters(Object(Illuminate\\Routing\\Route), Array)
#1 /Users/andrescruz/Herd/livewirestore/vendor/laravel/framework/src/Illuminate/Routing/UrlGenerator.php(551): Illuminate\\Routing\\RouteUrlGenerator->to(Object(Illuminate\\Routing\\Route), Array, true)
#2 /Users/andrescruz/Herd/livewirestore/vendor/laravel/framework/src/Illuminate/Routing/UrlGenerator.php(528): Illuminate\\Routing\\UrlGenerator->toRoute(Object(Illuminate\\Routing\\Route), Array, true)
#3 /Users/andrescruz/Herd/livewirestore/vendor/laravel/framework/src/Illuminate/Foundation/helpers.php(870): Illuminate\\Routing\\UrlGenerator->route('dashboard', Array, true)
#4 /Users/andrescruz/Herd/livewirestore/storage/framework/views/acbccf6584549f71e09089802fb13526.php(35): route('dashboard')
#5 /Users/andrescruz/Herd/livewirestore/vendor/laravel/framework/src/Illuminate/Filesystem/Filesystem.php(123): require('/Users/andrescr...')
#6 /Users/andrescruz/Herd/livewirestore/vendor/laravel/framework/src/Illuminate/Filesystem/Filesystem.php(124): Illuminate\\Filesystem\\Filesystem::{closure:Illuminate\\Filesystem\\Filesystem::getRequire():120}()
#7 /Users/andrescruz/Herd/livewirestore/vendor/laravel/framework/src/Illuminate/View/Engines/PhpEngine.php(57): Illuminate\\Filesystem\\Filesystem->getRequire('/Users/andrescr...', Array)
#8 /Users/andrescruz/Herd/livewirestore/vendor/livewire/livewire/src/Mechanisms/ExtendBlade/ExtendedCompilerEngine.php(22): Illuminate\\View\\Engines\\PhpEngine->evaluatePath('/Users/andrescr...', Array)
#9 /Users/andrescruz/Herd/livewirestore/vendor/laravel/framework/src/Illuminate/View/Engines/CompilerEngine.php(76): Livewire\\Mechanisms\\ExtendBlade\\ExtendedCompilerEngine->evaluatePath('/Users/andrescr...', Array)
#10 /Users/andrescruz/Herd/livewirestore/vendor/livewire/livewire/src/Mechanisms/ExtendBlade/ExtendedCompilerEngine.php(10): Illuminate\\View\\Engines\\CompilerEngine->get('/Users/andrescr...', Array)
#11 /Users/andrescruz/Herd/livewirestore/vendor/laravel/framework/src/Illuminate/View/View.php(208): Livewire\\Mechanisms\\ExtendBlade\\ExtendedCompilerEngine->get('/Users/andrescr...', Array)
#12 /Users/andrescruz/Herd/livewirestore/vendor/laravel/framework/src/Illuminate/View/View.php(191): Illuminate\\View\\View->getContents()
#13 /Users/andrescruz/Herd/livewirestore/vendor/laravel/framework/src/Illuminate/View/View.php(160): Illuminate\\View\\View->renderContents()
#14 /Users/andrescruz/Herd/livewirestore/vendor/laravel/framework/src/Illuminate/Http/Response.php(78): Illuminate\\View\\View->render()
#15 /Users/andrescruz/Herd/livewirestore/vendor/laravel/framework/src/Illuminate/Http/Response.php(34): Illuminate\\Http\\Response->setContent(Object(Illuminate\\View\\View))
#16 /Users/andrescruz/Herd/livewirestore/vendor/laravel/framework/src/Illuminate/Routing/ResponseFactory.php(61): Illuminate\\Http\\Response->__construct(Object(Illuminate\\View\\View), 200, Array)
#17 /Users/andrescruz/Herd/livewirestore/vendor/laravel/framework/src/Illuminate/Routing/ResponseFactory.php(91): Illuminate\\Routing\\ResponseFactory->make(Object(Illuminate\\View\\View), 200, Array)
#18 /Users/andrescruz/Herd/livewirestore/vendor/laravel/framework/src/Illuminate/Routing/ViewController.php(40): Illuminate\\Routing\\ResponseFactory->view('welcome', Array, 200, Array)
#19 /Users/andrescruz/Herd/livewirestore/vendor/laravel/framework/src/Illuminate/Routing/ViewController.php(57): Illuminate\\Routing\\ViewController->__invoke(view: 'welcome', data: Array, status: 200, headers: Array)
#20 /Users/andrescruz/Herd/livewirestore/vendor/laravel/framework/src/Illuminate/Routing/ControllerDispatcher.php(43): Illuminate\\Routing\\ViewController->callAction('__invoke', Array)
#21 /Users/andrescruz/Herd/livewirestore/vendor/laravel/framework/src/Illuminate/Routing/Route.php(269): Illuminate\\Routing\\ControllerDispatcher->dispatch(Object(Illuminate\\Routing\\Route), Object(Illuminate\\Routing\\ViewController), '__invoke')
#22 /Users/andrescruz/Herd/livewirestore/vendor/laravel/framework/src/Illuminate/Routing/Route.php(215): Illuminate\\Routing\\Route->runController()
#23 /Users/andrescruz/Herd/livewirestore/vendor/laravel/framework/src/Illuminate/Routing/Router.php(822): Illuminate\\Routing\\Route->run()
#24 /Users/andrescruz/Herd/livewirestore/vendor/laravel/framework/src/Illuminate/Pipeline/Pipeline.php(180): Illuminate\\Routing\\Router->{closure:Illuminate\\Routing\\Router::runRouteWithinStack():821}(Object(Illuminate\\Http\\Request))
#25 /Users/andrescruz/Herd/livewirestore/app/Http/Middleware/SetTeamUrlDefaults.php(26): Illuminate\\Pipeline\\Pipeline->{closure:Illuminate\\Pipeline\\Pipeline::prepareDestination():178}(Object(Illuminate\\Http\\Request))
#26 /Users/andrescruz/Herd/livewirestore/vendor/laravel/framework/src/Illuminate/Pipeline/Pipeline.php(219): App\\Http\\Middleware\\SetTeamUrlDefaults->handle(Object(Illuminate\\Http\\Request), Object(Closure))
#27 /Users/andrescruz/Herd/livewirestore/vendor/laravel/framework/src/Illuminate/Routing/Middleware/SubstituteBindings.php(52): Illuminate\\Pipeline\\Pipeline->{closure:{closure:Illuminate\\Pipeline\\Pipeline::carry():194}:195}(Object(Illuminate\\Http\\Request))
#28 /Users/andrescruz/Herd/livewirestore/vendor/laravel/framework/src/Illuminate/Pipeline/Pipeline.php(219): Illuminate\\Routing\\Middleware\\SubstituteBindings->handle(Object(Illuminate\\Http\\Request), Object(Closure))
#29 /Users/andrescruz/Herd/livewirestore/vendor/laravel/framework/src/Illuminate/Foundation/Http/Middleware/PreventRequestForgery.php(104): Illuminate\\Pipeline\\Pipeline->{closure:{closure:Illuminate\\Pipeline\\Pipeline::carry():194}:195}(Object(Illuminate\\Http\\Request))
#30 /Users/andrescruz/Herd/livewirestore/vendor/laravel/framework/src/Illuminate/Pipeline/Pipeline.php(219): Illuminate\\Foundation\\Http\\Middleware\\PreventRequestForgery->handle(Object(Illuminate\\Http\\Request), Object(Closure))
#31 /Users/andrescruz/Herd/livewirestore/vendor/laravel/framework/src/Illuminate/View/Middleware/ShareErrorsFromSession.php(48): Illuminate\\Pipeline\\Pipeline->{closure:{closure:Illuminate\\Pipeline\\Pipeline::carry():194}:195}(Object(Illuminate\\Http\\Request))
#32 /Users/andrescruz/Herd/livewirestore/vendor/laravel/framework/src/Illuminate/Pipeline/Pipeline.php(219): Illuminate\\View\\Middleware\\ShareErrorsFromSession->handle(Object(Illuminate\\Http\\Request), Object(Closure))
#33 /Users/andrescruz/Herd/livewirestore/vendor/laravel/framework/src/Illuminate/Session/Middleware/StartSession.php(120): Illuminate\\Pipeline\\Pipeline->{closure:{closure:Illuminate\\Pipeline\\Pipeline::carry():194}:195}(Object(Illuminate\\Http\\Request))
#34 /Users/andrescruz/Herd/livewirestore/vendor/laravel/framework/src/Illuminate/Session/Middleware/StartSession.php(63): Illuminate\\Session\\Middleware\\StartSession->handleStatefulRequest(Object(Illuminate\\Http\\Request), Object(Illuminate\\Session\\Store), Object(Closure))
#35 /Users/andrescruz/Herd/livewirestore/vendor/laravel/framework/src/Illuminate/Pipeline/Pipeline.php(219): Illuminate\\Session\\Middleware\\StartSession->handle(Object(Illuminate\\Http\\Request), Object(Closure))
#36 /Users/andrescruz/Herd/livewirestore/vendor/laravel/framework/src/Illuminate/Cookie/Middleware/AddQueuedCookiesToResponse.php(36): Illuminate\\Pipeline\\Pipeline->{closure:{closure:Illuminate\\Pipeline\\Pipeline::carry():194}:195}(Object(Illuminate\\Http\\Request))
#37 /Users/andrescruz/Herd/livewirestore/vendor/laravel/framework/src/Illuminate/Pipeline/Pipeline.php(219): Illuminate\\Cookie\\Middleware\\AddQueuedCookiesToResponse->handle(Object(Illuminate\\Http\\Request), Object(Closure))
#38 /Users/andrescruz/Herd/livewirestore/vendor/laravel/framework/src/Illuminate/Cookie/Middleware/EncryptCookies.php(74): Illuminate\\Pipeline\\Pipeline->{closure:{closure:Illuminate\\Pipeline\\Pipeline::carry():194}:195}(Object(Illuminate\\Http\\Request))
#39 /Users/andrescruz/Herd/livewirestore/vendor/laravel/framework/src/Illuminate/Pipeline/Pipeline.php(219): Illuminate\\Cookie\\Middleware\\EncryptCookies->handle(Object(Illuminate\\Http\\Request), Object(Closure))
#40 /Users/andrescruz/Herd/livewirestore/vendor/laravel/framework/src/Illuminate/Pipeline/Pipeline.php(137): Illuminate\\Pipeline\\Pipeline->{closure:{closure:Illuminate\\Pipeline\\Pipeline::carry():194}:195}(Object(Illuminate\\Http\\Request))
#41 /Users/andrescruz/Herd/livewirestore/vendor/laravel/framework/src/Illuminate/Routing/Router.php(821): Illuminate\\Pipeline\\Pipeline->then(Object(Closure))
#42 /Users/andrescruz/Herd/livewirestore/vendor/laravel/framework/src/Illuminate/Routing/Router.php(800): Illuminate\\Routing\\Router->runRouteWithinStack(Object(Illuminate\\Routing\\Route), Object(Illuminate\\Http\\Request))
#43 /Users/andrescruz/Herd/livewirestore/vendor/laravel/framework/src/Illuminate/Routing/Router.php(764): Illuminate\\Routing\\Router->runRoute(Object(Illuminate\\Http\\Request), Object(Illuminate\\Routing\\Route))
#44 /Users/andrescruz/Herd/livewirestore/vendor/laravel/framework/src/Illuminate/Routing/Router.php(753): Illuminate\\Routing\\Router->dispatchToRoute(Object(Illuminate\\Http\\Request))
#45 /Users/andrescruz/Herd/livewirestore/vendor/laravel/framework/src/Illuminate/Foundation/Http/Kernel.php(200): Illuminate\\Routing\\Router->dispatch(Object(Illuminate\\Http\\Request))
#46 /Users/andrescruz/Herd/livewirestore/vendor/laravel/framework/src/Illuminate/Pipeline/Pipeline.php(180): Illuminate\\Foundation\\Http\\Kernel->{closure:Illuminate\\Foundation\\Http\\Kernel::dispatchToRouter():197}(Object(Illuminate\\Http\\Request))
#47 /Users/andrescruz/Herd/livewirestore/vendor/livewire/livewire/src/Features/SupportDisablingBackButtonCache/DisableBackButtonCacheMiddleware.php(19): Illuminate\\Pipeline\\Pipeline->{closure:Illuminate\\Pipeline\\Pipeline::prepareDestination():178}(Object(Illuminate\\Http\\Request))
#48 /Users/andrescruz/Herd/livewirestore/vendor/laravel/framework/src/Illuminate/Pipeline/Pipeline.php(219): Livewire\\Features\\SupportDisablingBackButtonCache\\DisableBackButtonCacheMiddleware->handle(Object(Illuminate\\Http\\Request), Object(Closure))
#49 /Users/andrescruz/Herd/livewirestore/vendor/laravel/framework/src/Illuminate/Foundation/Http/Middleware/TransformsRequest.php(21): Illuminate\\Pipeline\\Pipeline->{closure:{closure:Illuminate\\Pipeline\\Pipeline::carry():194}:195}(Object(Illuminate\\Http\\Request))
#50 /Users/andrescruz/Herd/livewirestore/vendor/laravel/framework/src/Illuminate/Foundation/Http/Middleware/ConvertEmptyStringsToNull.php(31): Illuminate\\Foundation\\Http\\Middleware\\TransformsRequest->handle(Object(Illuminate\\Http\\Request), Object(Closure))
#51 /Users/andrescruz/Herd/livewirestore/vendor/laravel/framework/src/Illuminate/Pipeline/Pipeline.php(219): Illuminate\\Foundation\\Http\\Middleware\\ConvertEmptyStringsToNull->handle(Object(Illuminate\\Http\\Request), Object(Closure))
#52 /Users/andrescruz/Herd/livewirestore/vendor/laravel/framework/src/Illuminate/Foundation/Http/Middleware/TransformsRequest.php(21): Illuminate\\Pipeline\\Pipeline->{closure:{closure:Illuminate\\Pipeline\\Pipeline::carry():194}:195}(Object(Illuminate\\Http\\Request))
#53 /Users/andrescruz/Herd/livewirestore/vendor/laravel/framework/src/Illuminate/Foundation/Http/Middleware/TrimStrings.php(51): Illuminate\\Foundation\\Http\\Middleware\\TransformsRequest->handle(Object(Illuminate\\Http\\Request), Object(Closure))
#54 /Users/andrescruz/Herd/livewirestore/vendor/laravel/framework/src/Illuminate/Pipeline/Pipeline.php(219): Illuminate\\Foundation\\Http\\Middleware\\TrimStrings->handle(Object(Illuminate\\Http\\Request), Object(Closure))
#55 /Users/andrescruz/Herd/livewirestore/vendor/laravel/framework/src/Illuminate/Http/Middleware/ValidatePostSize.php(27): Illuminate\\Pipeline\\Pipeline->{closure:{closure:Illuminate\\Pipeline\\Pipeline::carry():194}:195}(Object(Illuminate\\Http\\Request))
#56 /Users/andrescruz/Herd/livewirestore/vendor/laravel/framework/src/Illuminate/Pipeline/Pipeline.php(219): Illuminate\\Http\\Middleware\\ValidatePostSize->handle(Object(Illuminate\\Http\\Request), Object(Closure))
#57 /Users/andrescruz/Herd/livewirestore/vendor/laravel/framework/src/Illuminate/Foundation/Http/Middleware/PreventRequestsDuringMaintenance.php(109): Illuminate\\Pipeline\\Pipeline->{closure:{closure:Illuminate\\Pipeline\\Pipeline::carry():194}:195}(Object(Illuminate\\Http\\Request))
#58 /Users/andrescruz/Herd/livewirestore/vendor/laravel/framework/src/Illuminate/Pipeline/Pipeline.php(219): Illuminate\\Foundation\\Http\\Middleware\\PreventRequestsDuringMaintenance->handle(Object(Illuminate\\Http\\Request), Object(Closure))
#59 /Users/andrescruz/Herd/livewirestore/vendor/laravel/framework/src/Illuminate/Http/Middleware/HandleCors.php(61): Illuminate\\Pipeline\\Pipeline->{closure:{closure:Illuminate\\Pipeline\\Pipeline::carry():194}:195}(Object(Illuminate\\Http\\Request))
#60 /Users/andrescruz/Herd/livewirestore/vendor/laravel/framework/src/Illuminate/Pipeline/Pipeline.php(219): Illuminate\\Http\\Middleware\\HandleCors->handle(Object(Illuminate\\Http\\Request), Object(Closure))
#61 /Users/andrescruz/Herd/livewirestore/vendor/laravel/framework/src/Illuminate/Http/Middleware/TrustProxies.php(58): Illuminate\\Pipeline\\Pipeline->{closure:{closure:Illuminate\\Pipeline\\Pipeline::carry():194}:195}(Object(Illuminate\\Http\\Request))
#62 /Users/andrescruz/Herd/livewirestore/vendor/laravel/framework/src/Illuminate/Pipeline/Pipeline.php(219): Illuminate\\Http\\Middleware\\TrustProxies->handle(Object(Illuminate\\Http\\Request), Object(Closure))
#63 /Users/andrescruz/Herd/livewirestore/vendor/laravel/framework/src/Illuminate/Foundation/Http/Middleware/InvokeDeferredCallbacks.php(22): Illuminate\\Pipeline\\Pipeline->{closure:{closure:Illuminate\\Pipeline\\Pipeline::carry():194}:195}(Object(Illuminate\\Http\\Request))
#64 /Users/andrescruz/Herd/livewirestore/vendor/laravel/framework/src/Illuminate/Pipeline/Pipeline.php(219): Illuminate\\Foundation\\Http\\Middleware\\InvokeDeferredCallbacks->handle(Object(Illuminate\\Http\\Request), Object(Closure))
#65 /Users/andrescruz/Herd/livewirestore/vendor/laravel/framework/src/Illuminate/Http/Middleware/ValidatePathEncoding.php(28): Illuminate\\Pipeline\\Pipeline->{closure:{closure:Illuminate\\Pipeline\\Pipeline::carry():194}:195}(Object(Illuminate\\Http\\Request))
#66 /Users/andrescruz/Herd/livewirestore/vendor/laravel/framework/src/Illuminate/Pipeline/Pipeline.php(219): Illuminate\\Http\\Middleware\\ValidatePathEncoding->handle(Object(Illuminate\\Http\\Request), Object(Closure))
#67 /Users/andrescruz/Herd/livewirestore/vendor/laravel/framework/src/Illuminate/Pipeline/Pipeline.php(137): Illuminate\\Pipeline\\Pipeline->{closure:{closure:Illuminate\\Pipeline\\Pipeline::carry():194}:195}(Object(Illuminate\\Http\\Request))
#68 /Users/andrescruz/Herd/livewirestore/vendor/laravel/framework/src/Illuminate/Foundation/Http/Kernel.php(175): Illuminate\\Pipeline\\Pipeline->then(Object(Closure))
#69 /Users/andrescruz/Herd/livewirestore/vendor/laravel/framework/src/Illuminate/Foundation/Http/Kernel.php(144): Illuminate\\Foundation\\Http\\Kernel->sendRequestThroughRouter(Object(Illuminate\\Http\\Request))
#70 /Users/andrescruz/Herd/livewirestore/vendor/laravel/framework/src/Illuminate/Foundation/Application.php(1220): Illuminate\\Foundation\\Http\\Kernel->handle(Object(Illuminate\\Http\\Request))
#71 /Users/andrescruz/Herd/livewirestore/public/index.php(20): Illuminate\\Foundation\\Application->handleRequest(Object(Illuminate\\Http\\Request))
#72 /Applications/Herd.app/Contents/Resources/valet/server.php(167): require('/Users/andrescr...')
#73 {main}
"} 
[2026-06-01 18:29:38] local.ERROR: Missing required parameter for [Route: dashboard] [URI: {current_team}/dashboard] [Missing parameter: current_team]. (View: /Users/andrescruz/Herd/livewirestore/resources/views/welcome.blade.php) {"exception":"[object] (Illuminate\\View\\ViewException(code: 0): Missing required parameter for [Route: dashboard] [URI: {current_team}/dashboard] [Missing parameter: current_team]. (View: /Users/andrescruz/Herd/livewirestore/resources/views/welcome.blade.php) at /Users/andrescruz/Herd/livewirestore/vendor/laravel/framework/src/Illuminate/Routing/Exceptions/UrlGenerationException.php:35)
[stacktrace]
#0 /Users/andrescruz/Herd/livewirestore/vendor/livewire/livewire/src/Mechanisms/ExtendBlade/ExtendedCompilerEngine.php(58): Illuminate\\View\\Engines\\CompilerEngine->handleViewException(Object(Illuminate\\Routing\\Exceptions\\UrlGenerationException), 1)
#1 /Users/andrescruz/Herd/livewirestore/vendor/laravel/framework/src/Illuminate/View/Engines/PhpEngine.php(59): Livewire\\Mechanisms\\ExtendBlade\\ExtendedCompilerEngine->handleViewException(Object(Illuminate\\Routing\\Exceptions\\UrlGenerationException), 1)
#2 /Users/andrescruz/Herd/livewirestore/vendor/livewire/livewire/src/Mechanisms/ExtendBlade/ExtendedCompilerEngine.php(22): Illuminate\\View\\Engines\\PhpEngine->evaluatePath('/Users/andrescr...', Array)
#3 /Users/andrescruz/Herd/livewirestore/vendor/laravel/framework/src/Illuminate/View/Engines/CompilerEngine.php(76): Livewire\\Mechanisms\\ExtendBlade\\ExtendedCompilerEngine->evaluatePath('/Users/andrescr...', Array)
#4 /Users/andrescruz/Herd/livewirestore/vendor/livewire/livewire/src/Mechanisms/ExtendBlade/ExtendedCompilerEngine.php(10): Illuminate\\View\\Engines\\CompilerEngine->get('/Users/andrescr...', Array)
#5 /Users/andrescruz/Herd/livewirestore/vendor/laravel/framework/src/Illuminate/View/View.php(208): Livewire\\Mechanisms\\ExtendBlade\\ExtendedCompilerEngine->get('/Users/andrescr...', Array)
#6 /Users/andrescruz/Herd/livewirestore/vendor/laravel/framework/src/Illuminate/View/View.php(191): Illuminate\\View\\View->getContents()
#7 /Users/andrescruz/Herd/livewirestore/vendor/laravel/framework/src/Illuminate/View/View.php(160): Illuminate\\View\\View->renderContents()
#8 /Users/andrescruz/Herd/livewirestore/vendor/laravel/framework/src/Illuminate/Http/Response.php(78): Illuminate\\View\\View->render()
#9 /Users/andrescruz/Herd/livewirestore/vendor/laravel/framework/src/Illuminate/Http/Response.php(34): Illuminate\\Http\\Response->setContent(Object(Illuminate\\View\\View))
#10 /Users/andrescruz/Herd/livewirestore/vendor/laravel/framework/src/Illuminate/Routing/ResponseFactory.php(61): Illuminate\\Http\\Response->__construct(Object(Illuminate\\View\\View), 200, Array)
#11 /Users/andrescruz/Herd/livewirestore/vendor/laravel/framework/src/Illuminate/Routing/ResponseFactory.php(91): Illuminate\\Routing\\ResponseFactory->make(Object(Illuminate\\View\\View), 200, Array)
#12 /Users/andrescruz/Herd/livewirestore/vendor/laravel/framework/src/Illuminate/Routing/ViewController.php(40): Illuminate\\Routing\\ResponseFactory->view('welcome', Array, 200, Array)
#13 /Users/andrescruz/Herd/livewirestore/vendor/laravel/framework/src/Illuminate/Routing/ViewController.php(57): Illuminate\\Routing\\ViewController->__invoke(view: 'welcome', data: Array, status: 200, headers: Array)
#14 /Users/andrescruz/Herd/livewirestore/vendor/laravel/framework/src/Illuminate/Routing/ControllerDispatcher.php(43): Illuminate\\Routing\\ViewController->callAction('__invoke', Array)
#15 /Users/andrescruz/Herd/livewirestore/vendor/laravel/framework/src/Illuminate/Routing/Route.php(269): Illuminate\\Routing\\ControllerDispatcher->dispatch(Object(Illuminate\\Routing\\Route), Object(Illuminate\\Routing\\ViewController), '__invoke')
#16 /Users/andrescruz/Herd/livewirestore/vendor/laravel/framework/src/Illuminate/Routing/Route.php(215): Illuminate\\Routing\\Route->runController()
#17 /Users/andrescruz/Herd/livewirestore/vendor/laravel/framework/src/Illuminate/Routing/Router.php(822): Illuminate\\Routing\\Route->run()
#18 /Users/andrescruz/Herd/livewirestore/vendor/laravel/framework/src/Illuminate/Pipeline/Pipeline.php(180): Illuminate\\Routing\\Router->{closure:Illuminate\\Routing\\Router::runRouteWithinStack():821}(Object(Illuminate\\Http\\Request))
#19 /Users/andrescruz/Herd/livewirestore/app/Http/Middleware/SetTeamUrlDefaults.php(26): Illuminate\\Pipeline\\Pipeline->{closure:Illuminate\\Pipeline\\Pipeline::prepareDestination():178}(Object(Illuminate\\Http\\Request))
#20 /Users/andrescruz/Herd/livewirestore/vendor/laravel/framework/src/Illuminate/Pipeline/Pipeline.php(219): App\\Http\\Middleware\\SetTeamUrlDefaults->handle(Object(Illuminate\\Http\\Request), Object(Closure))
#21 /Users/andrescruz/Herd/livewirestore/vendor/laravel/framework/src/Illuminate/Routing/Middleware/SubstituteBindings.php(52): Illuminate\\Pipeline\\Pipeline->{closure:{closure:Illuminate\\Pipeline\\Pipeline::carry():194}:195}(Object(Illuminate\\Http\\Request))
#22 /Users/andrescruz/Herd/livewirestore/vendor/laravel/framework/src/Illuminate/Pipeline/Pipeline.php(219): Illuminate\\Routing\\Middleware\\SubstituteBindings->handle(Object(Illuminate\\Http\\Request), Object(Closure))
#23 /Users/andrescruz/Herd/livewirestore/vendor/laravel/framework/src/Illuminate/Foundation/Http/Middleware/PreventRequestForgery.php(104): Illuminate\\Pipeline\\Pipeline->{closure:{closure:Illuminate\\Pipeline\\Pipeline::carry():194}:195}(Object(Illuminate\\Http\\Request))
#24 /Users/andrescruz/Herd/livewirestore/vendor/laravel/framework/src/Illuminate/Pipeline/Pipeline.php(219): Illuminate\\Foundation\\Http\\Middleware\\PreventRequestForgery->handle(Object(Illuminate\\Http\\Request), Object(Closure))
#25 /Users/andrescruz/Herd/livewirestore/vendor/laravel/framework/src/Illuminate/View/Middleware/ShareErrorsFromSession.php(48): Illuminate\\Pipeline\\Pipeline->{closure:{closure:Illuminate\\Pipeline\\Pipeline::carry():194}:195}(Object(Illuminate\\Http\\Request))
#26 /Users/andrescruz/Herd/livewirestore/vendor/laravel/framework/src/Illuminate/Pipeline/Pipeline.php(219): Illuminate\\View\\Middleware\\ShareErrorsFromSession->handle(Object(Illuminate\\Http\\Request), Object(Closure))
#27 /Users/andrescruz/Herd/livewirestore/vendor/laravel/framework/src/Illuminate/Session/Middleware/StartSession.php(120): Illuminate\\Pipeline\\Pipeline->{closure:{closure:Illuminate\\Pipeline\\Pipeline::carry():194}:195}(Object(Illuminate\\Http\\Request))
#28 /Users/andrescruz/Herd/livewirestore/vendor/laravel/framework/src/Illuminate/Session/Middleware/StartSession.php(63): Illuminate\\Session\\Middleware\\StartSession->handleStatefulRequest(Object(Illuminate\\Http\\Request), Object(Illuminate\\Session\\Store), Object(Closure))
#29 /Users/andrescruz/Herd/livewirestore/vendor/laravel/framework/src/Illuminate/Pipeline/Pipeline.php(219): Illuminate\\Session\\Middleware\\StartSession->handle(Object(Illuminate\\Http\\Request), Object(Closure))
#30 /Users/andrescruz/Herd/livewirestore/vendor/laravel/framework/src/Illuminate/Cookie/Middleware/AddQueuedCookiesToResponse.php(36): Illuminate\\Pipeline\\Pipeline->{closure:{closure:Illuminate\\Pipeline\\Pipeline::carry():194}:195}(Object(Illuminate\\Http\\Request))
#31 /Users/andrescruz/Herd/livewirestore/vendor/laravel/framework/src/Illuminate/Pipeline/Pipeline.php(219): Illuminate\\Cookie\\Middleware\\AddQueuedCookiesToResponse->handle(Object(Illuminate\\Http\\Request), Object(Closure))
#32 /Users/andrescruz/Herd/livewirestore/vendor/laravel/framework/src/Illuminate/Cookie/Middleware/EncryptCookies.php(74): Illuminate\\Pipeline\\Pipeline->{closure:{closure:Illuminate\\Pipeline\\Pipeline::carry():194}:195}(Object(Illuminate\\Http\\Request))
#33 /Users/andrescruz/Herd/livewirestore/vendor/laravel/framework/src/Illuminate/Pipeline/Pipeline.php(219): Illuminate\\Cookie\\Middleware\\EncryptCookies->handle(Object(Illuminate\\Http\\Request), Object(Closure))
#34 /Users/andrescruz/Herd/livewirestore/vendor/laravel/framework/src/Illuminate/Pipeline/Pipeline.php(137): Illuminate\\Pipeline\\Pipeline->{closure:{closure:Illuminate\\Pipeline\\Pipeline::carry():194}:195}(Object(Illuminate\\Http\\Request))
#35 /Users/andrescruz/Herd/livewirestore/vendor/laravel/framework/src/Illuminate/Routing/Router.php(821): Illuminate\\Pipeline\\Pipeline->then(Object(Closure))
#36 /Users/andrescruz/Herd/livewirestore/vendor/laravel/framework/src/Illuminate/Routing/Router.php(800): Illuminate\\Routing\\Router->runRouteWithinStack(Object(Illuminate\\Routing\\Route), Object(Illuminate\\Http\\Request))
#37 /Users/andrescruz/Herd/livewirestore/vendor/laravel/framework/src/Illuminate/Routing/Router.php(764): Illuminate\\Routing\\Router->runRoute(Object(Illuminate\\Http\\Request), Object(Illuminate\\Routing\\Route))
#38 /Users/andrescruz/Herd/livewirestore/vendor/laravel/framework/src/Illuminate/Routing/Router.php(753): Illuminate\\Routing\\Router->dispatchToRoute(Object(Illuminate\\Http\\Request))
#39 /Users/andrescruz/Herd/livewirestore/vendor/laravel/framework/src/Illuminate/Foundation/Http/Kernel.php(200): Illuminate\\Routing\\Router->dispatch(Object(Illuminate\\Http\\Request))
#40 /Users/andrescruz/Herd/livewirestore/vendor/laravel/framework/src/Illuminate/Pipeline/Pipeline.php(180): Illuminate\\Foundation\\Http\\Kernel->{closure:Illuminate\\Foundation\\Http\\Kernel::dispatchToRouter():197}(Object(Illuminate\\Http\\Request))
#41 /Users/andrescruz/Herd/livewirestore/vendor/livewire/livewire/src/Features/SupportDisablingBackButtonCache/DisableBackButtonCacheMiddleware.php(19): Illuminate\\Pipeline\\Pipeline->{closure:Illuminate\\Pipeline\\Pipeline::prepareDestination():178}(Object(Illuminate\\Http\\Request))
#42 /Users/andrescruz/Herd/livewirestore/vendor/laravel/framework/src/Illuminate/Pipeline/Pipeline.php(219): Livewire\\Features\\SupportDisablingBackButtonCache\\DisableBackButtonCacheMiddleware->handle(Object(Illuminate\\Http\\Request), Object(Closure))
#43 /Users/andrescruz/Herd/livewirestore/vendor/laravel/framework/src/Illuminate/Foundation/Http/Middleware/TransformsRequest.php(21): Illuminate\\Pipeline\\Pipeline->{closure:{closure:Illuminate\\Pipeline\\Pipeline::carry():194}:195}(Object(Illuminate\\Http\\Request))
#44 /Users/andrescruz/Herd/livewirestore/vendor/laravel/framework/src/Illuminate/Foundation/Http/Middleware/ConvertEmptyStringsToNull.php(31): Illuminate\\Foundation\\Http\\Middleware\\TransformsRequest->handle(Object(Illuminate\\Http\\Request), Object(Closure))
#45 /Users/andrescruz/Herd/livewirestore/vendor/laravel/framework/src/Illuminate/Pipeline/Pipeline.php(219): Illuminate\\Foundation\\Http\\Middleware\\ConvertEmptyStringsToNull->handle(Object(Illuminate\\Http\\Request), Object(Closure))
#46 /Users/andrescruz/Herd/livewirestore/vendor/laravel/framework/src/Illuminate/Foundation/Http/Middleware/TransformsRequest.php(21): Illuminate\\Pipeline\\Pipeline->{closure:{closure:Illuminate\\Pipeline\\Pipeline::carry():194}:195}(Object(Illuminate\\Http\\Request))
#47 /Users/andrescruz/Herd/livewirestore/vendor/laravel/framework/src/Illuminate/Foundation/Http/Middleware/TrimStrings.php(51): Illuminate\\Foundation\\Http\\Middleware\\TransformsRequest->handle(Object(Illuminate\\Http\\Request), Object(Closure))
#48 /Users/andrescruz/Herd/livewirestore/vendor/laravel/framework/src/Illuminate/Pipeline/Pipeline.php(219): Illuminate\\Foundation\\Http\\Middleware\\TrimStrings->handle(Object(Illuminate\\Http\\Request), Object(Closure))
#49 /Users/andrescruz/Herd/livewirestore/vendor/laravel/framework/src/Illuminate/Http/Middleware/ValidatePostSize.php(27): Illuminate\\Pipeline\\Pipeline->{closure:{closure:Illuminate\\Pipeline\\Pipeline::carry():194}:195}(Object(Illuminate\\Http\\Request))
#50 /Users/andrescruz/Herd/livewirestore/vendor/laravel/framework/src/Illuminate/Pipeline/Pipeline.php(219): Illuminate\\Http\\Middleware\\ValidatePostSize->handle(Object(Illuminate\\Http\\Request), Object(Closure))
#51 /Users/andrescruz/Herd/livewirestore/vendor/laravel/framework/src/Illuminate/Foundation/Http/Middleware/PreventRequestsDuringMaintenance.php(109): Illuminate\\Pipeline\\Pipeline->{closure:{closure:Illuminate\\Pipeline\\Pipeline::carry():194}:195}(Object(Illuminate\\Http\\Request))
#52 /Users/andrescruz/Herd/livewirestore/vendor/laravel/framework/src/Illuminate/Pipeline/Pipeline.php(219): Illuminate\\Foundation\\Http\\Middleware\\PreventRequestsDuringMaintenance->handle(Object(Illuminate\\Http\\Request), Object(Closure))
#53 /Users/andrescruz/Herd/livewirestore/vendor/laravel/framework/src/Illuminate/Http/Middleware/HandleCors.php(61): Illuminate\\Pipeline\\Pipeline->{closure:{closure:Illuminate\\Pipeline\\Pipeline::carry():194}:195}(Object(Illuminate\\Http\\Request))
#54 /Users/andrescruz/Herd/livewirestore/vendor/laravel/framework/src/Illuminate/Pipeline/Pipeline.php(219): Illuminate\\Http\\Middleware\\HandleCors->handle(Object(Illuminate\\Http\\Request), Object(Closure))
#55 /Users/andrescruz/Herd/livewirestore/vendor/laravel/framework/src/Illuminate/Http/Middleware/TrustProxies.php(58): Illuminate\\Pipeline\\Pipeline->{closure:{closure:Illuminate\\Pipeline\\Pipeline::carry():194}:195}(Object(Illuminate\\Http\\Request))
#56 /Users/andrescruz/Herd/livewirestore/vendor/laravel/framework/src/Illuminate/Pipeline/Pipeline.php(219): Illuminate\\Http\\Middleware\\TrustProxies->handle(Object(Illuminate\\Http\\Request), Object(Closure))
#57 /Users/andrescruz/Herd/livewirestore/vendor/laravel/framework/src/Illuminate/Foundation/Http/Middleware/InvokeDeferredCallbacks.php(22): Illuminate\\Pipeline\\Pipeline->{closure:{closure:Illuminate\\Pipeline\\Pipeline::carry():194}:195}(Object(Illuminate\\Http\\Request))
#58 /Users/andrescruz/Herd/livewirestore/vendor/laravel/framework/src/Illuminate/Pipeline/Pipeline.php(219): Illuminate\\Foundation\\Http\\Middleware\\InvokeDeferredCallbacks->handle(Object(Illuminate\\Http\\Request), Object(Closure))
#59 /Users/andrescruz/Herd/livewirestore/vendor/laravel/framework/src/Illuminate/Http/Middleware/ValidatePathEncoding.php(28): Illuminate\\Pipeline\\Pipeline->{closure:{closure:Illuminate\\Pipeline\\Pipeline::carry():194}:195}(Object(Illuminate\\Http\\Request))
#60 /Users/andrescruz/Herd/livewirestore/vendor/laravel/framework/src/Illuminate/Pipeline/Pipeline.php(219): Illuminate\\Http\\Middleware\\ValidatePathEncoding->handle(Object(Illuminate\\Http\\Request), Object(Closure))
#61 /Users/andrescruz/Herd/livewirestore/vendor/laravel/framework/src/Illuminate/Pipeline/Pipeline.php(137): Illuminate\\Pipeline\\Pipeline->{closure:{closure:Illuminate\\Pipeline\\Pipeline::carry():194}:195}(Object(Illuminate\\Http\\Request))
#62 /Users/andrescruz/Herd/livewirestore/vendor/laravel/framework/src/Illuminate/Foundation/Http/Kernel.php(175): Illuminate\\Pipeline\\Pipeline->then(Object(Closure))
#63 /Users/andrescruz/Herd/livewirestore/vendor/laravel/framework/src/Illuminate/Foundation/Http/Kernel.php(144): Illuminate\\Foundation\\Http\\Kernel->sendRequestThroughRouter(Object(Illuminate\\Http\\Request))
#64 /Users/andrescruz/Herd/livewirestore/vendor/laravel/framework/src/Illuminate/Foundation/Application.php(1220): Illuminate\\Foundation\\Http\\Kernel->handle(Object(Illuminate\\Http\\Request))
#65 /Users/andrescruz/Herd/livewirestore/public/index.php(20): Illuminate\\Foundation\\Application->handleRequest(Object(Illuminate\\Http\\Request))
#66 /Applications/Herd.app/Contents/Resources/valet/server.php(167): require('/Users/andrescr...')
#67 {main}

[previous exception] [object] (Illuminate\\Routing\\Exceptions\\UrlGenerationException(code: 0): Missing required parameter for [Route: dashboard] [URI: {current_team}/dashboard] [Missing parameter: current_team]. at /Users/andrescruz/Herd/livewirestore/vendor/laravel/framework/src/Illuminate/Routing/Exceptions/UrlGenerationException.php:35)
[stacktrace]
#0 /Users/andrescruz/Herd/livewirestore/vendor/laravel/framework/src/Illuminate/Routing/RouteUrlGenerator.php(94): Illuminate\\Routing\\Exceptions\\UrlGenerationException::forMissingParameters(Object(Illuminate\\Routing\\Route), Array)
#1 /Users/andrescruz/Herd/livewirestore/vendor/laravel/framework/src/Illuminate/Routing/UrlGenerator.php(551): Illuminate\\Routing\\RouteUrlGenerator->to(Object(Illuminate\\Routing\\Route), Array, true)
#2 /Users/andrescruz/Herd/livewirestore/vendor/laravel/framework/src/Illuminate/Routing/UrlGenerator.php(528): Illuminate\\Routing\\UrlGenerator->toRoute(Object(Illuminate\\Routing\\Route), Array, true)
#3 /Users/andrescruz/Herd/livewirestore/vendor/laravel/framework/src/Illuminate/Foundation/helpers.php(870): Illuminate\\Routing\\UrlGenerator->route('dashboard', Array, true)
#4 /Users/andrescruz/Herd/livewirestore/storage/framework/views/acbccf6584549f71e09089802fb13526.php(65): route('dashboard')
#5 /Users/andrescruz/Herd/livewirestore/vendor/laravel/framework/src/Illuminate/Filesystem/Filesystem.php(123): require('/Users/andrescr...')
#6 /Users/andrescruz/Herd/livewirestore/vendor/laravel/framework/src/Illuminate/Filesystem/Filesystem.php(124): Illuminate\\Filesystem\\Filesystem::{closure:Illuminate\\Filesystem\\Filesystem::getRequire():120}()
#7 /Users/andrescruz/Herd/livewirestore/vendor/laravel/framework/src/Illuminate/View/Engines/PhpEngine.php(57): Illuminate\\Filesystem\\Filesystem->getRequire('/Users/andrescr...', Array)
#8 /Users/andrescruz/Herd/livewirestore/vendor/livewire/livewire/src/Mechanisms/ExtendBlade/ExtendedCompilerEngine.php(22): Illuminate\\View\\Engines\\PhpEngine->evaluatePath('/Users/andrescr...', Array)
#9 /Users/andrescruz/Herd/livewirestore/vendor/laravel/framework/src/Illuminate/View/Engines/CompilerEngine.php(76): Livewire\\Mechanisms\\ExtendBlade\\ExtendedCompilerEngine->evaluatePath('/Users/andrescr...', Array)
#10 /Users/andrescruz/Herd/livewirestore/vendor/livewire/livewire/src/Mechanisms/ExtendBlade/ExtendedCompilerEngine.php(10): Illuminate\\View\\Engines\\CompilerEngine->get('/Users/andrescr...', Array)
#11 /Users/andrescruz/Herd/livewirestore/vendor/laravel/framework/src/Illuminate/View/View.php(208): Livewire\\Mechanisms\\ExtendBlade\\ExtendedCompilerEngine->get('/Users/andrescr...', Array)
#12 /Users/andrescruz/Herd/livewirestore/vendor/laravel/framework/src/Illuminate/View/View.php(191): Illuminate\\View\\View->getContents()
#13 /Users/andrescruz/Herd/livewirestore/vendor/laravel/framework/src/Illuminate/View/View.php(160): Illuminate\\View\\View->renderContents()
#14 /Users/andrescruz/Herd/livewirestore/vendor/laravel/framework/src/Illuminate/Http/Response.php(78): Illuminate\\View\\View->render()
#15 /Users/andrescruz/Herd/livewirestore/vendor/laravel/framework/src/Illuminate/Http/Response.php(34): Illuminate\\Http\\Response->setContent(Object(Illuminate\\View\\View))
#16 /Users/andrescruz/Herd/livewirestore/vendor/laravel/framework/src/Illuminate/Routing/ResponseFactory.php(61): Illuminate\\Http\\Response->__construct(Object(Illuminate\\View\\View), 200, Array)
#17 /Users/andrescruz/Herd/livewirestore/vendor/laravel/framework/src/Illuminate/Routing/ResponseFactory.php(91): Illuminate\\Routing\\ResponseFactory->make(Object(Illuminate\\View\\View), 200, Array)
#18 /Users/andrescruz/Herd/livewirestore/vendor/laravel/framework/src/Illuminate/Routing/ViewController.php(40): Illuminate\\Routing\\ResponseFactory->view('welcome', Array, 200, Array)
#19 /Users/andrescruz/Herd/livewirestore/vendor/laravel/framework/src/Illuminate/Routing/ViewController.php(57): Illuminate\\Routing\\ViewController->__invoke(view: 'welcome', data: Array, status: 200, headers: Array)
#20 /Users/andrescruz/Herd/livewirestore/vendor/laravel/framework/src/Illuminate/Routing/ControllerDispatcher.php(43): Illuminate\\Routing\\ViewController->callAction('__invoke', Array)
#21 /Users/andrescruz/Herd/livewirestore/vendor/laravel/framework/src/Illuminate/Routing/Route.php(269): Illuminate\\Routing\\ControllerDispatcher->dispatch(Object(Illuminate\\Routing\\Route), Object(Illuminate\\Routing\\ViewController), '__invoke')
#22 /Users/andrescruz/Herd/livewirestore/vendor/laravel/framework/src/Illuminate/Routing/Route.php(215): Illuminate\\Routing\\Route->runController()
#23 /Users/andrescruz/Herd/livewirestore/vendor/laravel/framework/src/Illuminate/Routing/Router.php(822): Illuminate\\Routing\\Route->run()
#24 /Users/andrescruz/Herd/livewirestore/vendor/laravel/framework/src/Illuminate/Pipeline/Pipeline.php(180): Illuminate\\Routing\\Router->{closure:Illuminate\\Routing\\Router::runRouteWithinStack():821}(Object(Illuminate\\Http\\Request))
#25 /Users/andrescruz/Herd/livewirestore/app/Http/Middleware/SetTeamUrlDefaults.php(26): Illuminate\\Pipeline\\Pipeline->{closure:Illuminate\\Pipeline\\Pipeline::prepareDestination():178}(Object(Illuminate\\Http\\Request))
#26 /Users/andrescruz/Herd/livewirestore/vendor/laravel/framework/src/Illuminate/Pipeline/Pipeline.php(219): App\\Http\\Middleware\\SetTeamUrlDefaults->handle(Object(Illuminate\\Http\\Request), Object(Closure))
#27 /Users/andrescruz/Herd/livewirestore/vendor/laravel/framework/src/Illuminate/Routing/Middleware/SubstituteBindings.php(52): Illuminate\\Pipeline\\Pipeline->{closure:{closure:Illuminate\\Pipeline\\Pipeline::carry():194}:195}(Object(Illuminate\\Http\\Request))
#28 /Users/andrescruz/Herd/livewirestore/vendor/laravel/framework/src/Illuminate/Pipeline/Pipeline.php(219): Illuminate\\Routing\\Middleware\\SubstituteBindings->handle(Object(Illuminate\\Http\\Request), Object(Closure))
#29 /Users/andrescruz/Herd/livewirestore/vendor/laravel/framework/src/Illuminate/Foundation/Http/Middleware/PreventRequestForgery.php(104): Illuminate\\Pipeline\\Pipeline->{closure:{closure:Illuminate\\Pipeline\\Pipeline::carry():194}:195}(Object(Illuminate\\Http\\Request))
#30 /Users/andrescruz/Herd/livewirestore/vendor/laravel/framework/src/Illuminate/Pipeline/Pipeline.php(219): Illuminate\\Foundation\\Http\\Middleware\\PreventRequestForgery->handle(Object(Illuminate\\Http\\Request), Object(Closure))
#31 /Users/andrescruz/Herd/livewirestore/vendor/laravel/framework/src/Illuminate/View/Middleware/ShareErrorsFromSession.php(48): Illuminate\\Pipeline\\Pipeline->{closure:{closure:Illuminate\\Pipeline\\Pipeline::carry():194}:195}(Object(Illuminate\\Http\\Request))
#32 /Users/andrescruz/Herd/livewirestore/vendor/laravel/framework/src/Illuminate/Pipeline/Pipeline.php(219): Illuminate\\View\\Middleware\\ShareErrorsFromSession->handle(Object(Illuminate\\Http\\Request), Object(Closure))
#33 /Users/andrescruz/Herd/livewirestore/vendor/laravel/framework/src/Illuminate/Session/Middleware/StartSession.php(120): Illuminate\\Pipeline\\Pipeline->{closure:{closure:Illuminate\\Pipeline\\Pipeline::carry():194}:195}(Object(Illuminate\\Http\\Request))
#34 /Users/andrescruz/Herd/livewirestore/vendor/laravel/framework/src/Illuminate/Session/Middleware/StartSession.php(63): Illuminate\\Session\\Middleware\\StartSession->handleStatefulRequest(Object(Illuminate\\Http\\Request), Object(Illuminate\\Session\\Store), Object(Closure))
#35 /Users/andrescruz/Herd/livewirestore/vendor/laravel/framework/src/Illuminate/Pipeline/Pipeline.php(219): Illuminate\\Session\\Middleware\\StartSession->handle(Object(Illuminate\\Http\\Request), Object(Closure))
#36 /Users/andrescruz/Herd/livewirestore/vendor/laravel/framework/src/Illuminate/Cookie/Middleware/AddQueuedCookiesToResponse.php(36): Illuminate\\Pipeline\\Pipeline->{closure:{closure:Illuminate\\Pipeline\\Pipeline::carry():194}:195}(Object(Illuminate\\Http\\Request))
#37 /Users/andrescruz/Herd/livewirestore/vendor/laravel/framework/src/Illuminate/Pipeline/Pipeline.php(219): Illuminate\\Cookie\\Middleware\\AddQueuedCookiesToResponse->handle(Object(Illuminate\\Http\\Request), Object(Closure))
#38 /Users/andrescruz/Herd/livewirestore/vendor/laravel/framework/src/Illuminate/Cookie/Middleware/EncryptCookies.php(74): Illuminate\\Pipeline\\Pipeline->{closure:{closure:Illuminate\\Pipeline\\Pipeline::carry():194}:195}(Object(Illuminate\\Http\\Request))
#39 /Users/andrescruz/Herd/livewirestore/vendor/laravel/framework/src/Illuminate/Pipeline/Pipeline.php(219): Illuminate\\Cookie\\Middleware\\EncryptCookies->handle(Object(Illuminate\\Http\\Request), Object(Closure))
#40 /Users/andrescruz/Herd/livewirestore/vendor/laravel/framework/src/Illuminate/Pipeline/Pipeline.php(137): Illuminate\\Pipeline\\Pipeline->{closure:{closure:Illuminate\\Pipeline\\Pipeline::carry():194}:195}(Object(Illuminate\\Http\\Request))
#41 /Users/andrescruz/Herd/livewirestore/vendor/laravel/framework/src/Illuminate/Routing/Router.php(821): Illuminate\\Pipeline\\Pipeline->then(Object(Closure))
#42 /Users/andrescruz/Herd/livewirestore/vendor/laravel/framework/src/Illuminate/Routing/Router.php(800): Illuminate\\Routing\\Router->runRouteWithinStack(Object(Illuminate\\Routing\\Route), Object(Illuminate\\Http\\Request))
#43 /Users/andrescruz/Herd/livewirestore/vendor/laravel/framework/src/Illuminate/Routing/Router.php(764): Illuminate\\Routing\\Router->runRoute(Object(Illuminate\\Http\\Request), Object(Illuminate\\Routing\\Route))
#44 /Users/andrescruz/Herd/livewirestore/vendor/laravel/framework/src/Illuminate/Routing/Router.php(753): Illuminate\\Routing\\Router->dispatchToRoute(Object(Illuminate\\Http\\Request))
#45 /Users/andrescruz/Herd/livewirestore/vendor/laravel/framework/src/Illuminate/Foundation/Http/Kernel.php(200): Illuminate\\Routing\\Router->dispatch(Object(Illuminate\\Http\\Request))
#46 /Users/andrescruz/Herd/livewirestore/vendor/laravel/framework/src/Illuminate/Pipeline/Pipeline.php(180): Illuminate\\Foundation\\Http\\Kernel->{closure:Illuminate\\Foundation\\Http\\Kernel::dispatchToRouter():197}(Object(Illuminate\\Http\\Request))
#47 /Users/andrescruz/Herd/livewirestore/vendor/livewire/livewire/src/Features/SupportDisablingBackButtonCache/DisableBackButtonCacheMiddleware.php(19): Illuminate\\Pipeline\\Pipeline->{closure:Illuminate\\Pipeline\\Pipeline::prepareDestination():178}(Object(Illuminate\\Http\\Request))
#48 /Users/andrescruz/Herd/livewirestore/vendor/laravel/framework/src/Illuminate/Pipeline/Pipeline.php(219): Livewire\\Features\\SupportDisablingBackButtonCache\\DisableBackButtonCacheMiddleware->handle(Object(Illuminate\\Http\\Request), Object(Closure))
#49 /Users/andrescruz/Herd/livewirestore/vendor/laravel/framework/src/Illuminate/Foundation/Http/Middleware/TransformsRequest.php(21): Illuminate\\Pipeline\\Pipeline->{closure:{closure:Illuminate\\Pipeline\\Pipeline::carry():194}:195}(Object(Illuminate\\Http\\Request))
#50 /Users/andrescruz/Herd/livewirestore/vendor/laravel/framework/src/Illuminate/Foundation/Http/Middleware/ConvertEmptyStringsToNull.php(31): Illuminate\\Foundation\\Http\\Middleware\\TransformsRequest->handle(Object(Illuminate\\Http\\Request), Object(Closure))
#51 /Users/andrescruz/Herd/livewirestore/vendor/laravel/framework/src/Illuminate/Pipeline/Pipeline.php(219): Illuminate\\Foundation\\Http\\Middleware\\ConvertEmptyStringsToNull->handle(Object(Illuminate\\Http\\Request), Object(Closure))
#52 /Users/andrescruz/Herd/livewirestore/vendor/laravel/framework/src/Illuminate/Foundation/Http/Middleware/TransformsRequest.php(21): Illuminate\\Pipeline\\Pipeline->{closure:{closure:Illuminate\\Pipeline\\Pipeline::carry():194}:195}(Object(Illuminate\\Http\\Request))
#53 /Users/andrescruz/Herd/livewirestore/vendor/laravel/framework/src/Illuminate/Foundation/Http/Middleware/TrimStrings.php(51): Illuminate\\Foundation\\Http\\Middleware\\TransformsRequest->handle(Object(Illuminate\\Http\\Request), Object(Closure))
#54 /Users/andrescruz/Herd/livewirestore/vendor/laravel/framework/src/Illuminate/Pipeline/Pipeline.php(219): Illuminate\\Foundation\\Http\\Middleware\\TrimStrings->handle(Object(Illuminate\\Http\\Request), Object(Closure))
#55 /Users/andrescruz/Herd/livewirestore/vendor/laravel/framework/src/Illuminate/Http/Middleware/ValidatePostSize.php(27): Illuminate\\Pipeline\\Pipeline->{closure:{closure:Illuminate\\Pipeline\\Pipeline::carry():194}:195}(Object(Illuminate\\Http\\Request))
#56 /Users/andrescruz/Herd/livewirestore/vendor/laravel/framework/src/Illuminate/Pipeline/Pipeline.php(219): Illuminate\\Http\\Middleware\\ValidatePostSize->handle(Object(Illuminate\\Http\\Request), Object(Closure))
#57 /Users/andrescruz/Herd/livewirestore/vendor/laravel/framework/src/Illuminate/Foundation/Http/Middleware/PreventRequestsDuringMaintenance.php(109): Illuminate\\Pipeline\\Pipeline->{closure:{closure:Illuminate\\Pipeline\\Pipeline::carry():194}:195}(Object(Illuminate\\Http\\Request))
#58 /Users/andrescruz/Herd/livewirestore/vendor/laravel/framework/src/Illuminate/Pipeline/Pipeline.php(219): Illuminate\\Foundation\\Http\\Middleware\\PreventRequestsDuringMaintenance->handle(Object(Illuminate\\Http\\Request), Object(Closure))
#59 /Users/andrescruz/Herd/livewirestore/vendor/laravel/framework/src/Illuminate/Http/Middleware/HandleCors.php(61): Illuminate\\Pipeline\\Pipeline->{closure:{closure:Illuminate\\Pipeline\\Pipeline::carry():194}:195}(Object(Illuminate\\Http\\Request))
#60 /Users/andrescruz/Herd/livewirestore/vendor/laravel/framework/src/Illuminate/Pipeline/Pipeline.php(219): Illuminate\\Http\\Middleware\\HandleCors->handle(Object(Illuminate\\Http\\Request), Object(Closure))
#61 /Users/andrescruz/Herd/livewirestore/vendor/laravel/framework/src/Illuminate/Http/Middleware/TrustProxies.php(58): Illuminate\\Pipeline\\Pipeline->{closure:{closure:Illuminate\\Pipeline\\Pipeline::carry():194}:195}(Object(Illuminate\\Http\\Request))
#62 /Users/andrescruz/Herd/livewirestore/vendor/laravel/framework/src/Illuminate/Pipeline/Pipeline.php(219): Illuminate\\Http\\Middleware\\TrustProxies->handle(Object(Illuminate\\Http\\Request), Object(Closure))
#63 /Users/andrescruz/Herd/livewirestore/vendor/laravel/framework/src/Illuminate/Foundation/Http/Middleware/InvokeDeferredCallbacks.php(22): Illuminate\\Pipeline\\Pipeline->{closure:{closure:Illuminate\\Pipeline\\Pipeline::carry():194}:195}(Object(Illuminate\\Http\\Request))
#64 /Users/andrescruz/Herd/livewirestore/vendor/laravel/framework/src/Illuminate/Pipeline/Pipeline.php(219): Illuminate\\Foundation\\Http\\Middleware\\InvokeDeferredCallbacks->handle(Object(Illuminate\\Http\\Request), Object(Closure))
#65 /Users/andrescruz/Herd/livewirestore/vendor/laravel/framework/src/Illuminate/Http/Middleware/ValidatePathEncoding.php(28): Illuminate\\Pipeline\\Pipeline->{closure:{closure:Illuminate\\Pipeline\\Pipeline::carry():194}:195}(Object(Illuminate\\Http\\Request))
#66 /Users/andrescruz/Herd/livewirestore/vendor/laravel/framework/src/Illuminate/Pipeline/Pipeline.php(219): Illuminate\\Http\\Middleware\\ValidatePathEncoding->handle(Object(Illuminate\\Http\\Request), Object(Closure))
#67 /Users/andrescruz/Herd/livewirestore/vendor/laravel/framework/src/Illuminate/Pipeline/Pipeline.php(137): Illuminate\\Pipeline\\Pipeline->{closure:{closure:Illuminate\\Pipeline\\Pipeline::carry():194}:195}(Object(Illuminate\\Http\\Request))
#68 /Users/andrescruz/Herd/livewirestore/vendor/laravel/framework/src/Illuminate/Foundation/Http/Kernel.php(175): Illuminate\\Pipeline\\Pipeline->then(Object(Closure))
#69 /Users/andrescruz/Herd/livewirestore/vendor/laravel/framework/src/Illuminate/Foundation/Http/Kernel.php(144): Illuminate\\Foundation\\Http\\Kernel->sendRequestThroughRouter(Object(Illuminate\\Http\\Request))
#70 /Users/andrescruz/Herd/livewirestore/vendor/laravel/framework/src/Illuminate/Foundation/Application.php(1220): Illuminate\\Foundation\\Http\\Kernel->handle(Object(Illuminate\\Http\\Request))
#71 /Users/andrescruz/Herd/livewirestore/public/index.php(20): Illuminate\\Foundation\\Application->handleRequest(Object(Illuminate\\Http\\Request))
#72 /Applications/Herd.app/Contents/Resources/valet/server.php(167): require('/Users/andrescr...')
#73 {main}
"} 
[2026-06-01 18:30:11] local.ERROR: Missing required parameter for [Route: dashboard] [URI: {current_team}/dashboard] [Missing parameter: current_team]. (View: /Users/andrescruz/Herd/livewirestore/resources/views/welcome.blade.php) {"exception":"[object] (Illuminate\\View\\ViewException(code: 0): Missing required parameter for [Route: dashboard] [URI: {current_team}/dashboard] [Missing parameter: current_team]. (View: /Users/andrescruz/Herd/livewirestore/resources/views/welcome.blade.php) at /Users/andrescruz/Herd/livewirestore/vendor/laravel/framework/src/Illuminate/Routing/Exceptions/UrlGenerationException.php:35)
[stacktrace]
#0 /Users/andrescruz/Herd/livewirestore/vendor/livewire/livewire/src/Mechanisms/ExtendBlade/ExtendedCompilerEngine.php(58): Illuminate\\View\\Engines\\CompilerEngine->handleViewException(Object(Illuminate\\Routing\\Exceptions\\UrlGenerationException), 1)
#1 /Users/andrescruz/Herd/livewirestore/vendor/laravel/framework/src/Illuminate/View/Engines/PhpEngine.php(59): Livewire\\Mechanisms\\ExtendBlade\\ExtendedCompilerEngine->handleViewException(Object(Illuminate\\Routing\\Exceptions\\UrlGenerationException), 1)
#2 /Users/andrescruz/Herd/livewirestore/vendor/livewire/livewire/src/Mechanisms/ExtendBlade/ExtendedCompilerEngine.php(22): Illuminate\\View\\Engines\\PhpEngine->evaluatePath('/Users/andrescr...', Array)
#3 /Users/andrescruz/Herd/livewirestore/vendor/laravel/framework/src/Illuminate/View/Engines/CompilerEngine.php(76): Livewire\\Mechanisms\\ExtendBlade\\ExtendedCompilerEngine->evaluatePath('/Users/andrescr...', Array)
#4 /Users/andrescruz/Herd/livewirestore/vendor/livewire/livewire/src/Mechanisms/ExtendBlade/ExtendedCompilerEngine.php(10): Illuminate\\View\\Engines\\CompilerEngine->get('/Users/andrescr...', Array)
#5 /Users/andrescruz/Herd/livewirestore/vendor/laravel/framework/src/Illuminate/View/View.php(208): Livewire\\Mechanisms\\ExtendBlade\\ExtendedCompilerEngine->get('/Users/andrescr...', Array)
#6 /Users/andrescruz/Herd/livewirestore/vendor/laravel/framework/src/Illuminate/View/View.php(191): Illuminate\\View\\View->getContents()
#7 /Users/andrescruz/Herd/livewirestore/vendor/laravel/framework/src/Illuminate/View/View.php(160): Illuminate\\View\\View->renderContents()
#8 /Users/andrescruz/Herd/livewirestore/vendor/laravel/framework/src/Illuminate/Http/Response.php(78): Illuminate\\View\\View->render()
#9 /Users/andrescruz/Herd/livewirestore/vendor/laravel/framework/src/Illuminate/Http/Response.php(34): Illuminate\\Http\\Response->setContent(Object(Illuminate\\View\\View))
#10 /Users/andrescruz/Herd/livewirestore/vendor/laravel/framework/src/Illuminate/Routing/ResponseFactory.php(61): Illuminate\\Http\\Response->__construct(Object(Illuminate\\View\\View), 200, Array)
#11 /Users/andrescruz/Herd/livewirestore/vendor/laravel/framework/src/Illuminate/Routing/ResponseFactory.php(91): Illuminate\\Routing\\ResponseFactory->make(Object(Illuminate\\View\\View), 200, Array)
#12 /Users/andrescruz/Herd/livewirestore/vendor/laravel/framework/src/Illuminate/Routing/ViewController.php(40): Illuminate\\Routing\\ResponseFactory->view('welcome', Array, 200, Array)
#13 /Users/andrescruz/Herd/livewirestore/vendor/laravel/framework/src/Illuminate/Routing/ViewController.php(57): Illuminate\\Routing\\ViewController->__invoke(view: 'welcome', data: Array, status: 200, headers: Array)
#14 /Users/andrescruz/Herd/livewirestore/vendor/laravel/framework/src/Illuminate/Routing/ControllerDispatcher.php(43): Illuminate\\Routing\\ViewController->callAction('__invoke', Array)
#15 /Users/andrescruz/Herd/livewirestore/vendor/laravel/framework/src/Illuminate/Routing/Route.php(269): Illuminate\\Routing\\ControllerDispatcher->dispatch(Object(Illuminate\\Routing\\Route), Object(Illuminate\\Routing\\ViewController), '__invoke')
#16 /Users/andrescruz/Herd/livewirestore/vendor/laravel/framework/src/Illuminate/Routing/Route.php(215): Illuminate\\Routing\\Route->runController()
#17 /Users/andrescruz/Herd/livewirestore/vendor/laravel/framework/src/Illuminate/Routing/Router.php(822): Illuminate\\Routing\\Route->run()
#18 /Users/andrescruz/Herd/livewirestore/vendor/laravel/framework/src/Illuminate/Pipeline/Pipeline.php(180): Illuminate\\Routing\\Router->{closure:Illuminate\\Routing\\Router::runRouteWithinStack():821}(Object(Illuminate\\Http\\Request))
#19 /Users/andrescruz/Herd/livewirestore/app/Http/Middleware/SetTeamUrlDefaults.php(26): Illuminate\\Pipeline\\Pipeline->{closure:Illuminate\\Pipeline\\Pipeline::prepareDestination():178}(Object(Illuminate\\Http\\Request))
#20 /Users/andrescruz/Herd/livewirestore/vendor/laravel/framework/src/Illuminate/Pipeline/Pipeline.php(219): App\\Http\\Middleware\\SetTeamUrlDefaults->handle(Object(Illuminate\\Http\\Request), Object(Closure))
#21 /Users/andrescruz/Herd/livewirestore/vendor/laravel/framework/src/Illuminate/Routing/Middleware/SubstituteBindings.php(52): Illuminate\\Pipeline\\Pipeline->{closure:{closure:Illuminate\\Pipeline\\Pipeline::carry():194}:195}(Object(Illuminate\\Http\\Request))
#22 /Users/andrescruz/Herd/livewirestore/vendor/laravel/framework/src/Illuminate/Pipeline/Pipeline.php(219): Illuminate\\Routing\\Middleware\\SubstituteBindings->handle(Object(Illuminate\\Http\\Request), Object(Closure))
#23 /Users/andrescruz/Herd/livewirestore/vendor/laravel/framework/src/Illuminate/Foundation/Http/Middleware/PreventRequestForgery.php(104): Illuminate\\Pipeline\\Pipeline->{closure:{closure:Illuminate\\Pipeline\\Pipeline::carry():194}:195}(Object(Illuminate\\Http\\Request))
#24 /Users/andrescruz/Herd/livewirestore/vendor/laravel/framework/src/Illuminate/Pipeline/Pipeline.php(219): Illuminate\\Foundation\\Http\\Middleware\\PreventRequestForgery->handle(Object(Illuminate\\Http\\Request), Object(Closure))
#25 /Users/andrescruz/Herd/livewirestore/vendor/laravel/framework/src/Illuminate/View/Middleware/ShareErrorsFromSession.php(48): Illuminate\\Pipeline\\Pipeline->{closure:{closure:Illuminate\\Pipeline\\Pipeline::carry():194}:195}(Object(Illuminate\\Http\\Request))
#26 /Users/andrescruz/Herd/livewirestore/vendor/laravel/framework/src/Illuminate/Pipeline/Pipeline.php(219): Illuminate\\View\\Middleware\\ShareErrorsFromSession->handle(Object(Illuminate\\Http\\Request), Object(Closure))
#27 /Users/andrescruz/Herd/livewirestore/vendor/laravel/framework/src/Illuminate/Session/Middleware/StartSession.php(120): Illuminate\\Pipeline\\Pipeline->{closure:{closure:Illuminate\\Pipeline\\Pipeline::carry():194}:195}(Object(Illuminate\\Http\\Request))
#28 /Users/andrescruz/Herd/livewirestore/vendor/laravel/framework/src/Illuminate/Session/Middleware/StartSession.php(63): Illuminate\\Session\\Middleware\\StartSession->handleStatefulRequest(Object(Illuminate\\Http\\Request), Object(Illuminate\\Session\\Store), Object(Closure))
#29 /Users/andrescruz/Herd/livewirestore/vendor/laravel/framework/src/Illuminate/Pipeline/Pipeline.php(219): Illuminate\\Session\\Middleware\\StartSession->handle(Object(Illuminate\\Http\\Request), Object(Closure))
#30 /Users/andrescruz/Herd/livewirestore/vendor/laravel/framework/src/Illuminate/Cookie/Middleware/AddQueuedCookiesToResponse.php(36): Illuminate\\Pipeline\\Pipeline->{closure:{closure:Illuminate\\Pipeline\\Pipeline::carry():194}:195}(Object(Illuminate\\Http\\Request))
#31 /Users/andrescruz/Herd/livewirestore/vendor/laravel/framework/src/Illuminate/Pipeline/Pipeline.php(219): Illuminate\\Cookie\\Middleware\\AddQueuedCookiesToResponse->handle(Object(Illuminate\\Http\\Request), Object(Closure))
#32 /Users/andrescruz/Herd/livewirestore/vendor/laravel/framework/src/Illuminate/Cookie/Middleware/EncryptCookies.php(74): Illuminate\\Pipeline\\Pipeline->{closure:{closure:Illuminate\\Pipeline\\Pipeline::carry():194}:195}(Object(Illuminate\\Http\\Request))
#33 /Users/andrescruz/Herd/livewirestore/vendor/laravel/framework/src/Illuminate/Pipeline/Pipeline.php(219): Illuminate\\Cookie\\Middleware\\EncryptCookies->handle(Object(Illuminate\\Http\\Request), Object(Closure))
#34 /Users/andrescruz/Herd/livewirestore/vendor/laravel/framework/src/Illuminate/Pipeline/Pipeline.php(137): Illuminate\\Pipeline\\Pipeline->{closure:{closure:Illuminate\\Pipeline\\Pipeline::carry():194}:195}(Object(Illuminate\\Http\\Request))
#35 /Users/andrescruz/Herd/livewirestore/vendor/laravel/framework/src/Illuminate/Routing/Router.php(821): Illuminate\\Pipeline\\Pipeline->then(Object(Closure))
#36 /Users/andrescruz/Herd/livewirestore/vendor/laravel/framework/src/Illuminate/Routing/Router.php(800): Illuminate\\Routing\\Router->runRouteWithinStack(Object(Illuminate\\Routing\\Route), Object(Illuminate\\Http\\Request))
#37 /Users/andrescruz/Herd/livewirestore/vendor/laravel/framework/src/Illuminate/Routing/Router.php(764): Illuminate\\Routing\\Router->runRoute(Object(Illuminate\\Http\\Request), Object(Illuminate\\Routing\\Route))
#38 /Users/andrescruz/Herd/livewirestore/vendor/laravel/framework/src/Illuminate/Routing/Router.php(753): Illuminate\\Routing\\Router->dispatchToRoute(Object(Illuminate\\Http\\Request))
#39 /Users/andrescruz/Herd/livewirestore/vendor/laravel/framework/src/Illuminate/Foundation/Http/Kernel.php(200): Illuminate\\Routing\\Router->dispatch(Object(Illuminate\\Http\\Request))
#40 /Users/andrescruz/Herd/livewirestore/vendor/laravel/framework/src/Illuminate/Pipeline/Pipeline.php(180): Illuminate\\Foundation\\Http\\Kernel->{closure:Illuminate\\Foundation\\Http\\Kernel::dispatchToRouter():197}(Object(Illuminate\\Http\\Request))
#41 /Users/andrescruz/Herd/livewirestore/vendor/livewire/livewire/src/Features/SupportDisablingBackButtonCache/DisableBackButtonCacheMiddleware.php(19): Illuminate\\Pipeline\\Pipeline->{closure:Illuminate\\Pipeline\\Pipeline::prepareDestination():178}(Object(Illuminate\\Http\\Request))
#42 /Users/andrescruz/Herd/livewirestore/vendor/laravel/framework/src/Illuminate/Pipeline/Pipeline.php(219): Livewire\\Features\\SupportDisablingBackButtonCache\\DisableBackButtonCacheMiddleware->handle(Object(Illuminate\\Http\\Request), Object(Closure))
#43 /Users/andrescruz/Herd/livewirestore/vendor/laravel/framework/src/Illuminate/Foundation/Http/Middleware/TransformsRequest.php(21): Illuminate\\Pipeline\\Pipeline->{closure:{closure:Illuminate\\Pipeline\\Pipeline::carry():194}:195}(Object(Illuminate\\Http\\Request))
#44 /Users/andrescruz/Herd/livewirestore/vendor/laravel/framework/src/Illuminate/Foundation/Http/Middleware/ConvertEmptyStringsToNull.php(31): Illuminate\\Foundation\\Http\\Middleware\\TransformsRequest->handle(Object(Illuminate\\Http\\Request), Object(Closure))
#45 /Users/andrescruz/Herd/livewirestore/vendor/laravel/framework/src/Illuminate/Pipeline/Pipeline.php(219): Illuminate\\Foundation\\Http\\Middleware\\ConvertEmptyStringsToNull->handle(Object(Illuminate\\Http\\Request), Object(Closure))
#46 /Users/andrescruz/Herd/livewirestore/vendor/laravel/framework/src/Illuminate/Foundation/Http/Middleware/TransformsRequest.php(21): Illuminate\\Pipeline\\Pipeline->{closure:{closure:Illuminate\\Pipeline\\Pipeline::carry():194}:195}(Object(Illuminate\\Http\\Request))
#47 /Users/andrescruz/Herd/livewirestore/vendor/laravel/framework/src/Illuminate/Foundation/Http/Middleware/TrimStrings.php(51): Illuminate\\Foundation\\Http\\Middleware\\TransformsRequest->handle(Object(Illuminate\\Http\\Request), Object(Closure))
#48 /Users/andrescruz/Herd/livewirestore/vendor/laravel/framework/src/Illuminate/Pipeline/Pipeline.php(219): Illuminate\\Foundation\\Http\\Middleware\\TrimStrings->handle(Object(Illuminate\\Http\\Request), Object(Closure))
#49 /Users/andrescruz/Herd/livewirestore/vendor/laravel/framework/src/Illuminate/Http/Middleware/ValidatePostSize.php(27): Illuminate\\Pipeline\\Pipeline->{closure:{closure:Illuminate\\Pipeline\\Pipeline::carry():194}:195}(Object(Illuminate\\Http\\Request))
#50 /Users/andrescruz/Herd/livewirestore/vendor/laravel/framework/src/Illuminate/Pipeline/Pipeline.php(219): Illuminate\\Http\\Middleware\\ValidatePostSize->handle(Object(Illuminate\\Http\\Request), Object(Closure))
#51 /Users/andrescruz/Herd/livewirestore/vendor/laravel/framework/src/Illuminate/Foundation/Http/Middleware/PreventRequestsDuringMaintenance.php(109): Illuminate\\Pipeline\\Pipeline->{closure:{closure:Illuminate\\Pipeline\\Pipeline::carry():194}:195}(Object(Illuminate\\Http\\Request))
#52 /Users/andrescruz/Herd/livewirestore/vendor/laravel/framework/src/Illuminate/Pipeline/Pipeline.php(219): Illuminate\\Foundation\\Http\\Middleware\\PreventRequestsDuringMaintenance->handle(Object(Illuminate\\Http\\Request), Object(Closure))
#53 /Users/andrescruz/Herd/livewirestore/vendor/laravel/framework/src/Illuminate/Http/Middleware/HandleCors.php(61): Illuminate\\Pipeline\\Pipeline->{closure:{closure:Illuminate\\Pipeline\\Pipeline::carry():194}:195}(Object(Illuminate\\Http\\Request))
#54 /Users/andrescruz/Herd/livewirestore/vendor/laravel/framework/src/Illuminate/Pipeline/Pipeline.php(219): Illuminate\\Http\\Middleware\\HandleCors->handle(Object(Illuminate\\Http\\Request), Object(Closure))
#55 /Users/andrescruz/Herd/livewirestore/vendor/laravel/framework/src/Illuminate/Http/Middleware/TrustProxies.php(58): Illuminate\\Pipeline\\Pipeline->{closure:{closure:Illuminate\\Pipeline\\Pipeline::carry():194}:195}(Object(Illuminate\\Http\\Request))
#56 /Users/andrescruz/Herd/livewirestore/vendor/laravel/framework/src/Illuminate/Pipeline/Pipeline.php(219): Illuminate\\Http\\Middleware\\TrustProxies->handle(Object(Illuminate\\Http\\Request), Object(Closure))
#57 /Users/andrescruz/Herd/livewirestore/vendor/laravel/framework/src/Illuminate/Foundation/Http/Middleware/InvokeDeferredCallbacks.php(22): Illuminate\\Pipeline\\Pipeline->{closure:{closure:Illuminate\\Pipeline\\Pipeline::carry():194}:195}(Object(Illuminate\\Http\\Request))
#58 /Users/andrescruz/Herd/livewirestore/vendor/laravel/framework/src/Illuminate/Pipeline/Pipeline.php(219): Illuminate\\Foundation\\Http\\Middleware\\InvokeDeferredCallbacks->handle(Object(Illuminate\\Http\\Request), Object(Closure))
#59 /Users/andrescruz/Herd/livewirestore/vendor/laravel/framework/src/Illuminate/Http/Middleware/ValidatePathEncoding.php(28): Illuminate\\Pipeline\\Pipeline->{closure:{closure:Illuminate\\Pipeline\\Pipeline::carry():194}:195}(Object(Illuminate\\Http\\Request))
#60 /Users/andrescruz/Herd/livewirestore/vendor/laravel/framework/src/Illuminate/Pipeline/Pipeline.php(219): Illuminate\\Http\\Middleware\\ValidatePathEncoding->handle(Object(Illuminate\\Http\\Request), Object(Closure))
#61 /Users/andrescruz/Herd/livewirestore/vendor/laravel/framework/src/Illuminate/Pipeline/Pipeline.php(137): Illuminate\\Pipeline\\Pipeline->{closure:{closure:Illuminate\\Pipeline\\Pipeline::carry():194}:195}(Object(Illuminate\\Http\\Request))
#62 /Users/andrescruz/Herd/livewirestore/vendor/laravel/framework/src/Illuminate/Foundation/Http/Kernel.php(175): Illuminate\\Pipeline\\Pipeline->then(Object(Closure))
#63 /Users/andrescruz/Herd/livewirestore/vendor/laravel/framework/src/Illuminate/Foundation/Http/Kernel.php(144): Illuminate\\Foundation\\Http\\Kernel->sendRequestThroughRouter(Object(Illuminate\\Http\\Request))
#64 /Users/andrescruz/Herd/livewirestore/vendor/laravel/framework/src/Illuminate/Foundation/Application.php(1220): Illuminate\\Foundation\\Http\\Kernel->handle(Object(Illuminate\\Http\\Request))
#65 /Users/andrescruz/Herd/livewirestore/public/index.php(20): Illuminate\\Foundation\\Application->handleRequest(Object(Illuminate\\Http\\Request))
#66 /Applications/Herd.app/Contents/Resources/valet/server.php(167): require('/Users/andrescr...')
#67 {main}

[previous exception] [object] (Illuminate\\Routing\\Exceptions\\UrlGenerationException(code: 0): Missing required parameter for [Route: dashboard] [URI: {current_team}/dashboard] [Missing parameter: current_team]. at /Users/andrescruz/Herd/livewirestore/vendor/laravel/framework/src/Illuminate/Routing/Exceptions/UrlGenerationException.php:35)
[stacktrace]
#0 /Users/andrescruz/Herd/livewirestore/vendor/laravel/framework/src/Illuminate/Routing/RouteUrlGenerator.php(94): Illuminate\\Routing\\Exceptions\\UrlGenerationException::forMissingParameters(Object(Illuminate\\Routing\\Route), Array)
#1 /Users/andrescruz/Herd/livewirestore/vendor/laravel/framework/src/Illuminate/Routing/UrlGenerator.php(551): Illuminate\\Routing\\RouteUrlGenerator->to(Object(Illuminate\\Routing\\Route), Array, true)
#2 /Users/andrescruz/Herd/livewirestore/vendor/laravel/framework/src/Illuminate/Routing/UrlGenerator.php(528): Illuminate\\Routing\\UrlGenerator->toRoute(Object(Illuminate\\Routing\\Route), Array, true)
#3 /Users/andrescruz/Herd/livewirestore/vendor/laravel/framework/src/Illuminate/Foundation/helpers.php(870): Illuminate\\Routing\\UrlGenerator->route('dashboard', Array, true)
#4 /Users/andrescruz/Herd/livewirestore/storage/framework/views/acbccf6584549f71e09089802fb13526.php(65): route('dashboard')
#5 /Users/andrescruz/Herd/livewirestore/vendor/laravel/framework/src/Illuminate/Filesystem/Filesystem.php(123): require('/Users/andrescr...')
#6 /Users/andrescruz/Herd/livewirestore/vendor/laravel/framework/src/Illuminate/Filesystem/Filesystem.php(124): Illuminate\\Filesystem\\Filesystem::{closure:Illuminate\\Filesystem\\Filesystem::getRequire():120}()
#7 /Users/andrescruz/Herd/livewirestore/vendor/laravel/framework/src/Illuminate/View/Engines/PhpEngine.php(57): Illuminate\\Filesystem\\Filesystem->getRequire('/Users/andrescr...', Array)
#8 /Users/andrescruz/Herd/livewirestore/vendor/livewire/livewire/src/Mechanisms/ExtendBlade/ExtendedCompilerEngine.php(22): Illuminate\\View\\Engines\\PhpEngine->evaluatePath('/Users/andrescr...', Array)
#9 /Users/andrescruz/Herd/livewirestore/vendor/laravel/framework/src/Illuminate/View/Engines/CompilerEngine.php(76): Livewire\\Mechanisms\\ExtendBlade\\ExtendedCompilerEngine->evaluatePath('/Users/andrescr...', Array)
#10 /Users/andrescruz/Herd/livewirestore/vendor/livewire/livewire/src/Mechanisms/ExtendBlade/ExtendedCompilerEngine.php(10): Illuminate\\View\\Engines\\CompilerEngine->get('/Users/andrescr...', Array)
#11 /Users/andrescruz/Herd/livewirestore/vendor/laravel/framework/src/Illuminate/View/View.php(208): Livewire\\Mechanisms\\ExtendBlade\\ExtendedCompilerEngine->get('/Users/andrescr...', Array)
#12 /Users/andrescruz/Herd/livewirestore/vendor/laravel/framework/src/Illuminate/View/View.php(191): Illuminate\\View\\View->getContents()
#13 /Users/andrescruz/Herd/livewirestore/vendor/laravel/framework/src/Illuminate/View/View.php(160): Illuminate\\View\\View->renderContents()
#14 /Users/andrescruz/Herd/livewirestore/vendor/laravel/framework/src/Illuminate/Http/Response.php(78): Illuminate\\View\\View->render()
#15 /Users/andrescruz/Herd/livewirestore/vendor/laravel/framework/src/Illuminate/Http/Response.php(34): Illuminate\\Http\\Response->setContent(Object(Illuminate\\View\\View))
#16 /Users/andrescruz/Herd/livewirestore/vendor/laravel/framework/src/Illuminate/Routing/ResponseFactory.php(61): Illuminate\\Http\\Response->__construct(Object(Illuminate\\View\\View), 200, Array)
#17 /Users/andrescruz/Herd/livewirestore/vendor/laravel/framework/src/Illuminate/Routing/ResponseFactory.php(91): Illuminate\\Routing\\ResponseFactory->make(Object(Illuminate\\View\\View), 200, Array)
#18 /Users/andrescruz/Herd/livewirestore/vendor/laravel/framework/src/Illuminate/Routing/ViewController.php(40): Illuminate\\Routing\\ResponseFactory->view('welcome', Array, 200, Array)
#19 /Users/andrescruz/Herd/livewirestore/vendor/laravel/framework/src/Illuminate/Routing/ViewController.php(57): Illuminate\\Routing\\ViewController->__invoke(view: 'welcome', data: Array, status: 200, headers: Array)
#20 /Users/andrescruz/Herd/livewirestore/vendor/laravel/framework/src/Illuminate/Routing/ControllerDispatcher.php(43): Illuminate\\Routing\\ViewController->callAction('__invoke', Array)
#21 /Users/andrescruz/Herd/livewirestore/vendor/laravel/framework/src/Illuminate/Routing/Route.php(269): Illuminate\\Routing\\ControllerDispatcher->dispatch(Object(Illuminate\\Routing\\Route), Object(Illuminate\\Routing\\ViewController), '__invoke')
#22 /Users/andrescruz/Herd/livewirestore/vendor/laravel/framework/src/Illuminate/Routing/Route.php(215): Illuminate\\Routing\\Route->runController()
#23 /Users/andrescruz/Herd/livewirestore/vendor/laravel/framework/src/Illuminate/Routing/Router.php(822): Illuminate\\Routing\\Route->run()
#24 /Users/andrescruz/Herd/livewirestore/vendor/laravel/framework/src/Illuminate/Pipeline/Pipeline.php(180): Illuminate\\Routing\\Router->{closure:Illuminate\\Routing\\Router::runRouteWithinStack():821}(Object(Illuminate\\Http\\Request))
#25 /Users/andrescruz/Herd/livewirestore/app/Http/Middleware/SetTeamUrlDefaults.php(26): Illuminate\\Pipeline\\Pipeline->{closure:Illuminate\\Pipeline\\Pipeline::prepareDestination():178}(Object(Illuminate\\Http\\Request))
#26 /Users/andrescruz/Herd/livewirestore/vendor/laravel/framework/src/Illuminate/Pipeline/Pipeline.php(219): App\\Http\\Middleware\\SetTeamUrlDefaults->handle(Object(Illuminate\\Http\\Request), Object(Closure))
#27 /Users/andrescruz/Herd/livewirestore/vendor/laravel/framework/src/Illuminate/Routing/Middleware/SubstituteBindings.php(52): Illuminate\\Pipeline\\Pipeline->{closure:{closure:Illuminate\\Pipeline\\Pipeline::carry():194}:195}(Object(Illuminate\\Http\\Request))
#28 /Users/andrescruz/Herd/livewirestore/vendor/laravel/framework/src/Illuminate/Pipeline/Pipeline.php(219): Illuminate\\Routing\\Middleware\\SubstituteBindings->handle(Object(Illuminate\\Http\\Request), Object(Closure))
#29 /Users/andrescruz/Herd/livewirestore/vendor/laravel/framework/src/Illuminate/Foundation/Http/Middleware/PreventRequestForgery.php(104): Illuminate\\Pipeline\\Pipeline->{closure:{closure:Illuminate\\Pipeline\\Pipeline::carry():194}:195}(Object(Illuminate\\Http\\Request))
#30 /Users/andrescruz/Herd/livewirestore/vendor/laravel/framework/src/Illuminate/Pipeline/Pipeline.php(219): Illuminate\\Foundation\\Http\\Middleware\\PreventRequestForgery->handle(Object(Illuminate\\Http\\Request), Object(Closure))
#31 /Users/andrescruz/Herd/livewirestore/vendor/laravel/framework/src/Illuminate/View/Middleware/ShareErrorsFromSession.php(48): Illuminate\\Pipeline\\Pipeline->{closure:{closure:Illuminate\\Pipeline\\Pipeline::carry():194}:195}(Object(Illuminate\\Http\\Request))
#32 /Users/andrescruz/Herd/livewirestore/vendor/laravel/framework/src/Illuminate/Pipeline/Pipeline.php(219): Illuminate\\View\\Middleware\\ShareErrorsFromSession->handle(Object(Illuminate\\Http\\Request), Object(Closure))
#33 /Users/andrescruz/Herd/livewirestore/vendor/laravel/framework/src/Illuminate/Session/Middleware/StartSession.php(120): Illuminate\\Pipeline\\Pipeline->{closure:{closure:Illuminate\\Pipeline\\Pipeline::carry():194}:195}(Object(Illuminate\\Http\\Request))
#34 /Users/andrescruz/Herd/livewirestore/vendor/laravel/framework/src/Illuminate/Session/Middleware/StartSession.php(63): Illuminate\\Session\\Middleware\\StartSession->handleStatefulRequest(Object(Illuminate\\Http\\Request), Object(Illuminate\\Session\\Store), Object(Closure))
#35 /Users/andrescruz/Herd/livewirestore/vendor/laravel/framework/src/Illuminate/Pipeline/Pipeline.php(219): Illuminate\\Session\\Middleware\\StartSession->handle(Object(Illuminate\\Http\\Request), Object(Closure))
#36 /Users/andrescruz/Herd/livewirestore/vendor/laravel/framework/src/Illuminate/Cookie/Middleware/AddQueuedCookiesToResponse.php(36): Illuminate\\Pipeline\\Pipeline->{closure:{closure:Illuminate\\Pipeline\\Pipeline::carry():194}:195}(Object(Illuminate\\Http\\Request))
#37 /Users/andrescruz/Herd/livewirestore/vendor/laravel/framework/src/Illuminate/Pipeline/Pipeline.php(219): Illuminate\\Cookie\\Middleware\\AddQueuedCookiesToResponse->handle(Object(Illuminate\\Http\\Request), Object(Closure))
#38 /Users/andrescruz/Herd/livewirestore/vendor/laravel/framework/src/Illuminate/Cookie/Middleware/EncryptCookies.php(74): Illuminate\\Pipeline\\Pipeline->{closure:{closure:Illuminate\\Pipeline\\Pipeline::carry():194}:195}(Object(Illuminate\\Http\\Request))
#39 /Users/andrescruz/Herd/livewirestore/vendor/laravel/framework/src/Illuminate/Pipeline/Pipeline.php(219): Illuminate\\Cookie\\Middleware\\EncryptCookies->handle(Object(Illuminate\\Http\\Request), Object(Closure))
#40 /Users/andrescruz/Herd/livewirestore/vendor/laravel/framework/src/Illuminate/Pipeline/Pipeline.php(137): Illuminate\\Pipeline\\Pipeline->{closure:{closure:Illuminate\\Pipeline\\Pipeline::carry():194}:195}(Object(Illuminate\\Http\\Request))
#41 /Users/andrescruz/Herd/livewirestore/vendor/laravel/framework/src/Illuminate/Routing/Router.php(821): Illuminate\\Pipeline\\Pipeline->then(Object(Closure))
#42 /Users/andrescruz/Herd/livewirestore/vendor/laravel/framework/src/Illuminate/Routing/Router.php(800): Illuminate\\Routing\\Router->runRouteWithinStack(Object(Illuminate\\Routing\\Route), Object(Illuminate\\Http\\Request))
#43 /Users/andrescruz/Herd/livewirestore/vendor/laravel/framework/src/Illuminate/Routing/Router.php(764): Illuminate\\Routing\\Router->runRoute(Object(Illuminate\\Http\\Request), Object(Illuminate\\Routing\\Route))
#44 /Users/andrescruz/Herd/livewirestore/vendor/laravel/framework/src/Illuminate/Routing/Router.php(753): Illuminate\\Routing\\Router->dispatchToRoute(Object(Illuminate\\Http\\Request))
#45 /Users/andrescruz/Herd/livewirestore/vendor/laravel/framework/src/Illuminate/Foundation/Http/Kernel.php(200): Illuminate\\Routing\\Router->dispatch(Object(Illuminate\\Http\\Request))
#46 /Users/andrescruz/Herd/livewirestore/vendor/laravel/framework/src/Illuminate/Pipeline/Pipeline.php(180): Illuminate\\Foundation\\Http\\Kernel->{closure:Illuminate\\Foundation\\Http\\Kernel::dispatchToRouter():197}(Object(Illuminate\\Http\\Request))
#47 /Users/andrescruz/Herd/livewirestore/vendor/livewire/livewire/src/Features/SupportDisablingBackButtonCache/DisableBackButtonCacheMiddleware.php(19): Illuminate\\Pipeline\\Pipeline->{closure:Illuminate\\Pipeline\\Pipeline::prepareDestination():178}(Object(Illuminate\\Http\\Request))
#48 /Users/andrescruz/Herd/livewirestore/vendor/laravel/framework/src/Illuminate/Pipeline/Pipeline.php(219): Livewire\\Features\\SupportDisablingBackButtonCache\\DisableBackButtonCacheMiddleware->handle(Object(Illuminate\\Http\\Request), Object(Closure))
#49 /Users/andrescruz/Herd/livewirestore/vendor/laravel/framework/src/Illuminate/Foundation/Http/Middleware/TransformsRequest.php(21): Illuminate\\Pipeline\\Pipeline->{closure:{closure:Illuminate\\Pipeline\\Pipeline::carry():194}:195}(Object(Illuminate\\Http\\Request))
#50 /Users/andrescruz/Herd/livewirestore/vendor/laravel/framework/src/Illuminate/Foundation/Http/Middleware/ConvertEmptyStringsToNull.php(31): Illuminate\\Foundation\\Http\\Middleware\\TransformsRequest->handle(Object(Illuminate\\Http\\Request), Object(Closure))
#51 /Users/andrescruz/Herd/livewirestore/vendor/laravel/framework/src/Illuminate/Pipeline/Pipeline.php(219): Illuminate\\Foundation\\Http\\Middleware\\ConvertEmptyStringsToNull->handle(Object(Illuminate\\Http\\Request), Object(Closure))
#52 /Users/andrescruz/Herd/livewirestore/vendor/laravel/framework/src/Illuminate/Foundation/Http/Middleware/TransformsRequest.php(21): Illuminate\\Pipeline\\Pipeline->{closure:{closure:Illuminate\\Pipeline\\Pipeline::carry():194}:195}(Object(Illuminate\\Http\\Request))
#53 /Users/andrescruz/Herd/livewirestore/vendor/laravel/framework/src/Illuminate/Foundation/Http/Middleware/TrimStrings.php(51): Illuminate\\Foundation\\Http\\Middleware\\TransformsRequest->handle(Object(Illuminate\\Http\\Request), Object(Closure))
#54 /Users/andrescruz/Herd/livewirestore/vendor/laravel/framework/src/Illuminate/Pipeline/Pipeline.php(219): Illuminate\\Foundation\\Http\\Middleware\\TrimStrings->handle(Object(Illuminate\\Http\\Request), Object(Closure))
#55 /Users/andrescruz/Herd/livewirestore/vendor/laravel/framework/src/Illuminate/Http/Middleware/ValidatePostSize.php(27): Illuminate\\Pipeline\\Pipeline->{closure:{closure:Illuminate\\Pipeline\\Pipeline::carry():194}:195}(Object(Illuminate\\Http\\Request))
#56 /Users/andrescruz/Herd/livewirestore/vendor/laravel/framework/src/Illuminate/Pipeline/Pipeline.php(219): Illuminate\\Http\\Middleware\\ValidatePostSize->handle(Object(Illuminate\\Http\\Request), Object(Closure))
#57 /Users/andrescruz/Herd/livewirestore/vendor/laravel/framework/src/Illuminate/Foundation/Http/Middleware/PreventRequestsDuringMaintenance.php(109): Illuminate\\Pipeline\\Pipeline->{closure:{closure:Illuminate\\Pipeline\\Pipeline::carry():194}:195}(Object(Illuminate\\Http\\Request))
#58 /Users/andrescruz/Herd/livewirestore/vendor/laravel/framework/src/Illuminate/Pipeline/Pipeline.php(219): Illuminate\\Foundation\\Http\\Middleware\\PreventRequestsDuringMaintenance->handle(Object(Illuminate\\Http\\Request), Object(Closure))
#59 /Users/andrescruz/Herd/livewirestore/vendor/laravel/framework/src/Illuminate/Http/Middleware/HandleCors.php(61): Illuminate\\Pipeline\\Pipeline->{closure:{closure:Illuminate\\Pipeline\\Pipeline::carry():194}:195}(Object(Illuminate\\Http\\Request))
#60 /Users/andrescruz/Herd/livewirestore/vendor/laravel/framework/src/Illuminate/Pipeline/Pipeline.php(219): Illuminate\\Http\\Middleware\\HandleCors->handle(Object(Illuminate\\Http\\Request), Object(Closure))
#61 /Users/andrescruz/Herd/livewirestore/vendor/laravel/framework/src/Illuminate/Http/Middleware/TrustProxies.php(58): Illuminate\\Pipeline\\Pipeline->{closure:{closure:Illuminate\\Pipeline\\Pipeline::carry():194}:195}(Object(Illuminate\\Http\\Request))
#62 /Users/andrescruz/Herd/livewirestore/vendor/laravel/framework/src/Illuminate/Pipeline/Pipeline.php(219): Illuminate\\Http\\Middleware\\TrustProxies->handle(Object(Illuminate\\Http\\Request), Object(Closure))
#63 /Users/andrescruz/Herd/livewirestore/vendor/laravel/framework/src/Illuminate/Foundation/Http/Middleware/InvokeDeferredCallbacks.php(22): Illuminate\\Pipeline\\Pipeline->{closure:{closure:Illuminate\\Pipeline\\Pipeline::carry():194}:195}(Object(Illuminate\\Http\\Request))
#64 /Users/andrescruz/Herd/livewirestore/vendor/laravel/framework/src/Illuminate/Pipeline/Pipeline.php(219): Illuminate\\Foundation\\Http\\Middleware\\InvokeDeferredCallbacks->handle(Object(Illuminate\\Http\\Request), Object(Closure))
#65 /Users/andrescruz/Herd/livewirestore/vendor/laravel/framework/src/Illuminate/Http/Middleware/ValidatePathEncoding.php(28): Illuminate\\Pipeline\\Pipeline->{closure:{closure:Illuminate\\Pipeline\\Pipeline::carry():194}:195}(Object(Illuminate\\Http\\Request))
#66 /Users/andrescruz/Herd/livewirestore/vendor/laravel/framework/src/Illuminate/Pipeline/Pipeline.php(219): Illuminate\\Http\\Middleware\\ValidatePathEncoding->handle(Object(Illuminate\\Http\\Request), Object(Closure))
#67 /Users/andrescruz/Herd/livewirestore/vendor/laravel/framework/src/Illuminate/Pipeline/Pipeline.php(137): Illuminate\\Pipeline\\Pipeline->{closure:{closure:Illuminate\\Pipeline\\Pipeline::carry():194}:195}(Object(Illuminate\\Http\\Request))
#68 /Users/andrescruz/Herd/livewirestore/vendor/laravel/framework/src/Illuminate/Foundation/Http/Kernel.php(175): Illuminate\\Pipeline\\Pipeline->then(Object(Closure))
#69 /Users/andrescruz/Herd/livewirestore/vendor/laravel/framework/src/Illuminate/Foundation/Http/Kernel.php(144): Illuminate\\Foundation\\Http\\Kernel->sendRequestThroughRouter(Object(Illuminate\\Http\\Request))
#70 /Users/andrescruz/Herd/livewirestore/vendor/laravel/framework/src/Illuminate/Foundation/Application.php(1220): Illuminate\\Foundation\\Http\\Kernel->handle(Object(Illuminate\\Http\\Request))
#71 /Users/andrescruz/Herd/livewirestore/public/index.php(20): Illuminate\\Foundation\\Application->handleRequest(Object(Illuminate\\Http\\Request))
#72 /Applications/Herd.app/Contents/Resources/valet/server.php(167): require('/Users/andrescr...')
#73 {main}
"} 
[2026-06-01 18:30:34] local.ERROR: Missing required parameter for [Route: dashboard] [URI: {current_team}/dashboard] [Missing parameter: current_team]. (View: /Users/andrescruz/Herd/livewirestore/resources/views/welcome.blade.php) {"exception":"[object] (Illuminate\\View\\ViewException(code: 0): Missing required parameter for [Route: dashboard] [URI: {current_team}/dashboard] [Missing parameter: current_team]. (View: /Users/andrescruz/Herd/livewirestore/resources/views/welcome.blade.php) at /Users/andrescruz/Herd/livewirestore/vendor/laravel/framework/src/Illuminate/Routing/Exceptions/UrlGenerationException.php:35)
[stacktrace]
#0 /Users/andrescruz/Herd/livewirestore/vendor/livewire/livewire/src/Mechanisms/ExtendBlade/ExtendedCompilerEngine.php(58): Illuminate\\View\\Engines\\CompilerEngine->handleViewException(Object(Illuminate\\Routing\\Exceptions\\UrlGenerationException), 1)
#1 /Users/andrescruz/Herd/livewirestore/vendor/laravel/framework/src/Illuminate/View/Engines/PhpEngine.php(59): Livewire\\Mechanisms\\ExtendBlade\\ExtendedCompilerEngine->handleViewException(Object(Illuminate\\Routing\\Exceptions\\UrlGenerationException), 1)
#2 /Users/andrescruz/Herd/livewirestore/vendor/livewire/livewire/src/Mechanisms/ExtendBlade/ExtendedCompilerEngine.php(22): Illuminate\\View\\Engines\\PhpEngine->evaluatePath('/Users/andrescr...', Array)
#3 /Users/andrescruz/Herd/livewirestore/vendor/laravel/framework/src/Illuminate/View/Engines/CompilerEngine.php(76): Livewire\\Mechanisms\\ExtendBlade\\ExtendedCompilerEngine->evaluatePath('/Users/andrescr...', Array)
#4 /Users/andrescruz/Herd/livewirestore/vendor/livewire/livewire/src/Mechanisms/ExtendBlade/ExtendedCompilerEngine.php(10): Illuminate\\View\\Engines\\CompilerEngine->get('/Users/andrescr...', Array)
#5 /Users/andrescruz/Herd/livewirestore/vendor/laravel/framework/src/Illuminate/View/View.php(208): Livewire\\Mechanisms\\ExtendBlade\\ExtendedCompilerEngine->get('/Users/andrescr...', Array)
#6 /Users/andrescruz/Herd/livewirestore/vendor/laravel/framework/src/Illuminate/View/View.php(191): Illuminate\\View\\View->getContents()
#7 /Users/andrescruz/Herd/livewirestore/vendor/laravel/framework/src/Illuminate/View/View.php(160): Illuminate\\View\\View->renderContents()
#8 /Users/andrescruz/Herd/livewirestore/vendor/laravel/framework/src/Illuminate/Http/Response.php(78): Illuminate\\View\\View->render()
#9 /Users/andrescruz/Herd/livewirestore/vendor/laravel/framework/src/Illuminate/Http/Response.php(34): Illuminate\\Http\\Response->setContent(Object(Illuminate\\View\\View))
#10 /Users/andrescruz/Herd/livewirestore/vendor/laravel/framework/src/Illuminate/Routing/ResponseFactory.php(61): Illuminate\\Http\\Response->__construct(Object(Illuminate\\View\\View), 200, Array)
#11 /Users/andrescruz/Herd/livewirestore/vendor/laravel/framework/src/Illuminate/Routing/ResponseFactory.php(91): Illuminate\\Routing\\ResponseFactory->make(Object(Illuminate\\View\\View), 200, Array)
#12 /Users/andrescruz/Herd/livewirestore/vendor/laravel/framework/src/Illuminate/Routing/ViewController.php(40): Illuminate\\Routing\\ResponseFactory->view('welcome', Array, 200, Array)
#13 /Users/andrescruz/Herd/livewirestore/vendor/laravel/framework/src/Illuminate/Routing/ViewController.php(57): Illuminate\\Routing\\ViewController->__invoke(view: 'welcome', data: Array, status: 200, headers: Array)
#14 /Users/andrescruz/Herd/livewirestore/vendor/laravel/framework/src/Illuminate/Routing/ControllerDispatcher.php(43): Illuminate\\Routing\\ViewController->callAction('__invoke', Array)
#15 /Users/andrescruz/Herd/livewirestore/vendor/laravel/framework/src/Illuminate/Routing/Route.php(269): Illuminate\\Routing\\ControllerDispatcher->dispatch(Object(Illuminate\\Routing\\Route), Object(Illuminate\\Routing\\ViewController), '__invoke')
#16 /Users/andrescruz/Herd/livewirestore/vendor/laravel/framework/src/Illuminate/Routing/Route.php(215): Illuminate\\Routing\\Route->runController()
#17 /Users/andrescruz/Herd/livewirestore/vendor/laravel/framework/src/Illuminate/Routing/Router.php(822): Illuminate\\Routing\\Route->run()
#18 /Users/andrescruz/Herd/livewirestore/vendor/laravel/framework/src/Illuminate/Pipeline/Pipeline.php(180): Illuminate\\Routing\\Router->{closure:Illuminate\\Routing\\Router::runRouteWithinStack():821}(Object(Illuminate\\Http\\Request))
#19 /Users/andrescruz/Herd/livewirestore/app/Http/Middleware/SetTeamUrlDefaults.php(26): Illuminate\\Pipeline\\Pipeline->{closure:Illuminate\\Pipeline\\Pipeline::prepareDestination():178}(Object(Illuminate\\Http\\Request))
#20 /Users/andrescruz/Herd/livewirestore/vendor/laravel/framework/src/Illuminate/Pipeline/Pipeline.php(219): App\\Http\\Middleware\\SetTeamUrlDefaults->handle(Object(Illuminate\\Http\\Request), Object(Closure))
#21 /Users/andrescruz/Herd/livewirestore/vendor/laravel/framework/src/Illuminate/Routing/Middleware/SubstituteBindings.php(52): Illuminate\\Pipeline\\Pipeline->{closure:{closure:Illuminate\\Pipeline\\Pipeline::carry():194}:195}(Object(Illuminate\\Http\\Request))
#22 /Users/andrescruz/Herd/livewirestore/vendor/laravel/framework/src/Illuminate/Pipeline/Pipeline.php(219): Illuminate\\Routing\\Middleware\\SubstituteBindings->handle(Object(Illuminate\\Http\\Request), Object(Closure))
#23 /Users/andrescruz/Herd/livewirestore/vendor/laravel/framework/src/Illuminate/Foundation/Http/Middleware/PreventRequestForgery.php(104): Illuminate\\Pipeline\\Pipeline->{closure:{closure:Illuminate\\Pipeline\\Pipeline::carry():194}:195}(Object(Illuminate\\Http\\Request))
#24 /Users/andrescruz/Herd/livewirestore/vendor/laravel/framework/src/Illuminate/Pipeline/Pipeline.php(219): Illuminate\\Foundation\\Http\\Middleware\\PreventRequestForgery->handle(Object(Illuminate\\Http\\Request), Object(Closure))
#25 /Users/andrescruz/Herd/livewirestore/vendor/laravel/framework/src/Illuminate/View/Middleware/ShareErrorsFromSession.php(48): Illuminate\\Pipeline\\Pipeline->{closure:{closure:Illuminate\\Pipeline\\Pipeline::carry():194}:195}(Object(Illuminate\\Http\\Request))
#26 /Users/andrescruz/Herd/livewirestore/vendor/laravel/framework/src/Illuminate/Pipeline/Pipeline.php(219): Illuminate\\View\\Middleware\\ShareErrorsFromSession->handle(Object(Illuminate\\Http\\Request), Object(Closure))
#27 /Users/andrescruz/Herd/livewirestore/vendor/laravel/framework/src/Illuminate/Session/Middleware/StartSession.php(120): Illuminate\\Pipeline\\Pipeline->{closure:{closure:Illuminate\\Pipeline\\Pipeline::carry():194}:195}(Object(Illuminate\\Http\\Request))
#28 /Users/andrescruz/Herd/livewirestore/vendor/laravel/framework/src/Illuminate/Session/Middleware/StartSession.php(63): Illuminate\\Session\\Middleware\\StartSession->handleStatefulRequest(Object(Illuminate\\Http\\Request), Object(Illuminate\\Session\\Store), Object(Closure))
#29 /Users/andrescruz/Herd/livewirestore/vendor/laravel/framework/src/Illuminate/Pipeline/Pipeline.php(219): Illuminate\\Session\\Middleware\\StartSession->handle(Object(Illuminate\\Http\\Request), Object(Closure))
#30 /Users/andrescruz/Herd/livewirestore/vendor/laravel/framework/src/Illuminate/Cookie/Middleware/AddQueuedCookiesToResponse.php(36): Illuminate\\Pipeline\\Pipeline->{closure:{closure:Illuminate\\Pipeline\\Pipeline::carry():194}:195}(Object(Illuminate\\Http\\Request))
#31 /Users/andrescruz/Herd/livewirestore/vendor/laravel/framework/src/Illuminate/Pipeline/Pipeline.php(219): Illuminate\\Cookie\\Middleware\\AddQueuedCookiesToResponse->handle(Object(Illuminate\\Http\\Request), Object(Closure))
#32 /Users/andrescruz/Herd/livewirestore/vendor/laravel/framework/src/Illuminate/Cookie/Middleware/EncryptCookies.php(74): Illuminate\\Pipeline\\Pipeline->{closure:{closure:Illuminate\\Pipeline\\Pipeline::carry():194}:195}(Object(Illuminate\\Http\\Request))
#33 /Users/andrescruz/Herd/livewirestore/vendor/laravel/framework/src/Illuminate/Pipeline/Pipeline.php(219): Illuminate\\Cookie\\Middleware\\EncryptCookies->handle(Object(Illuminate\\Http\\Request), Object(Closure))
#34 /Users/andrescruz/Herd/livewirestore/vendor/laravel/framework/src/Illuminate/Pipeline/Pipeline.php(137): Illuminate\\Pipeline\\Pipeline->{closure:{closure:Illuminate\\Pipeline\\Pipeline::carry():194}:195}(Object(Illuminate\\Http\\Request))
#35 /Users/andrescruz/Herd/livewirestore/vendor/laravel/framework/src/Illuminate/Routing/Router.php(821): Illuminate\\Pipeline\\Pipeline->then(Object(Closure))
#36 /Users/andrescruz/Herd/livewirestore/vendor/laravel/framework/src/Illuminate/Routing/Router.php(800): Illuminate\\Routing\\Router->runRouteWithinStack(Object(Illuminate\\Routing\\Route), Object(Illuminate\\Http\\Request))
#37 /Users/andrescruz/Herd/livewirestore/vendor/laravel/framework/src/Illuminate/Routing/Router.php(764): Illuminate\\Routing\\Router->runRoute(Object(Illuminate\\Http\\Request), Object(Illuminate\\Routing\\Route))
#38 /Users/andrescruz/Herd/livewirestore/vendor/laravel/framework/src/Illuminate/Routing/Router.php(753): Illuminate\\Routing\\Router->dispatchToRoute(Object(Illuminate\\Http\\Request))
#39 /Users/andrescruz/Herd/livewirestore/vendor/laravel/framework/src/Illuminate/Foundation/Http/Kernel.php(200): Illuminate\\Routing\\Router->dispatch(Object(Illuminate\\Http\\Request))
#40 /Users/andrescruz/Herd/livewirestore/vendor/laravel/framework/src/Illuminate/Pipeline/Pipeline.php(180): Illuminate\\Foundation\\Http\\Kernel->{closure:Illuminate\\Foundation\\Http\\Kernel::dispatchToRouter():197}(Object(Illuminate\\Http\\Request))
#41 /Users/andrescruz/Herd/livewirestore/vendor/livewire/livewire/src/Features/SupportDisablingBackButtonCache/DisableBackButtonCacheMiddleware.php(19): Illuminate\\Pipeline\\Pipeline->{closure:Illuminate\\Pipeline\\Pipeline::prepareDestination():178}(Object(Illuminate\\Http\\Request))
#42 /Users/andrescruz/Herd/livewirestore/vendor/laravel/framework/src/Illuminate/Pipeline/Pipeline.php(219): Livewire\\Features\\SupportDisablingBackButtonCache\\DisableBackButtonCacheMiddleware->handle(Object(Illuminate\\Http\\Request), Object(Closure))
#43 /Users/andrescruz/Herd/livewirestore/vendor/laravel/framework/src/Illuminate/Foundation/Http/Middleware/TransformsRequest.php(21): Illuminate\\Pipeline\\Pipeline->{closure:{closure:Illuminate\\Pipeline\\Pipeline::carry():194}:195}(Object(Illuminate\\Http\\Request))
#44 /Users/andrescruz/Herd/livewirestore/vendor/laravel/framework/src/Illuminate/Foundation/Http/Middleware/ConvertEmptyStringsToNull.php(31): Illuminate\\Foundation\\Http\\Middleware\\TransformsRequest->handle(Object(Illuminate\\Http\\Request), Object(Closure))
#45 /Users/andrescruz/Herd/livewirestore/vendor/laravel/framework/src/Illuminate/Pipeline/Pipeline.php(219): Illuminate\\Foundation\\Http\\Middleware\\ConvertEmptyStringsToNull->handle(Object(Illuminate\\Http\\Request), Object(Closure))
#46 /Users/andrescruz/Herd/livewirestore/vendor/laravel/framework/src/Illuminate/Foundation/Http/Middleware/TransformsRequest.php(21): Illuminate\\Pipeline\\Pipeline->{closure:{closure:Illuminate\\Pipeline\\Pipeline::carry():194}:195}(Object(Illuminate\\Http\\Request))
#47 /Users/andrescruz/Herd/livewirestore/vendor/laravel/framework/src/Illuminate/Foundation/Http/Middleware/TrimStrings.php(51): Illuminate\\Foundation\\Http\\Middleware\\TransformsRequest->handle(Object(Illuminate\\Http\\Request), Object(Closure))
#48 /Users/andrescruz/Herd/livewirestore/vendor/laravel/framework/src/Illuminate/Pipeline/Pipeline.php(219): Illuminate\\Foundation\\Http\\Middleware\\TrimStrings->handle(Object(Illuminate\\Http\\Request), Object(Closure))
#49 /Users/andrescruz/Herd/livewirestore/vendor/laravel/framework/src/Illuminate/Http/Middleware/ValidatePostSize.php(27): Illuminate\\Pipeline\\Pipeline->{closure:{closure:Illuminate\\Pipeline\\Pipeline::carry():194}:195}(Object(Illuminate\\Http\\Request))
#50 /Users/andrescruz/Herd/livewirestore/vendor/laravel/framework/src/Illuminate/Pipeline/Pipeline.php(219): Illuminate\\Http\\Middleware\\ValidatePostSize->handle(Object(Illuminate\\Http\\Request), Object(Closure))
#51 /Users/andrescruz/Herd/livewirestore/vendor/laravel/framework/src/Illuminate/Foundation/Http/Middleware/PreventRequestsDuringMaintenance.php(109): Illuminate\\Pipeline\\Pipeline->{closure:{closure:Illuminate\\Pipeline\\Pipeline::carry():194}:195}(Object(Illuminate\\Http\\Request))
#52 /Users/andrescruz/Herd/livewirestore/vendor/laravel/framework/src/Illuminate/Pipeline/Pipeline.php(219): Illuminate\\Foundation\\Http\\Middleware\\PreventRequestsDuringMaintenance->handle(Object(Illuminate\\Http\\Request), Object(Closure))
#53 /Users/andrescruz/Herd/livewirestore/vendor/laravel/framework/src/Illuminate/Http/Middleware/HandleCors.php(61): Illuminate\\Pipeline\\Pipeline->{closure:{closure:Illuminate\\Pipeline\\Pipeline::carry():194}:195}(Object(Illuminate\\Http\\Request))
#54 /Users/andrescruz/Herd/livewirestore/vendor/laravel/framework/src/Illuminate/Pipeline/Pipeline.php(219): Illuminate\\Http\\Middleware\\HandleCors->handle(Object(Illuminate\\Http\\Request), Object(Closure))
#55 /Users/andrescruz/Herd/livewirestore/vendor/laravel/framework/src/Illuminate/Http/Middleware/TrustProxies.php(58): Illuminate\\Pipeline\\Pipeline->{closure:{closure:Illuminate\\Pipeline\\Pipeline::carry():194}:195}(Object(Illuminate\\Http\\Request))
#56 /Users/andrescruz/Herd/livewirestore/vendor/laravel/framework/src/Illuminate/Pipeline/Pipeline.php(219): Illuminate\\Http\\Middleware\\TrustProxies->handle(Object(Illuminate\\Http\\Request), Object(Closure))
#57 /Users/andrescruz/Herd/livewirestore/vendor/laravel/framework/src/Illuminate/Foundation/Http/Middleware/InvokeDeferredCallbacks.php(22): Illuminate\\Pipeline\\Pipeline->{closure:{closure:Illuminate\\Pipeline\\Pipeline::carry():194}:195}(Object(Illuminate\\Http\\Request))
#58 /Users/andrescruz/Herd/livewirestore/vendor/laravel/framework/src/Illuminate/Pipeline/Pipeline.php(219): Illuminate\\Foundation\\Http\\Middleware\\InvokeDeferredCallbacks->handle(Object(Illuminate\\Http\\Request), Object(Closure))
#59 /Users/andrescruz/Herd/livewirestore/vendor/laravel/framework/src/Illuminate/Http/Middleware/ValidatePathEncoding.php(28): Illuminate\\Pipeline\\Pipeline->{closure:{closure:Illuminate\\Pipeline\\Pipeline::carry():194}:195}(Object(Illuminate\\Http\\Request))
#60 /Users/andrescruz/Herd/livewirestore/vendor/laravel/framework/src/Illuminate/Pipeline/Pipeline.php(219): Illuminate\\Http\\Middleware\\ValidatePathEncoding->handle(Object(Illuminate\\Http\\Request), Object(Closure))
#61 /Users/andrescruz/Herd/livewirestore/vendor/laravel/framework/src/Illuminate/Pipeline/Pipeline.php(137): Illuminate\\Pipeline\\Pipeline->{closure:{closure:Illuminate\\Pipeline\\Pipeline::carry():194}:195}(Object(Illuminate\\Http\\Request))
#62 /Users/andrescruz/Herd/livewirestore/vendor/laravel/framework/src/Illuminate/Foundation/Http/Kernel.php(175): Illuminate\\Pipeline\\Pipeline->then(Object(Closure))
#63 /Users/andrescruz/Herd/livewirestore/vendor/laravel/framework/src/Illuminate/Foundation/Http/Kernel.php(144): Illuminate\\Foundation\\Http\\Kernel->sendRequestThroughRouter(Object(Illuminate\\Http\\Request))
#64 /Users/andrescruz/Herd/livewirestore/vendor/laravel/framework/src/Illuminate/Foundation/Application.php(1220): Illuminate\\Foundation\\Http\\Kernel->handle(Object(Illuminate\\Http\\Request))
#65 /Users/andrescruz/Herd/livewirestore/public/index.php(20): Illuminate\\Foundation\\Application->handleRequest(Object(Illuminate\\Http\\Request))
#66 /Applications/Herd.app/Contents/Resources/valet/server.php(167): require('/Users/andrescr...')
#67 {main}

[previous exception] [object] (Illuminate\\Routing\\Exceptions\\UrlGenerationException(code: 0): Missing required parameter for [Route: dashboard] [URI: {current_team}/dashboard] [Missing parameter: current_team]. at /Users/andrescruz/Herd/livewirestore/vendor/laravel/framework/src/Illuminate/Routing/Exceptions/UrlGenerationException.php:35)
[stacktrace]
#0 /Users/andrescruz/Herd/livewirestore/vendor/laravel/framework/src/Illuminate/Routing/RouteUrlGenerator.php(94): Illuminate\\Routing\\Exceptions\\UrlGenerationException::forMissingParameters(Object(Illuminate\\Routing\\Route), Array)
#1 /Users/andrescruz/Herd/livewirestore/vendor/laravel/framework/src/Illuminate/Routing/UrlGenerator.php(551): Illuminate\\Routing\\RouteUrlGenerator->to(Object(Illuminate\\Routing\\Route), Array, true)
#2 /Users/andrescruz/Herd/livewirestore/vendor/laravel/framework/src/Illuminate/Routing/UrlGenerator.php(528): Illuminate\\Routing\\UrlGenerator->toRoute(Object(Illuminate\\Routing\\Route), Array, true)
#3 /Users/andrescruz/Herd/livewirestore/vendor/laravel/framework/src/Illuminate/Foundation/helpers.php(870): Illuminate\\Routing\\UrlGenerator->route('dashboard', Array, true)
#4 /Users/andrescruz/Herd/livewirestore/storage/framework/views/acbccf6584549f71e09089802fb13526.php(65): route('dashboard')
#5 /Users/andrescruz/Herd/livewirestore/vendor/laravel/framework/src/Illuminate/Filesystem/Filesystem.php(123): require('/Users/andrescr...')
#6 /Users/andrescruz/Herd/livewirestore/vendor/laravel/framework/src/Illuminate/Filesystem/Filesystem.php(124): Illuminate\\Filesystem\\Filesystem::{closure:Illuminate\\Filesystem\\Filesystem::getRequire():120}()
#7 /Users/andrescruz/Herd/livewirestore/vendor/laravel/framework/src/Illuminate/View/Engines/PhpEngine.php(57): Illuminate\\Filesystem\\Filesystem->getRequire('/Users/andrescr...', Array)
#8 /Users/andrescruz/Herd/livewirestore/vendor/livewire/livewire/src/Mechanisms/ExtendBlade/ExtendedCompilerEngine.php(22): Illuminate\\View\\Engines\\PhpEngine->evaluatePath('/Users/andrescr...', Array)
#9 /Users/andrescruz/Herd/livewirestore/vendor/laravel/framework/src/Illuminate/View/Engines/CompilerEngine.php(76): Livewire\\Mechanisms\\ExtendBlade\\ExtendedCompilerEngine->evaluatePath('/Users/andrescr...', Array)
#10 /Users/andrescruz/Herd/livewirestore/vendor/livewire/livewire/src/Mechanisms/ExtendBlade/ExtendedCompilerEngine.php(10): Illuminate\\View\\Engines\\CompilerEngine->get('/Users/andrescr...', Array)
#11 /Users/andrescruz/Herd/livewirestore/vendor/laravel/framework/src/Illuminate/View/View.php(208): Livewire\\Mechanisms\\ExtendBlade\\ExtendedCompilerEngine->get('/Users/andrescr...', Array)
#12 /Users/andrescruz/Herd/livewirestore/vendor/laravel/framework/src/Illuminate/View/View.php(191): Illuminate\\View\\View->getContents()
#13 /Users/andrescruz/Herd/livewirestore/vendor/laravel/framework/src/Illuminate/View/View.php(160): Illuminate\\View\\View->renderContents()
#14 /Users/andrescruz/Herd/livewirestore/vendor/laravel/framework/src/Illuminate/Http/Response.php(78): Illuminate\\View\\View->render()
#15 /Users/andrescruz/Herd/livewirestore/vendor/laravel/framework/src/Illuminate/Http/Response.php(34): Illuminate\\Http\\Response->setContent(Object(Illuminate\\View\\View))
#16 /Users/andrescruz/Herd/livewirestore/vendor/laravel/framework/src/Illuminate/Routing/ResponseFactory.php(61): Illuminate\\Http\\Response->__construct(Object(Illuminate\\View\\View), 200, Array)
#17 /Users/andrescruz/Herd/livewirestore/vendor/laravel/framework/src/Illuminate/Routing/ResponseFactory.php(91): Illuminate\\Routing\\ResponseFactory->make(Object(Illuminate\\View\\View), 200, Array)
#18 /Users/andrescruz/Herd/livewirestore/vendor/laravel/framework/src/Illuminate/Routing/ViewController.php(40): Illuminate\\Routing\\ResponseFactory->view('welcome', Array, 200, Array)
#19 /Users/andrescruz/Herd/livewirestore/vendor/laravel/framework/src/Illuminate/Routing/ViewController.php(57): Illuminate\\Routing\\ViewController->__invoke(view: 'welcome', data: Array, status: 200, headers: Array)
#20 /Users/andrescruz/Herd/livewirestore/vendor/laravel/framework/src/Illuminate/Routing/ControllerDispatcher.php(43): Illuminate\\Routing\\ViewController->callAction('__invoke', Array)
#21 /Users/andrescruz/Herd/livewirestore/vendor/laravel/framework/src/Illuminate/Routing/Route.php(269): Illuminate\\Routing\\ControllerDispatcher->dispatch(Object(Illuminate\\Routing\\Route), Object(Illuminate\\Routing\\ViewController), '__invoke')
#22 /Users/andrescruz/Herd/livewirestore/vendor/laravel/framework/src/Illuminate/Routing/Route.php(215): Illuminate\\Routing\\Route->runController()
#23 /Users/andrescruz/Herd/livewirestore/vendor/laravel/framework/src/Illuminate/Routing/Router.php(822): Illuminate\\Routing\\Route->run()
#24 /Users/andrescruz/Herd/livewirestore/vendor/laravel/framework/src/Illuminate/Pipeline/Pipeline.php(180): Illuminate\\Routing\\Router->{closure:Illuminate\\Routing\\Router::runRouteWithinStack():821}(Object(Illuminate\\Http\\Request))
#25 /Users/andrescruz/Herd/livewirestore/app/Http/Middleware/SetTeamUrlDefaults.php(26): Illuminate\\Pipeline\\Pipeline->{closure:Illuminate\\Pipeline\\Pipeline::prepareDestination():178}(Object(Illuminate\\Http\\Request))
#26 /Users/andrescruz/Herd/livewirestore/vendor/laravel/framework/src/Illuminate/Pipeline/Pipeline.php(219): App\\Http\\Middleware\\SetTeamUrlDefaults->handle(Object(Illuminate\\Http\\Request), Object(Closure))
#27 /Users/andrescruz/Herd/livewirestore/vendor/laravel/framework/src/Illuminate/Routing/Middleware/SubstituteBindings.php(52): Illuminate\\Pipeline\\Pipeline->{closure:{closure:Illuminate\\Pipeline\\Pipeline::carry():194}:195}(Object(Illuminate\\Http\\Request))
#28 /Users/andrescruz/Herd/livewirestore/vendor/laravel/framework/src/Illuminate/Pipeline/Pipeline.php(219): Illuminate\\Routing\\Middleware\\SubstituteBindings->handle(Object(Illuminate\\Http\\Request), Object(Closure))
#29 /Users/andrescruz/Herd/livewirestore/vendor/laravel/framework/src/Illuminate/Foundation/Http/Middleware/PreventRequestForgery.php(104): Illuminate\\Pipeline\\Pipeline->{closure:{closure:Illuminate\\Pipeline\\Pipeline::carry():194}:195}(Object(Illuminate\\Http\\Request))
#30 /Users/andrescruz/Herd/livewirestore/vendor/laravel/framework/src/Illuminate/Pipeline/Pipeline.php(219): Illuminate\\Foundation\\Http\\Middleware\\PreventRequestForgery->handle(Object(Illuminate\\Http\\Request), Object(Closure))
#31 /Users/andrescruz/Herd/livewirestore/vendor/laravel/framework/src/Illuminate/View/Middleware/ShareErrorsFromSession.php(48): Illuminate\\Pipeline\\Pipeline->{closure:{closure:Illuminate\\Pipeline\\Pipeline::carry():194}:195}(Object(Illuminate\\Http\\Request))
#32 /Users/andrescruz/Herd/livewirestore/vendor/laravel/framework/src/Illuminate/Pipeline/Pipeline.php(219): Illuminate\\View\\Middleware\\ShareErrorsFromSession->handle(Object(Illuminate\\Http\\Request), Object(Closure))
#33 /Users/andrescruz/Herd/livewirestore/vendor/laravel/framework/src/Illuminate/Session/Middleware/StartSession.php(120): Illuminate\\Pipeline\\Pipeline->{closure:{closure:Illuminate\\Pipeline\\Pipeline::carry():194}:195}(Object(Illuminate\\Http\\Request))
#34 /Users/andrescruz/Herd/livewirestore/vendor/laravel/framework/src/Illuminate/Session/Middleware/StartSession.php(63): Illuminate\\Session\\Middleware\\StartSession->handleStatefulRequest(Object(Illuminate\\Http\\Request), Object(Illuminate\\Session\\Store), Object(Closure))
#35 /Users/andrescruz/Herd/livewirestore/vendor/laravel/framework/src/Illuminate/Pipeline/Pipeline.php(219): Illuminate\\Session\\Middleware\\StartSession->handle(Object(Illuminate\\Http\\Request), Object(Closure))
#36 /Users/andrescruz/Herd/livewirestore/vendor/laravel/framework/src/Illuminate/Cookie/Middleware/AddQueuedCookiesToResponse.php(36): Illuminate\\Pipeline\\Pipeline->{closure:{closure:Illuminate\\Pipeline\\Pipeline::carry():194}:195}(Object(Illuminate\\Http\\Request))
#37 /Users/andrescruz/Herd/livewirestore/vendor/laravel/framework/src/Illuminate/Pipeline/Pipeline.php(219): Illuminate\\Cookie\\Middleware\\AddQueuedCookiesToResponse->handle(Object(Illuminate\\Http\\Request), Object(Closure))
#38 /Users/andrescruz/Herd/livewirestore/vendor/laravel/framework/src/Illuminate/Cookie/Middleware/EncryptCookies.php(74): Illuminate\\Pipeline\\Pipeline->{closure:{closure:Illuminate\\Pipeline\\Pipeline::carry():194}:195}(Object(Illuminate\\Http\\Request))
#39 /Users/andrescruz/Herd/livewirestore/vendor/laravel/framework/src/Illuminate/Pipeline/Pipeline.php(219): Illuminate\\Cookie\\Middleware\\EncryptCookies->handle(Object(Illuminate\\Http\\Request), Object(Closure))
#40 /Users/andrescruz/Herd/livewirestore/vendor/laravel/framework/src/Illuminate/Pipeline/Pipeline.php(137): Illuminate\\Pipeline\\Pipeline->{closure:{closure:Illuminate\\Pipeline\\Pipeline::carry():194}:195}(Object(Illuminate\\Http\\Request))
#41 /Users/andrescruz/Herd/livewirestore/vendor/laravel/framework/src/Illuminate/Routing/Router.php(821): Illuminate\\Pipeline\\Pipeline->then(Object(Closure))
#42 /Users/andrescruz/Herd/livewirestore/vendor/laravel/framework/src/Illuminate/Routing/Router.php(800): Illuminate\\Routing\\Router->runRouteWithinStack(Object(Illuminate\\Routing\\Route), Object(Illuminate\\Http\\Request))
#43 /Users/andrescruz/Herd/livewirestore/vendor/laravel/framework/src/Illuminate/Routing/Router.php(764): Illuminate\\Routing\\Router->runRoute(Object(Illuminate\\Http\\Request), Object(Illuminate\\Routing\\Route))
#44 /Users/andrescruz/Herd/livewirestore/vendor/laravel/framework/src/Illuminate/Routing/Router.php(753): Illuminate\\Routing\\Router->dispatchToRoute(Object(Illuminate\\Http\\Request))
#45 /Users/andrescruz/Herd/livewirestore/vendor/laravel/framework/src/Illuminate/Foundation/Http/Kernel.php(200): Illuminate\\Routing\\Router->dispatch(Object(Illuminate\\Http\\Request))
#46 /Users/andrescruz/Herd/livewirestore/vendor/laravel/framework/src/Illuminate/Pipeline/Pipeline.php(180): Illuminate\\Foundation\\Http\\Kernel->{closure:Illuminate\\Foundation\\Http\\Kernel::dispatchToRouter():197}(Object(Illuminate\\Http\\Request))
#47 /Users/andrescruz/Herd/livewirestore/vendor/livewire/livewire/src/Features/SupportDisablingBackButtonCache/DisableBackButtonCacheMiddleware.php(19): Illuminate\\Pipeline\\Pipeline->{closure:Illuminate\\Pipeline\\Pipeline::prepareDestination():178}(Object(Illuminate\\Http\\Request))
#48 /Users/andrescruz/Herd/livewirestore/vendor/laravel/framework/src/Illuminate/Pipeline/Pipeline.php(219): Livewire\\Features\\SupportDisablingBackButtonCache\\DisableBackButtonCacheMiddleware->handle(Object(Illuminate\\Http\\Request), Object(Closure))
#49 /Users/andrescruz/Herd/livewirestore/vendor/laravel/framework/src/Illuminate/Foundation/Http/Middleware/TransformsRequest.php(21): Illuminate\\Pipeline\\Pipeline->{closure:{closure:Illuminate\\Pipeline\\Pipeline::carry():194}:195}(Object(Illuminate\\Http\\Request))
#50 /Users/andrescruz/Herd/livewirestore/vendor/laravel/framework/src/Illuminate/Foundation/Http/Middleware/ConvertEmptyStringsToNull.php(31): Illuminate\\Foundation\\Http\\Middleware\\TransformsRequest->handle(Object(Illuminate\\Http\\Request), Object(Closure))
#51 /Users/andrescruz/Herd/livewirestore/vendor/laravel/framework/src/Illuminate/Pipeline/Pipeline.php(219): Illuminate\\Foundation\\Http\\Middleware\\ConvertEmptyStringsToNull->handle(Object(Illuminate\\Http\\Request), Object(Closure))
#52 /Users/andrescruz/Herd/livewirestore/vendor/laravel/framework/src/Illuminate/Foundation/Http/Middleware/TransformsRequest.php(21): Illuminate\\Pipeline\\Pipeline->{closure:{closure:Illuminate\\Pipeline\\Pipeline::carry():194}:195}(Object(Illuminate\\Http\\Request))
#53 /Users/andrescruz/Herd/livewirestore/vendor/laravel/framework/src/Illuminate/Foundation/Http/Middleware/TrimStrings.php(51): Illuminate\\Foundation\\Http\\Middleware\\TransformsRequest->handle(Object(Illuminate\\Http\\Request), Object(Closure))
#54 /Users/andrescruz/Herd/livewirestore/vendor/laravel/framework/src/Illuminate/Pipeline/Pipeline.php(219): Illuminate\\Foundation\\Http\\Middleware\\TrimStrings->handle(Object(Illuminate\\Http\\Request), Object(Closure))
#55 /Users/andrescruz/Herd/livewirestore/vendor/laravel/framework/src/Illuminate/Http/Middleware/ValidatePostSize.php(27): Illuminate\\Pipeline\\Pipeline->{closure:{closure:Illuminate\\Pipeline\\Pipeline::carry():194}:195}(Object(Illuminate\\Http\\Request))
#56 /Users/andrescruz/Herd/livewirestore/vendor/laravel/framework/src/Illuminate/Pipeline/Pipeline.php(219): Illuminate\\Http\\Middleware\\ValidatePostSize->handle(Object(Illuminate\\Http\\Request), Object(Closure))
#57 /Users/andrescruz/Herd/livewirestore/vendor/laravel/framework/src/Illuminate/Foundation/Http/Middleware/PreventRequestsDuringMaintenance.php(109): Illuminate\\Pipeline\\Pipeline->{closure:{closure:Illuminate\\Pipeline\\Pipeline::carry():194}:195}(Object(Illuminate\\Http\\Request))
#58 /Users/andrescruz/Herd/livewirestore/vendor/laravel/framework/src/Illuminate/Pipeline/Pipeline.php(219): Illuminate\\Foundation\\Http\\Middleware\\PreventRequestsDuringMaintenance->handle(Object(Illuminate\\Http\\Request), Object(Closure))
#59 /Users/andrescruz/Herd/livewirestore/vendor/laravel/framework/src/Illuminate/Http/Middleware/HandleCors.php(61): Illuminate\\Pipeline\\Pipeline->{closure:{closure:Illuminate\\Pipeline\\Pipeline::carry():194}:195}(Object(Illuminate\\Http\\Request))
#60 /Users/andrescruz/Herd/livewirestore/vendor/laravel/framework/src/Illuminate/Pipeline/Pipeline.php(219): Illuminate\\Http\\Middleware\\HandleCors->handle(Object(Illuminate\\Http\\Request), Object(Closure))
#61 /Users/andrescruz/Herd/livewirestore/vendor/laravel/framework/src/Illuminate/Http/Middleware/TrustProxies.php(58): Illuminate\\Pipeline\\Pipeline->{closure:{closure:Illuminate\\Pipeline\\Pipeline::carry():194}:195}(Object(Illuminate\\Http\\Request))
#62 /Users/andrescruz/Herd/livewirestore/vendor/laravel/framework/src/Illuminate/Pipeline/Pipeline.php(219): Illuminate\\Http\\Middleware\\TrustProxies->handle(Object(Illuminate\\Http\\Request), Object(Closure))
#63 /Users/andrescruz/Herd/livewirestore/vendor/laravel/framework/src/Illuminate/Foundation/Http/Middleware/InvokeDeferredCallbacks.php(22): Illuminate\\Pipeline\\Pipeline->{closure:{closure:Illuminate\\Pipeline\\Pipeline::carry():194}:195}(Object(Illuminate\\Http\\Request))
#64 /Users/andrescruz/Herd/livewirestore/vendor/laravel/framework/src/Illuminate/Pipeline/Pipeline.php(219): Illuminate\\Foundation\\Http\\Middleware\\InvokeDeferredCallbacks->handle(Object(Illuminate\\Http\\Request), Object(Closure))
#65 /Users/andrescruz/Herd/livewirestore/vendor/laravel/framework/src/Illuminate/Http/Middleware/ValidatePathEncoding.php(28): Illuminate\\Pipeline\\Pipeline->{closure:{closure:Illuminate\\Pipeline\\Pipeline::carry():194}:195}(Object(Illuminate\\Http\\Request))
#66 /Users/andrescruz/Herd/livewirestore/vendor/laravel/framework/src/Illuminate/Pipeline/Pipeline.php(219): Illuminate\\Http\\Middleware\\ValidatePathEncoding->handle(Object(Illuminate\\Http\\Request), Object(Closure))
#67 /Users/andrescruz/Herd/livewirestore/vendor/laravel/framework/src/Illuminate/Pipeline/Pipeline.php(137): Illuminate\\Pipeline\\Pipeline->{closure:{closure:Illuminate\\Pipeline\\Pipeline::carry():194}:195}(Object(Illuminate\\Http\\Request))
#68 /Users/andrescruz/Herd/livewirestore/vendor/laravel/framework/src/Illuminate/Foundation/Http/Kernel.php(175): Illuminate\\Pipeline\\Pipeline->then(Object(Closure))
#69 /Users/andrescruz/Herd/livewirestore/vendor/laravel/framework/src/Illuminate/Foundation/Http/Kernel.php(144): Illuminate\\Foundation\\Http\\Kernel->sendRequestThroughRouter(Object(Illuminate\\Http\\Request))
#70 /Users/andrescruz/Herd/livewirestore/vendor/laravel/framework/src/Illuminate/Foundation/Application.php(1220): Illuminate\\Foundation\\Http\\Kernel->handle(Object(Illuminate\\Http\\Request))
#71 /Users/andrescruz/Herd/livewirestore/public/index.php(20): Illuminate\\Foundation\\Application->handleRequest(Object(Illuminate\\Http\\Request))
#72 /Applications/Herd.app/Contents/Resources/valet/server.php(167): require('/Users/andrescr...')
#73 {main}
"} 
[2026-06-01 18:31:31] local.ERROR: Missing required parameter for [Route: dashboard] [URI: {current_team}/dashboard] [Missing parameter: current_team]. (View: /Users/andrescruz/Herd/livewirestore/resources/views/layouts/app/sidebar.blade.php) (View: /Users/andrescruz/Herd/livewirestore/resources/views/layouts/app/sidebar.blade.php) (View: /Users/andrescruz/Herd/livewirestore/resources/views/layouts/app/sidebar.blade.php) {"exception":"[object] (Illuminate\\View\\ViewException(code: 0): Missing required parameter for [Route: dashboard] [URI: {current_team}/dashboard] [Missing parameter: current_team]. (View: /Users/andrescruz/Herd/livewirestore/resources/views/layouts/app/sidebar.blade.php) (View: /Users/andrescruz/Herd/livewirestore/resources/views/layouts/app/sidebar.blade.php) (View: /Users/andrescruz/Herd/livewirestore/resources/views/layouts/app/sidebar.blade.php) at /Users/andrescruz/Herd/livewirestore/vendor/laravel/framework/src/Illuminate/Routing/Exceptions/UrlGenerationException.php:35)
[stacktrace]
#0 /Users/andrescruz/Herd/livewirestore/vendor/livewire/livewire/src/Mechanisms/ExtendBlade/ExtendedCompilerEngine.php(58): Illuminate\\View\\Engines\\CompilerEngine->handleViewException(Object(Illuminate\\View\\ViewException), 1)
#1 /Users/andrescruz/Herd/livewirestore/vendor/laravel/framework/src/Illuminate/View/Engines/PhpEngine.php(59): Livewire\\Mechanisms\\ExtendBlade\\ExtendedCompilerEngine->handleViewException(Object(Illuminate\\View\\ViewException), 1)
#2 /Users/andrescruz/Herd/livewirestore/vendor/livewire/livewire/src/Mechanisms/ExtendBlade/ExtendedCompilerEngine.php(22): Illuminate\\View\\Engines\\PhpEngine->evaluatePath('/Users/andrescr...', Array)
#3 /Users/andrescruz/Herd/livewirestore/vendor/laravel/framework/src/Illuminate/View/Engines/CompilerEngine.php(76): Livewire\\Mechanisms\\ExtendBlade\\ExtendedCompilerEngine->evaluatePath('/Users/andrescr...', Array)
#4 /Users/andrescruz/Herd/livewirestore/vendor/livewire/livewire/src/Mechanisms/ExtendBlade/ExtendedCompilerEngine.php(10): Illuminate\\View\\Engines\\CompilerEngine->get('/Users/andrescr...', Array)
#5 /Users/andrescruz/Herd/livewirestore/vendor/laravel/framework/src/Illuminate/View/View.php(208): Livewire\\Mechanisms\\ExtendBlade\\ExtendedCompilerEngine->get('/Users/andrescr...', Array)
#6 /Users/andrescruz/Herd/livewirestore/vendor/laravel/framework/src/Illuminate/View/View.php(191): Illuminate\\View\\View->getContents()
#7 /Users/andrescruz/Herd/livewirestore/vendor/laravel/framework/src/Illuminate/View/View.php(160): Illuminate\\View\\View->renderContents()
#8 /Users/andrescruz/Herd/livewirestore/vendor/laravel/framework/src/Illuminate/View/Compilers/BladeCompiler.php(353): Illuminate\\View\\View->render()
#9 /Users/andrescruz/Herd/livewirestore/vendor/laravel/framework/src/Illuminate/Support/Facades/Facade.php(363): Illuminate\\View\\Compilers\\BladeCompiler::render('    <?php $layo...', Array)
#10 /Users/andrescruz/Herd/livewirestore/vendor/livewire/livewire/src/Features/SupportPageComponents/SupportPageComponents.php(162): Illuminate\\Support\\Facades\\Facade::__callStatic('render', Array)
#11 /Users/andrescruz/Herd/livewirestore/vendor/livewire/livewire/src/Features/SupportPageComponents/HandlesPageComponents.php(26): Livewire\\Features\\SupportPageComponents\\SupportPageComponents::renderContentsIntoLayout('<div wire:snaps...', Object(Livewire\\Features\\SupportPageComponents\\PageComponentConfig))
#12 /Users/andrescruz/Herd/livewirestore/vendor/laravel/framework/src/Illuminate/Container/BoundMethod.php(36): Livewire\\Component->__invoke()
#13 /Users/andrescruz/Herd/livewirestore/vendor/laravel/framework/src/Illuminate/Container/Util.php(43): Illuminate\\Container\\BoundMethod::{closure:Illuminate\\Container\\BoundMethod::call():35}()
#14 /Users/andrescruz/Herd/livewirestore/vendor/laravel/framework/src/Illuminate/Container/BoundMethod.php(96): Illuminate\\Container\\Util::unwrapIfClosure(Object(Closure))
#15 /Users/andrescruz/Herd/livewirestore/vendor/laravel/framework/src/Illuminate/Container/BoundMethod.php(35): Illuminate\\Container\\BoundMethod::callBoundMethod(Object(Illuminate\\Foundation\\Application), Array, Object(Closure))
#16 /Users/andrescruz/Herd/livewirestore/vendor/laravel/framework/src/Illuminate/Container/Container.php(799): Illuminate\\Container\\BoundMethod::call(Object(Illuminate\\Foundation\\Application), Array, Array, NULL)
#17 /Users/andrescruz/Herd/livewirestore/vendor/livewire/livewire/src/Mechanisms/HandleRouting/LivewirePageController.php(15): Illuminate\\Container\\Container->call(Array)
#18 /Users/andrescruz/Herd/livewirestore/vendor/laravel/framework/src/Illuminate/Routing/ControllerDispatcher.php(46): Livewire\\Mechanisms\\HandleRouting\\LivewirePageController->__invoke()
#19 /Users/andrescruz/Herd/livewirestore/vendor/laravel/framework/src/Illuminate/Routing/Route.php(269): Illuminate\\Routing\\ControllerDispatcher->dispatch(Object(Illuminate\\Routing\\Route), Object(Livewire\\Mechanisms\\HandleRouting\\LivewirePageController), '__invoke')
#20 /Users/andrescruz/Herd/livewirestore/vendor/laravel/framework/src/Illuminate/Routing/Route.php(215): Illuminate\\Routing\\Route->runController()
#21 /Users/andrescruz/Herd/livewirestore/vendor/laravel/framework/src/Illuminate/Routing/Router.php(822): Illuminate\\Routing\\Route->run()
#22 /Users/andrescruz/Herd/livewirestore/vendor/laravel/framework/src/Illuminate/Pipeline/Pipeline.php(180): Illuminate\\Routing\\Router->{closure:Illuminate\\Routing\\Router::runRouteWithinStack():821}(Object(Illuminate\\Http\\Request))
#23 /Users/andrescruz/Herd/livewirestore/app/Http/Middleware/SetTeamUrlDefaults.php(26): Illuminate\\Pipeline\\Pipeline->{closure:Illuminate\\Pipeline\\Pipeline::prepareDestination():178}(Object(Illuminate\\Http\\Request))
#24 /Users/andrescruz/Herd/livewirestore/vendor/laravel/framework/src/Illuminate/Pipeline/Pipeline.php(219): App\\Http\\Middleware\\SetTeamUrlDefaults->handle(Object(Illuminate\\Http\\Request), Object(Closure))
#25 /Users/andrescruz/Herd/livewirestore/vendor/laravel/framework/src/Illuminate/Routing/Middleware/SubstituteBindings.php(52): Illuminate\\Pipeline\\Pipeline->{closure:{closure:Illuminate\\Pipeline\\Pipeline::carry():194}:195}(Object(Illuminate\\Http\\Request))
#26 /Users/andrescruz/Herd/livewirestore/vendor/laravel/framework/src/Illuminate/Pipeline/Pipeline.php(219): Illuminate\\Routing\\Middleware\\SubstituteBindings->handle(Object(Illuminate\\Http\\Request), Object(Closure))
#27 /Users/andrescruz/Herd/livewirestore/vendor/laravel/framework/src/Illuminate/Foundation/Http/Middleware/PreventRequestForgery.php(104): Illuminate\\Pipeline\\Pipeline->{closure:{closure:Illuminate\\Pipeline\\Pipeline::carry():194}:195}(Object(Illuminate\\Http\\Request))
#28 /Users/andrescruz/Herd/livewirestore/vendor/laravel/framework/src/Illuminate/Pipeline/Pipeline.php(219): Illuminate\\Foundation\\Http\\Middleware\\PreventRequestForgery->handle(Object(Illuminate\\Http\\Request), Object(Closure))
#29 /Users/andrescruz/Herd/livewirestore/vendor/laravel/framework/src/Illuminate/View/Middleware/ShareErrorsFromSession.php(48): Illuminate\\Pipeline\\Pipeline->{closure:{closure:Illuminate\\Pipeline\\Pipeline::carry():194}:195}(Object(Illuminate\\Http\\Request))
#30 /Users/andrescruz/Herd/livewirestore/vendor/laravel/framework/src/Illuminate/Pipeline/Pipeline.php(219): Illuminate\\View\\Middleware\\ShareErrorsFromSession->handle(Object(Illuminate\\Http\\Request), Object(Closure))
#31 /Users/andrescruz/Herd/livewirestore/vendor/laravel/framework/src/Illuminate/Session/Middleware/StartSession.php(120): Illuminate\\Pipeline\\Pipeline->{closure:{closure:Illuminate\\Pipeline\\Pipeline::carry():194}:195}(Object(Illuminate\\Http\\Request))
#32 /Users/andrescruz/Herd/livewirestore/vendor/laravel/framework/src/Illuminate/Session/Middleware/StartSession.php(63): Illuminate\\Session\\Middleware\\StartSession->handleStatefulRequest(Object(Illuminate\\Http\\Request), Object(Illuminate\\Session\\Store), Object(Closure))
#33 /Users/andrescruz/Herd/livewirestore/vendor/laravel/framework/src/Illuminate/Pipeline/Pipeline.php(219): Illuminate\\Session\\Middleware\\StartSession->handle(Object(Illuminate\\Http\\Request), Object(Closure))
#34 /Users/andrescruz/Herd/livewirestore/vendor/laravel/framework/src/Illuminate/Cookie/Middleware/AddQueuedCookiesToResponse.php(36): Illuminate\\Pipeline\\Pipeline->{closure:{closure:Illuminate\\Pipeline\\Pipeline::carry():194}:195}(Object(Illuminate\\Http\\Request))
#35 /Users/andrescruz/Herd/livewirestore/vendor/laravel/framework/src/Illuminate/Pipeline/Pipeline.php(219): Illuminate\\Cookie\\Middleware\\AddQueuedCookiesToResponse->handle(Object(Illuminate\\Http\\Request), Object(Closure))
#36 /Users/andrescruz/Herd/livewirestore/vendor/laravel/framework/src/Illuminate/Cookie/Middleware/EncryptCookies.php(74): Illuminate\\Pipeline\\Pipeline->{closure:{closure:Illuminate\\Pipeline\\Pipeline::carry():194}:195}(Object(Illuminate\\Http\\Request))
#37 /Users/andrescruz/Herd/livewirestore/vendor/laravel/framework/src/Illuminate/Pipeline/Pipeline.php(219): Illuminate\\Cookie\\Middleware\\EncryptCookies->handle(Object(Illuminate\\Http\\Request), Object(Closure))
#38 /Users/andrescruz/Herd/livewirestore/vendor/laravel/framework/src/Illuminate/Pipeline/Pipeline.php(137): Illuminate\\Pipeline\\Pipeline->{closure:{closure:Illuminate\\Pipeline\\Pipeline::carry():194}:195}(Object(Illuminate\\Http\\Request))
#39 /Users/andrescruz/Herd/livewirestore/vendor/laravel/framework/src/Illuminate/Routing/Router.php(821): Illuminate\\Pipeline\\Pipeline->then(Object(Closure))
#40 /Users/andrescruz/Herd/livewirestore/vendor/laravel/framework/src/Illuminate/Routing/Router.php(800): Illuminate\\Routing\\Router->runRouteWithinStack(Object(Illuminate\\Routing\\Route), Object(Illuminate\\Http\\Request))
#41 /Users/andrescruz/Herd/livewirestore/vendor/laravel/framework/src/Illuminate/Routing/Router.php(764): Illuminate\\Routing\\Router->runRoute(Object(Illuminate\\Http\\Request), Object(Illuminate\\Routing\\Route))
#42 /Users/andrescruz/Herd/livewirestore/vendor/laravel/framework/src/Illuminate/Routing/Router.php(753): Illuminate\\Routing\\Router->dispatchToRoute(Object(Illuminate\\Http\\Request))
#43 /Users/andrescruz/Herd/livewirestore/vendor/laravel/framework/src/Illuminate/Foundation/Http/Kernel.php(200): Illuminate\\Routing\\Router->dispatch(Object(Illuminate\\Http\\Request))
#44 /Users/andrescruz/Herd/livewirestore/vendor/laravel/framework/src/Illuminate/Pipeline/Pipeline.php(180): Illuminate\\Foundation\\Http\\Kernel->{closure:Illuminate\\Foundation\\Http\\Kernel::dispatchToRouter():197}(Object(Illuminate\\Http\\Request))
#45 /Users/andrescruz/Herd/livewirestore/vendor/livewire/livewire/src/Features/SupportDisablingBackButtonCache/DisableBackButtonCacheMiddleware.php(19): Illuminate\\Pipeline\\Pipeline->{closure:Illuminate\\Pipeline\\Pipeline::prepareDestination():178}(Object(Illuminate\\Http\\Request))
#46 /Users/andrescruz/Herd/livewirestore/vendor/laravel/framework/src/Illuminate/Pipeline/Pipeline.php(219): Livewire\\Features\\SupportDisablingBackButtonCache\\DisableBackButtonCacheMiddleware->handle(Object(Illuminate\\Http\\Request), Object(Closure))
#47 /Users/andrescruz/Herd/livewirestore/vendor/laravel/framework/src/Illuminate/Foundation/Http/Middleware/TransformsRequest.php(21): Illuminate\\Pipeline\\Pipeline->{closure:{closure:Illuminate\\Pipeline\\Pipeline::carry():194}:195}(Object(Illuminate\\Http\\Request))
#48 /Users/andrescruz/Herd/livewirestore/vendor/laravel/framework/src/Illuminate/Foundation/Http/Middleware/ConvertEmptyStringsToNull.php(31): Illuminate\\Foundation\\Http\\Middleware\\TransformsRequest->handle(Object(Illuminate\\Http\\Request), Object(Closure))
#49 /Users/andrescruz/Herd/livewirestore/vendor/laravel/framework/src/Illuminate/Pipeline/Pipeline.php(219): Illuminate\\Foundation\\Http\\Middleware\\ConvertEmptyStringsToNull->handle(Object(Illuminate\\Http\\Request), Object(Closure))
#50 /Users/andrescruz/Herd/livewirestore/vendor/laravel/framework/src/Illuminate/Foundation/Http/Middleware/TransformsRequest.php(21): Illuminate\\Pipeline\\Pipeline->{closure:{closure:Illuminate\\Pipeline\\Pipeline::carry():194}:195}(Object(Illuminate\\Http\\Request))
#51 /Users/andrescruz/Herd/livewirestore/vendor/laravel/framework/src/Illuminate/Foundation/Http/Middleware/TrimStrings.php(51): Illuminate\\Foundation\\Http\\Middleware\\TransformsRequest->handle(Object(Illuminate\\Http\\Request), Object(Closure))
#52 /Users/andrescruz/Herd/livewirestore/vendor/laravel/framework/src/Illuminate/Pipeline/Pipeline.php(219): Illuminate\\Foundation\\Http\\Middleware\\TrimStrings->handle(Object(Illuminate\\Http\\Request), Object(Closure))
#53 /Users/andrescruz/Herd/livewirestore/vendor/laravel/framework/src/Illuminate/Http/Middleware/ValidatePostSize.php(27): Illuminate\\Pipeline\\Pipeline->{closure:{closure:Illuminate\\Pipeline\\Pipeline::carry():194}:195}(Object(Illuminate\\Http\\Request))
#54 /Users/andrescruz/Herd/livewirestore/vendor/laravel/framework/src/Illuminate/Pipeline/Pipeline.php(219): Illuminate\\Http\\Middleware\\ValidatePostSize->handle(Object(Illuminate\\Http\\Request), Object(Closure))
#55 /Users/andrescruz/Herd/livewirestore/vendor/laravel/framework/src/Illuminate/Foundation/Http/Middleware/PreventRequestsDuringMaintenance.php(109): Illuminate\\Pipeline\\Pipeline->{closure:{closure:Illuminate\\Pipeline\\Pipeline::carry():194}:195}(Object(Illuminate\\Http\\Request))
#56 /Users/andrescruz/Herd/livewirestore/vendor/laravel/framework/src/Illuminate/Pipeline/Pipeline.php(219): Illuminate\\Foundation\\Http\\Middleware\\PreventRequestsDuringMaintenance->handle(Object(Illuminate\\Http\\Request), Object(Closure))
#57 /Users/andrescruz/Herd/livewirestore/vendor/laravel/framework/src/Illuminate/Http/Middleware/HandleCors.php(61): Illuminate\\Pipeline\\Pipeline->{closure:{closure:Illuminate\\Pipeline\\Pipeline::carry():194}:195}(Object(Illuminate\\Http\\Request))
#58 /Users/andrescruz/Herd/livewirestore/vendor/laravel/framework/src/Illuminate/Pipeline/Pipeline.php(219): Illuminate\\Http\\Middleware\\HandleCors->handle(Object(Illuminate\\Http\\Request), Object(Closure))
#59 /Users/andrescruz/Herd/livewirestore/vendor/laravel/framework/src/Illuminate/Http/Middleware/TrustProxies.php(58): Illuminate\\Pipeline\\Pipeline->{closure:{closure:Illuminate\\Pipeline\\Pipeline::carry():194}:195}(Object(Illuminate\\Http\\Request))
#60 /Users/andrescruz/Herd/livewirestore/vendor/laravel/framework/src/Illuminate/Pipeline/Pipeline.php(219): Illuminate\\Http\\Middleware\\TrustProxies->handle(Object(Illuminate\\Http\\Request), Object(Closure))
#61 /Users/andrescruz/Herd/livewirestore/vendor/laravel/framework/src/Illuminate/Foundation/Http/Middleware/InvokeDeferredCallbacks.php(22): Illuminate\\Pipeline\\Pipeline->{closure:{closure:Illuminate\\Pipeline\\Pipeline::carry():194}:195}(Object(Illuminate\\Http\\Request))
#62 /Users/andrescruz/Herd/livewirestore/vendor/laravel/framework/src/Illuminate/Pipeline/Pipeline.php(219): Illuminate\\Foundation\\Http\\Middleware\\InvokeDeferredCallbacks->handle(Object(Illuminate\\Http\\Request), Object(Closure))
#63 /Users/andrescruz/Herd/livewirestore/vendor/laravel/framework/src/Illuminate/Http/Middleware/ValidatePathEncoding.php(28): Illuminate\\Pipeline\\Pipeline->{closure:{closure:Illuminate\\Pipeline\\Pipeline::carry():194}:195}(Object(Illuminate\\Http\\Request))
#64 /Users/andrescruz/Herd/livewirestore/vendor/laravel/framework/src/Illuminate/Pipeline/Pipeline.php(219): Illuminate\\Http\\Middleware\\ValidatePathEncoding->handle(Object(Illuminate\\Http\\Request), Object(Closure))
#65 /Users/andrescruz/Herd/livewirestore/vendor/laravel/framework/src/Illuminate/Pipeline/Pipeline.php(137): Illuminate\\Pipeline\\Pipeline->{closure:{closure:Illuminate\\Pipeline\\Pipeline::carry():194}:195}(Object(Illuminate\\Http\\Request))
#66 /Users/andrescruz/Herd/livewirestore/vendor/laravel/framework/src/Illuminate/Foundation/Http/Kernel.php(175): Illuminate\\Pipeline\\Pipeline->then(Object(Closure))
#67 /Users/andrescruz/Herd/livewirestore/vendor/laravel/framework/src/Illuminate/Foundation/Http/Kernel.php(144): Illuminate\\Foundation\\Http\\Kernel->sendRequestThroughRouter(Object(Illuminate\\Http\\Request))
#68 /Users/andrescruz/Herd/livewirestore/vendor/laravel/framework/src/Illuminate/Foundation/Application.php(1220): Illuminate\\Foundation\\Http\\Kernel->handle(Object(Illuminate\\Http\\Request))
#69 /Users/andrescruz/Herd/livewirestore/public/index.php(20): Illuminate\\Foundation\\Application->handleRequest(Object(Illuminate\\Http\\Request))
#70 /Applications/Herd.app/Contents/Resources/valet/server.php(167): require('/Users/andrescr...')
#71 {main}

[previous exception] [object] (Illuminate\\View\\ViewException(code: 0): Missing required parameter for [Route: dashboard] [URI: {current_team}/dashboard] [Missing parameter: current_team]. (View: /Users/andrescruz/Herd/livewirestore/resources/views/layouts/app/sidebar.blade.php) (View: /Users/andrescruz/Herd/livewirestore/resources/views/layouts/app/sidebar.blade.php) at /Users/andrescruz/Herd/livewirestore/vendor/laravel/framework/src/Illuminate/Routing/Exceptions/UrlGenerationException.php:35)
[stacktrace]
#0 /Users/andrescruz/Herd/livewirestore/vendor/livewire/livewire/src/Mechanisms/ExtendBlade/ExtendedCompilerEngine.php(58): Illuminate\\View\\Engines\\CompilerEngine->handleViewException(Object(Illuminate\\View\\ViewException), 2)
#1 /Users/andrescruz/Herd/livewirestore/vendor/laravel/framework/src/Illuminate/View/Engines/PhpEngine.php(59): Livewire\\Mechanisms\\ExtendBlade\\ExtendedCompilerEngine->handleViewException(Object(Illuminate\\View\\ViewException), 2)
#2 /Users/andrescruz/Herd/livewirestore/vendor/livewire/livewire/src/Mechanisms/ExtendBlade/ExtendedCompilerEngine.php(22): Illuminate\\View\\Engines\\PhpEngine->evaluatePath('/Users/andrescr...', Array)
#3 /Users/andrescruz/Herd/livewirestore/vendor/laravel/framework/src/Illuminate/View/Engines/CompilerEngine.php(76): Livewire\\Mechanisms\\ExtendBlade\\ExtendedCompilerEngine->evaluatePath('/Users/andrescr...', Array)
#4 /Users/andrescruz/Herd/livewirestore/vendor/livewire/livewire/src/Mechanisms/ExtendBlade/ExtendedCompilerEngine.php(10): Illuminate\\View\\Engines\\CompilerEngine->get('/Users/andrescr...', Array)
#5 /Users/andrescruz/Herd/livewirestore/vendor/laravel/framework/src/Illuminate/View/View.php(208): Livewire\\Mechanisms\\ExtendBlade\\ExtendedCompilerEngine->get('/Users/andrescr...', Array)
#6 /Users/andrescruz/Herd/livewirestore/vendor/laravel/framework/src/Illuminate/View/View.php(191): Illuminate\\View\\View->getContents()
#7 /Users/andrescruz/Herd/livewirestore/vendor/laravel/framework/src/Illuminate/View/View.php(160): Illuminate\\View\\View->renderContents()
#8 /Users/andrescruz/Herd/livewirestore/vendor/laravel/framework/src/Illuminate/View/Concerns/ManagesComponents.php(103): Illuminate\\View\\View->render()
#9 /Users/andrescruz/Herd/livewirestore/storage/framework/views/290854be5454abd59f9491fe16e0fcbe.php(17): Illuminate\\View\\Factory->renderComponent()
#10 /Users/andrescruz/Herd/livewirestore/vendor/laravel/framework/src/Illuminate/Filesystem/Filesystem.php(123): require('/Users/andrescr...')
#11 /Users/andrescruz/Herd/livewirestore/vendor/laravel/framework/src/Illuminate/Filesystem/Filesystem.php(124): Illuminate\\Filesystem\\Filesystem::{closure:Illuminate\\Filesystem\\Filesystem::getRequire():120}()
#12 /Users/andrescruz/Herd/livewirestore/vendor/laravel/framework/src/Illuminate/View/Engines/PhpEngine.php(57): Illuminate\\Filesystem\\Filesystem->getRequire('/Users/andrescr...', Array)
#13 /Users/andrescruz/Herd/livewirestore/vendor/livewire/livewire/src/Mechanisms/ExtendBlade/ExtendedCompilerEngine.php(22): Illuminate\\View\\Engines\\PhpEngine->evaluatePath('/Users/andrescr...', Array)
#14 /Users/andrescruz/Herd/livewirestore/vendor/laravel/framework/src/Illuminate/View/Engines/CompilerEngine.php(76): Livewire\\Mechanisms\\ExtendBlade\\ExtendedCompilerEngine->evaluatePath('/Users/andrescr...', Array)
#15 /Users/andrescruz/Herd/livewirestore/vendor/livewire/livewire/src/Mechanisms/ExtendBlade/ExtendedCompilerEngine.php(10): Illuminate\\View\\Engines\\CompilerEngine->get('/Users/andrescr...', Array)
#16 /Users/andrescruz/Herd/livewirestore/vendor/laravel/framework/src/Illuminate/View/View.php(208): Livewire\\Mechanisms\\ExtendBlade\\ExtendedCompilerEngine->get('/Users/andrescr...', Array)
#17 /Users/andrescruz/Herd/livewirestore/vendor/laravel/framework/src/Illuminate/View/View.php(191): Illuminate\\View\\View->getContents()
#18 /Users/andrescruz/Herd/livewirestore/vendor/laravel/framework/src/Illuminate/View/View.php(160): Illuminate\\View\\View->renderContents()
#19 /Users/andrescruz/Herd/livewirestore/vendor/laravel/framework/src/Illuminate/View/Compilers/BladeCompiler.php(353): Illuminate\\View\\View->render()
#20 /Users/andrescruz/Herd/livewirestore/vendor/laravel/framework/src/Illuminate/Support/Facades/Facade.php(363): Illuminate\\View\\Compilers\\BladeCompiler::render('    <?php $layo...', Array)
#21 /Users/andrescruz/Herd/livewirestore/vendor/livewire/livewire/src/Features/SupportPageComponents/SupportPageComponents.php(162): Illuminate\\Support\\Facades\\Facade::__callStatic('render', Array)
#22 /Users/andrescruz/Herd/livewirestore/vendor/livewire/livewire/src/Features/SupportPageComponents/HandlesPageComponents.php(26): Livewire\\Features\\SupportPageComponents\\SupportPageComponents::renderContentsIntoLayout('<div wire:snaps...', Object(Livewire\\Features\\SupportPageComponents\\PageComponentConfig))
#23 /Users/andrescruz/Herd/livewirestore/vendor/laravel/framework/src/Illuminate/Container/BoundMethod.php(36): Livewire\\Component->__invoke()
#24 /Users/andrescruz/Herd/livewirestore/vendor/laravel/framework/src/Illuminate/Container/Util.php(43): Illuminate\\Container\\BoundMethod::{closure:Illuminate\\Container\\BoundMethod::call():35}()
#25 /Users/andrescruz/Herd/livewirestore/vendor/laravel/framework/src/Illuminate/Container/BoundMethod.php(96): Illuminate\\Container\\Util::unwrapIfClosure(Object(Closure))
#26 /Users/andrescruz/Herd/livewirestore/vendor/laravel/framework/src/Illuminate/Container/BoundMethod.php(35): Illuminate\\Container\\BoundMethod::callBoundMethod(Object(Illuminate\\Foundation\\Application), Array, Object(Closure))
#27 /Users/andrescruz/Herd/livewirestore/vendor/laravel/framework/src/Illuminate/Container/Container.php(799): Illuminate\\Container\\BoundMethod::call(Object(Illuminate\\Foundation\\Application), Array, Array, NULL)
#28 /Users/andrescruz/Herd/livewirestore/vendor/livewire/livewire/src/Mechanisms/HandleRouting/LivewirePageController.php(15): Illuminate\\Container\\Container->call(Array)
#29 /Users/andrescruz/Herd/livewirestore/vendor/laravel/framework/src/Illuminate/Routing/ControllerDispatcher.php(46): Livewire\\Mechanisms\\HandleRouting\\LivewirePageController->__invoke()
#30 /Users/andrescruz/Herd/livewirestore/vendor/laravel/framework/src/Illuminate/Routing/Route.php(269): Illuminate\\Routing\\ControllerDispatcher->dispatch(Object(Illuminate\\Routing\\Route), Object(Livewire\\Mechanisms\\HandleRouting\\LivewirePageController), '__invoke')
#31 /Users/andrescruz/Herd/livewirestore/vendor/laravel/framework/src/Illuminate/Routing/Route.php(215): Illuminate\\Routing\\Route->runController()
#32 /Users/andrescruz/Herd/livewirestore/vendor/laravel/framework/src/Illuminate/Routing/Router.php(822): Illuminate\\Routing\\Route->run()
#33 /Users/andrescruz/Herd/livewirestore/vendor/laravel/framework/src/Illuminate/Pipeline/Pipeline.php(180): Illuminate\\Routing\\Router->{closure:Illuminate\\Routing\\Router::runRouteWithinStack():821}(Object(Illuminate\\Http\\Request))
#34 /Users/andrescruz/Herd/livewirestore/app/Http/Middleware/SetTeamUrlDefaults.php(26): Illuminate\\Pipeline\\Pipeline->{closure:Illuminate\\Pipeline\\Pipeline::prepareDestination():178}(Object(Illuminate\\Http\\Request))
#35 /Users/andrescruz/Herd/livewirestore/vendor/laravel/framework/src/Illuminate/Pipeline/Pipeline.php(219): App\\Http\\Middleware\\SetTeamUrlDefaults->handle(Object(Illuminate\\Http\\Request), Object(Closure))
#36 /Users/andrescruz/Herd/livewirestore/vendor/laravel/framework/src/Illuminate/Routing/Middleware/SubstituteBindings.php(52): Illuminate\\Pipeline\\Pipeline->{closure:{closure:Illuminate\\Pipeline\\Pipeline::carry():194}:195}(Object(Illuminate\\Http\\Request))
#37 /Users/andrescruz/Herd/livewirestore/vendor/laravel/framework/src/Illuminate/Pipeline/Pipeline.php(219): Illuminate\\Routing\\Middleware\\SubstituteBindings->handle(Object(Illuminate\\Http\\Request), Object(Closure))
#38 /Users/andrescruz/Herd/livewirestore/vendor/laravel/framework/src/Illuminate/Foundation/Http/Middleware/PreventRequestForgery.php(104): Illuminate\\Pipeline\\Pipeline->{closure:{closure:Illuminate\\Pipeline\\Pipeline::carry():194}:195}(Object(Illuminate\\Http\\Request))
#39 /Users/andrescruz/Herd/livewirestore/vendor/laravel/framework/src/Illuminate/Pipeline/Pipeline.php(219): Illuminate\\Foundation\\Http\\Middleware\\PreventRequestForgery->handle(Object(Illuminate\\Http\\Request), Object(Closure))
#40 /Users/andrescruz/Herd/livewirestore/vendor/laravel/framework/src/Illuminate/View/Middleware/ShareErrorsFromSession.php(48): Illuminate\\Pipeline\\Pipeline->{closure:{closure:Illuminate\\Pipeline\\Pipeline::carry():194}:195}(Object(Illuminate\\Http\\Request))
#41 /Users/andrescruz/Herd/livewirestore/vendor/laravel/framework/src/Illuminate/Pipeline/Pipeline.php(219): Illuminate\\View\\Middleware\\ShareErrorsFromSession->handle(Object(Illuminate\\Http\\Request), Object(Closure))
#42 /Users/andrescruz/Herd/livewirestore/vendor/laravel/framework/src/Illuminate/Session/Middleware/StartSession.php(120): Illuminate\\Pipeline\\Pipeline->{closure:{closure:Illuminate\\Pipeline\\Pipeline::carry():194}:195}(Object(Illuminate\\Http\\Request))
#43 /Users/andrescruz/Herd/livewirestore/vendor/laravel/framework/src/Illuminate/Session/Middleware/StartSession.php(63): Illuminate\\Session\\Middleware\\StartSession->handleStatefulRequest(Object(Illuminate\\Http\\Request), Object(Illuminate\\Session\\Store), Object(Closure))
#44 /Users/andrescruz/Herd/livewirestore/vendor/laravel/framework/src/Illuminate/Pipeline/Pipeline.php(219): Illuminate\\Session\\Middleware\\StartSession->handle(Object(Illuminate\\Http\\Request), Object(Closure))
#45 /Users/andrescruz/Herd/livewirestore/vendor/laravel/framework/src/Illuminate/Cookie/Middleware/AddQueuedCookiesToResponse.php(36): Illuminate\\Pipeline\\Pipeline->{closure:{closure:Illuminate\\Pipeline\\Pipeline::carry():194}:195}(Object(Illuminate\\Http\\Request))
#46 /Users/andrescruz/Herd/livewirestore/vendor/laravel/framework/src/Illuminate/Pipeline/Pipeline.php(219): Illuminate\\Cookie\\Middleware\\AddQueuedCookiesToResponse->handle(Object(Illuminate\\Http\\Request), Object(Closure))
#47 /Users/andrescruz/Herd/livewirestore/vendor/laravel/framework/src/Illuminate/Cookie/Middleware/EncryptCookies.php(74): Illuminate\\Pipeline\\Pipeline->{closure:{closure:Illuminate\\Pipeline\\Pipeline::carry():194}:195}(Object(Illuminate\\Http\\Request))
#48 /Users/andrescruz/Herd/livewirestore/vendor/laravel/framework/src/Illuminate/Pipeline/Pipeline.php(219): Illuminate\\Cookie\\Middleware\\EncryptCookies->handle(Object(Illuminate\\Http\\Request), Object(Closure))
#49 /Users/andrescruz/Herd/livewirestore/vendor/laravel/framework/src/Illuminate/Pipeline/Pipeline.php(137): Illuminate\\Pipeline\\Pipeline->{closure:{closure:Illuminate\\Pipeline\\Pipeline::carry():194}:195}(Object(Illuminate\\Http\\Request))
#50 /Users/andrescruz/Herd/livewirestore/vendor/laravel/framework/src/Illuminate/Routing/Router.php(821): Illuminate\\Pipeline\\Pipeline->then(Object(Closure))
#51 /Users/andrescruz/Herd/livewirestore/vendor/laravel/framework/src/Illuminate/Routing/Router.php(800): Illuminate\\Routing\\Router->runRouteWithinStack(Object(Illuminate\\Routing\\Route), Object(Illuminate\\Http\\Request))
#52 /Users/andrescruz/Herd/livewirestore/vendor/laravel/framework/src/Illuminate/Routing/Router.php(764): Illuminate\\Routing\\Router->runRoute(Object(Illuminate\\Http\\Request), Object(Illuminate\\Routing\\Route))
#53 /Users/andrescruz/Herd/livewirestore/vendor/laravel/framework/src/Illuminate/Routing/Router.php(753): Illuminate\\Routing\\Router->dispatchToRoute(Object(Illuminate\\Http\\Request))
#54 /Users/andrescruz/Herd/livewirestore/vendor/laravel/framework/src/Illuminate/Foundation/Http/Kernel.php(200): Illuminate\\Routing\\Router->dispatch(Object(Illuminate\\Http\\Request))
#55 /Users/andrescruz/Herd/livewirestore/vendor/laravel/framework/src/Illuminate/Pipeline/Pipeline.php(180): Illuminate\\Foundation\\Http\\Kernel->{closure:Illuminate\\Foundation\\Http\\Kernel::dispatchToRouter():197}(Object(Illuminate\\Http\\Request))
#56 /Users/andrescruz/Herd/livewirestore/vendor/livewire/livewire/src/Features/SupportDisablingBackButtonCache/DisableBackButtonCacheMiddleware.php(19): Illuminate\\Pipeline\\Pipeline->{closure:Illuminate\\Pipeline\\Pipeline::prepareDestination():178}(Object(Illuminate\\Http\\Request))
#57 /Users/andrescruz/Herd/livewirestore/vendor/laravel/framework/src/Illuminate/Pipeline/Pipeline.php(219): Livewire\\Features\\SupportDisablingBackButtonCache\\DisableBackButtonCacheMiddleware->handle(Object(Illuminate\\Http\\Request), Object(Closure))
#58 /Users/andrescruz/Herd/livewirestore/vendor/laravel/framework/src/Illuminate/Foundation/Http/Middleware/TransformsRequest.php(21): Illuminate\\Pipeline\\Pipeline->{closure:{closure:Illuminate\\Pipeline\\Pipeline::carry():194}:195}(Object(Illuminate\\Http\\Request))
#59 /Users/andrescruz/Herd/livewirestore/vendor/laravel/framework/src/Illuminate/Foundation/Http/Middleware/ConvertEmptyStringsToNull.php(31): Illuminate\\Foundation\\Http\\Middleware\\TransformsRequest->handle(Object(Illuminate\\Http\\Request), Object(Closure))
#60 /Users/andrescruz/Herd/livewirestore/vendor/laravel/framework/src/Illuminate/Pipeline/Pipeline.php(219): Illuminate\\Foundation\\Http\\Middleware\\ConvertEmptyStringsToNull->handle(Object(Illuminate\\Http\\Request), Object(Closure))
#61 /Users/andrescruz/Herd/livewirestore/vendor/laravel/framework/src/Illuminate/Foundation/Http/Middleware/TransformsRequest.php(21): Illuminate\\Pipeline\\Pipeline->{closure:{closure:Illuminate\\Pipeline\\Pipeline::carry():194}:195}(Object(Illuminate\\Http\\Request))
#62 /Users/andrescruz/Herd/livewirestore/vendor/laravel/framework/src/Illuminate/Foundation/Http/Middleware/TrimStrings.php(51): Illuminate\\Foundation\\Http\\Middleware\\TransformsRequest->handle(Object(Illuminate\\Http\\Request), Object(Closure))
#63 /Users/andrescruz/Herd/livewirestore/vendor/laravel/framework/src/Illuminate/Pipeline/Pipeline.php(219): Illuminate\\Foundation\\Http\\Middleware\\TrimStrings->handle(Object(Illuminate\\Http\\Request), Object(Closure))
#64 /Users/andrescruz/Herd/livewirestore/vendor/laravel/framework/src/Illuminate/Http/Middleware/ValidatePostSize.php(27): Illuminate\\Pipeline\\Pipeline->{closure:{closure:Illuminate\\Pipeline\\Pipeline::carry():194}:195}(Object(Illuminate\\Http\\Request))
#65 /Users/andrescruz/Herd/livewirestore/vendor/laravel/framework/src/Illuminate/Pipeline/Pipeline.php(219): Illuminate\\Http\\Middleware\\ValidatePostSize->handle(Object(Illuminate\\Http\\Request), Object(Closure))
#66 /Users/andrescruz/Herd/livewirestore/vendor/laravel/framework/src/Illuminate/Foundation/Http/Middleware/PreventRequestsDuringMaintenance.php(109): Illuminate\\Pipeline\\Pipeline->{closure:{closure:Illuminate\\Pipeline\\Pipeline::carry():194}:195}(Object(Illuminate\\Http\\Request))
#67 /Users/andrescruz/Herd/livewirestore/vendor/laravel/framework/src/Illuminate/Pipeline/Pipeline.php(219): Illuminate\\Foundation\\Http\\Middleware\\PreventRequestsDuringMaintenance->handle(Object(Illuminate\\Http\\Request), Object(Closure))
#68 /Users/andrescruz/Herd/livewirestore/vendor/laravel/framework/src/Illuminate/Http/Middleware/HandleCors.php(61): Illuminate\\Pipeline\\Pipeline->{closure:{closure:Illuminate\\Pipeline\\Pipeline::carry():194}:195}(Object(Illuminate\\Http\\Request))
#69 /Users/andrescruz/Herd/livewirestore/vendor/laravel/framework/src/Illuminate/Pipeline/Pipeline.php(219): Illuminate\\Http\\Middleware\\HandleCors->handle(Object(Illuminate\\Http\\Request), Object(Closure))
#70 /Users/andrescruz/Herd/livewirestore/vendor/laravel/framework/src/Illuminate/Http/Middleware/TrustProxies.php(58): Illuminate\\Pipeline\\Pipeline->{closure:{closure:Illuminate\\Pipeline\\Pipeline::carry():194}:195}(Object(Illuminate\\Http\\Request))
#71 /Users/andrescruz/Herd/livewirestore/vendor/laravel/framework/src/Illuminate/Pipeline/Pipeline.php(219): Illuminate\\Http\\Middleware\\TrustProxies->handle(Object(Illuminate\\Http\\Request), Object(Closure))
#72 /Users/andrescruz/Herd/livewirestore/vendor/laravel/framework/src/Illuminate/Foundation/Http/Middleware/InvokeDeferredCallbacks.php(22): Illuminate\\Pipeline\\Pipeline->{closure:{closure:Illuminate\\Pipeline\\Pipeline::carry():194}:195}(Object(Illuminate\\Http\\Request))
#73 /Users/andrescruz/Herd/livewirestore/vendor/laravel/framework/src/Illuminate/Pipeline/Pipeline.php(219): Illuminate\\Foundation\\Http\\Middleware\\InvokeDeferredCallbacks->handle(Object(Illuminate\\Http\\Request), Object(Closure))
#74 /Users/andrescruz/Herd/livewirestore/vendor/laravel/framework/src/Illuminate/Http/Middleware/ValidatePathEncoding.php(28): Illuminate\\Pipeline\\Pipeline->{closure:{closure:Illuminate\\Pipeline\\Pipeline::carry():194}:195}(Object(Illuminate\\Http\\Request))
#75 /Users/andrescruz/Herd/livewirestore/vendor/laravel/framework/src/Illuminate/Pipeline/Pipeline.php(219): Illuminate\\Http\\Middleware\\ValidatePathEncoding->handle(Object(Illuminate\\Http\\Request), Object(Closure))
#76 /Users/andrescruz/Herd/livewirestore/vendor/laravel/framework/src/Illuminate/Pipeline/Pipeline.php(137): Illuminate\\Pipeline\\Pipeline->{closure:{closure:Illuminate\\Pipeline\\Pipeline::carry():194}:195}(Object(Illuminate\\Http\\Request))
#77 /Users/andrescruz/Herd/livewirestore/vendor/laravel/framework/src/Illuminate/Foundation/Http/Kernel.php(175): Illuminate\\Pipeline\\Pipeline->then(Object(Closure))
#78 /Users/andrescruz/Herd/livewirestore/vendor/laravel/framework/src/Illuminate/Foundation/Http/Kernel.php(144): Illuminate\\Foundation\\Http\\Kernel->sendRequestThroughRouter(Object(Illuminate\\Http\\Request))
#79 /Users/andrescruz/Herd/livewirestore/vendor/laravel/framework/src/Illuminate/Foundation/Application.php(1220): Illuminate\\Foundation\\Http\\Kernel->handle(Object(Illuminate\\Http\\Request))
#80 /Users/andrescruz/Herd/livewirestore/public/index.php(20): Illuminate\\Foundation\\Application->handleRequest(Object(Illuminate\\Http\\Request))
#81 /Applications/Herd.app/Contents/Resources/valet/server.php(167): require('/Users/andrescr...')
#82 {main}

[previous exception] [object] (Illuminate\\View\\ViewException(code: 0): Missing required parameter for [Route: dashboard] [URI: {current_team}/dashboard] [Missing parameter: current_team]. (View: /Users/andrescruz/Herd/livewirestore/resources/views/layouts/app/sidebar.blade.php) at /Users/andrescruz/Herd/livewirestore/vendor/laravel/framework/src/Illuminate/Routing/Exceptions/UrlGenerationException.php:35)
[stacktrace]
#0 /Users/andrescruz/Herd/livewirestore/vendor/livewire/livewire/src/Mechanisms/ExtendBlade/ExtendedCompilerEngine.php(58): Illuminate\\View\\Engines\\CompilerEngine->handleViewException(Object(Illuminate\\Routing\\Exceptions\\UrlGenerationException), 3)
#1 /Users/andrescruz/Herd/livewirestore/vendor/laravel/framework/src/Illuminate/View/Engines/PhpEngine.php(59): Livewire\\Mechanisms\\ExtendBlade\\ExtendedCompilerEngine->handleViewException(Object(Illuminate\\Routing\\Exceptions\\UrlGenerationException), 3)
#2 /Users/andrescruz/Herd/livewirestore/vendor/livewire/livewire/src/Mechanisms/ExtendBlade/ExtendedCompilerEngine.php(22): Illuminate\\View\\Engines\\PhpEngine->evaluatePath('/Users/andrescr...', Array)
#3 /Users/andrescruz/Herd/livewirestore/vendor/laravel/framework/src/Illuminate/View/Engines/CompilerEngine.php(76): Livewire\\Mechanisms\\ExtendBlade\\ExtendedCompilerEngine->evaluatePath('/Users/andrescr...', Array)
#4 /Users/andrescruz/Herd/livewirestore/vendor/livewire/livewire/src/Mechanisms/ExtendBlade/ExtendedCompilerEngine.php(10): Illuminate\\View\\Engines\\CompilerEngine->get('/Users/andrescr...', Array)
#5 /Users/andrescruz/Herd/livewirestore/vendor/laravel/framework/src/Illuminate/View/View.php(208): Livewire\\Mechanisms\\ExtendBlade\\ExtendedCompilerEngine->get('/Users/andrescr...', Array)
#6 /Users/andrescruz/Herd/livewirestore/vendor/laravel/framework/src/Illuminate/View/View.php(191): Illuminate\\View\\View->getContents()
#7 /Users/andrescruz/Herd/livewirestore/vendor/laravel/framework/src/Illuminate/View/View.php(160): Illuminate\\View\\View->renderContents()
#8 /Users/andrescruz/Herd/livewirestore/vendor/laravel/framework/src/Illuminate/View/Concerns/ManagesComponents.php(103): Illuminate\\View\\View->render()
#9 /Users/andrescruz/Herd/livewirestore/storage/framework/views/3648d0e5e1d7910bb6e40064c80ef1f2.php(45): Illuminate\\View\\Factory->renderComponent()
#10 /Users/andrescruz/Herd/livewirestore/vendor/laravel/framework/src/Illuminate/Filesystem/Filesystem.php(123): require('/Users/andrescr...')
#11 /Users/andrescruz/Herd/livewirestore/vendor/laravel/framework/src/Illuminate/Filesystem/Filesystem.php(124): Illuminate\\Filesystem\\Filesystem::{closure:Illuminate\\Filesystem\\Filesystem::getRequire():120}()
#12 /Users/andrescruz/Herd/livewirestore/vendor/laravel/framework/src/Illuminate/View/Engines/PhpEngine.php(57): Illuminate\\Filesystem\\Filesystem->getRequire('/Users/andrescr...', Array)
#13 /Users/andrescruz/Herd/livewirestore/vendor/livewire/livewire/src/Mechanisms/ExtendBlade/ExtendedCompilerEngine.php(22): Illuminate\\View\\Engines\\PhpEngine->evaluatePath('/Users/andrescr...', Array)
#14 /Users/andrescruz/Herd/livewirestore/vendor/laravel/framework/src/Illuminate/View/Engines/CompilerEngine.php(76): Livewire\\Mechanisms\\ExtendBlade\\ExtendedCompilerEngine->evaluatePath('/Users/andrescr...', Array)
#15 /Users/andrescruz/Herd/livewirestore/vendor/livewire/livewire/src/Mechanisms/ExtendBlade/ExtendedCompilerEngine.php(10): Illuminate\\View\\Engines\\CompilerEngine->get('/Users/andrescr...', Array)
#16 /Users/andrescruz/Herd/livewirestore/vendor/laravel/framework/src/Illuminate/View/View.php(208): Livewire\\Mechanisms\\ExtendBlade\\ExtendedCompilerEngine->get('/Users/andrescr...', Array)
#17 /Users/andrescruz/Herd/livewirestore/vendor/laravel/framework/src/Illuminate/View/View.php(191): Illuminate\\View\\View->getContents()
#18 /Users/andrescruz/Herd/livewirestore/vendor/laravel/framework/src/Illuminate/View/View.php(160): Illuminate\\View\\View->renderContents()
#19 /Users/andrescruz/Herd/livewirestore/vendor/laravel/framework/src/Illuminate/View/Concerns/ManagesComponents.php(103): Illuminate\\View\\View->render()
#20 /Users/andrescruz/Herd/livewirestore/storage/framework/views/290854be5454abd59f9491fe16e0fcbe.php(17): Illuminate\\View\\Factory->renderComponent()
#21 /Users/andrescruz/Herd/livewirestore/vendor/laravel/framework/src/Illuminate/Filesystem/Filesystem.php(123): require('/Users/andrescr...')
#22 /Users/andrescruz/Herd/livewirestore/vendor/laravel/framework/src/Illuminate/Filesystem/Filesystem.php(124): Illuminate\\Filesystem\\Filesystem::{closure:Illuminate\\Filesystem\\Filesystem::getRequire():120}()
#23 /Users/andrescruz/Herd/livewirestore/vendor/laravel/framework/src/Illuminate/View/Engines/PhpEngine.php(57): Illuminate\\Filesystem\\Filesystem->getRequire('/Users/andrescr...', Array)
#24 /Users/andrescruz/Herd/livewirestore/vendor/livewire/livewire/src/Mechanisms/ExtendBlade/ExtendedCompilerEngine.php(22): Illuminate\\View\\Engines\\PhpEngine->evaluatePath('/Users/andrescr...', Array)
#25 /Users/andrescruz/Herd/livewirestore/vendor/laravel/framework/src/Illuminate/View/Engines/CompilerEngine.php(76): Livewire\\Mechanisms\\ExtendBlade\\ExtendedCompilerEngine->evaluatePath('/Users/andrescr...', Array)
#26 /Users/andrescruz/Herd/livewirestore/vendor/livewire/livewire/src/Mechanisms/ExtendBlade/ExtendedCompilerEngine.php(10): Illuminate\\View\\Engines\\CompilerEngine->get('/Users/andrescr...', Array)
#27 /Users/andrescruz/Herd/livewirestore/vendor/laravel/framework/src/Illuminate/View/View.php(208): Livewire\\Mechanisms\\ExtendBlade\\ExtendedCompilerEngine->get('/Users/andrescr...', Array)
#28 /Users/andrescruz/Herd/livewirestore/vendor/laravel/framework/src/Illuminate/View/View.php(191): Illuminate\\View\\View->getContents()
#29 /Users/andrescruz/Herd/livewirestore/vendor/laravel/framework/src/Illuminate/View/View.php(160): Illuminate\\View\\View->renderContents()
#30 /Users/andrescruz/Herd/livewirestore/vendor/laravel/framework/src/Illuminate/View/Compilers/BladeCompiler.php(353): Illuminate\\View\\View->render()
#31 /Users/andrescruz/Herd/livewirestore/vendor/laravel/framework/src/Illuminate/Support/Facades/Facade.php(363): Illuminate\\View\\Compilers\\BladeCompiler::render('    <?php $layo...', Array)
#32 /Users/andrescruz/Herd/livewirestore/vendor/livewire/livewire/src/Features/SupportPageComponents/SupportPageComponents.php(162): Illuminate\\Support\\Facades\\Facade::__callStatic('render', Array)
#33 /Users/andrescruz/Herd/livewirestore/vendor/livewire/livewire/src/Features/SupportPageComponents/HandlesPageComponents.php(26): Livewire\\Features\\SupportPageComponents\\SupportPageComponents::renderContentsIntoLayout('<div wire:snaps...', Object(Livewire\\Features\\SupportPageComponents\\PageComponentConfig))
#34 /Users/andrescruz/Herd/livewirestore/vendor/laravel/framework/src/Illuminate/Container/BoundMethod.php(36): Livewire\\Component->__invoke()
#35 /Users/andrescruz/Herd/livewirestore/vendor/laravel/framework/src/Illuminate/Container/Util.php(43): Illuminate\\Container\\BoundMethod::{closure:Illuminate\\Container\\BoundMethod::call():35}()
#36 /Users/andrescruz/Herd/livewirestore/vendor/laravel/framework/src/Illuminate/Container/BoundMethod.php(96): Illuminate\\Container\\Util::unwrapIfClosure(Object(Closure))
#37 /Users/andrescruz/Herd/livewirestore/vendor/laravel/framework/src/Illuminate/Container/BoundMethod.php(35): Illuminate\\Container\\BoundMethod::callBoundMethod(Object(Illuminate\\Foundation\\Application), Array, Object(Closure))
#38 /Users/andrescruz/Herd/livewirestore/vendor/laravel/framework/src/Illuminate/Container/Container.php(799): Illuminate\\Container\\BoundMethod::call(Object(Illuminate\\Foundation\\Application), Array, Array, NULL)
#39 /Users/andrescruz/Herd/livewirestore/vendor/livewire/livewire/src/Mechanisms/HandleRouting/LivewirePageController.php(15): Illuminate\\Container\\Container->call(Array)
#40 /Users/andrescruz/Herd/livewirestore/vendor/laravel/framework/src/Illuminate/Routing/ControllerDispatcher.php(46): Livewire\\Mechanisms\\HandleRouting\\LivewirePageController->__invoke()
#41 /Users/andrescruz/Herd/livewirestore/vendor/laravel/framework/src/Illuminate/Routing/Route.php(269): Illuminate\\Routing\\ControllerDispatcher->dispatch(Object(Illuminate\\Routing\\Route), Object(Livewire\\Mechanisms\\HandleRouting\\LivewirePageController), '__invoke')
#42 /Users/andrescruz/Herd/livewirestore/vendor/laravel/framework/src/Illuminate/Routing/Route.php(215): Illuminate\\Routing\\Route->runController()
#43 /Users/andrescruz/Herd/livewirestore/vendor/laravel/framework/src/Illuminate/Routing/Router.php(822): Illuminate\\Routing\\Route->run()
#44 /Users/andrescruz/Herd/livewirestore/vendor/laravel/framework/src/Illuminate/Pipeline/Pipeline.php(180): Illuminate\\Routing\\Router->{closure:Illuminate\\Routing\\Router::runRouteWithinStack():821}(Object(Illuminate\\Http\\Request))
#45 /Users/andrescruz/Herd/livewirestore/app/Http/Middleware/SetTeamUrlDefaults.php(26): Illuminate\\Pipeline\\Pipeline->{closure:Illuminate\\Pipeline\\Pipeline::prepareDestination():178}(Object(Illuminate\\Http\\Request))
#46 /Users/andrescruz/Herd/livewirestore/vendor/laravel/framework/src/Illuminate/Pipeline/Pipeline.php(219): App\\Http\\Middleware\\SetTeamUrlDefaults->handle(Object(Illuminate\\Http\\Request), Object(Closure))
#47 /Users/andrescruz/Herd/livewirestore/vendor/laravel/framework/src/Illuminate/Routing/Middleware/SubstituteBindings.php(52): Illuminate\\Pipeline\\Pipeline->{closure:{closure:Illuminate\\Pipeline\\Pipeline::carry():194}:195}(Object(Illuminate\\Http\\Request))
#48 /Users/andrescruz/Herd/livewirestore/vendor/laravel/framework/src/Illuminate/Pipeline/Pipeline.php(219): Illuminate\\Routing\\Middleware\\SubstituteBindings->handle(Object(Illuminate\\Http\\Request), Object(Closure))
#49 /Users/andrescruz/Herd/livewirestore/vendor/laravel/framework/src/Illuminate/Foundation/Http/Middleware/PreventRequestForgery.php(104): Illuminate\\Pipeline\\Pipeline->{closure:{closure:Illuminate\\Pipeline\\Pipeline::carry():194}:195}(Object(Illuminate\\Http\\Request))
#50 /Users/andrescruz/Herd/livewirestore/vendor/laravel/framework/src/Illuminate/Pipeline/Pipeline.php(219): Illuminate\\Foundation\\Http\\Middleware\\PreventRequestForgery->handle(Object(Illuminate\\Http\\Request), Object(Closure))
#51 /Users/andrescruz/Herd/livewirestore/vendor/laravel/framework/src/Illuminate/View/Middleware/ShareErrorsFromSession.php(48): Illuminate\\Pipeline\\Pipeline->{closure:{closure:Illuminate\\Pipeline\\Pipeline::carry():194}:195}(Object(Illuminate\\Http\\Request))
#52 /Users/andrescruz/Herd/livewirestore/vendor/laravel/framework/src/Illuminate/Pipeline/Pipeline.php(219): Illuminate\\View\\Middleware\\ShareErrorsFromSession->handle(Object(Illuminate\\Http\\Request), Object(Closure))
#53 /Users/andrescruz/Herd/livewirestore/vendor/laravel/framework/src/Illuminate/Session/Middleware/StartSession.php(120): Illuminate\\Pipeline\\Pipeline->{closure:{closure:Illuminate\\Pipeline\\Pipeline::carry():194}:195}(Object(Illuminate\\Http\\Request))
#54 /Users/andrescruz/Herd/livewirestore/vendor/laravel/framework/src/Illuminate/Session/Middleware/StartSession.php(63): Illuminate\\Session\\Middleware\\StartSession->handleStatefulRequest(Object(Illuminate\\Http\\Request), Object(Illuminate\\Session\\Store), Object(Closure))
#55 /Users/andrescruz/Herd/livewirestore/vendor/laravel/framework/src/Illuminate/Pipeline/Pipeline.php(219): Illuminate\\Session\\Middleware\\StartSession->handle(Object(Illuminate\\Http\\Request), Object(Closure))
#56 /Users/andrescruz/Herd/livewirestore/vendor/laravel/framework/src/Illuminate/Cookie/Middleware/AddQueuedCookiesToResponse.php(36): Illuminate\\Pipeline\\Pipeline->{closure:{closure:Illuminate\\Pipeline\\Pipeline::carry():194}:195}(Object(Illuminate\\Http\\Request))
#57 /Users/andrescruz/Herd/livewirestore/vendor/laravel/framework/src/Illuminate/Pipeline/Pipeline.php(219): Illuminate\\Cookie\\Middleware\\AddQueuedCookiesToResponse->handle(Object(Illuminate\\Http\\Request), Object(Closure))
#58 /Users/andrescruz/Herd/livewirestore/vendor/laravel/framework/src/Illuminate/Cookie/Middleware/EncryptCookies.php(74): Illuminate\\Pipeline\\Pipeline->{closure:{closure:Illuminate\\Pipeline\\Pipeline::carry():194}:195}(Object(Illuminate\\Http\\Request))
#59 /Users/andrescruz/Herd/livewirestore/vendor/laravel/framework/src/Illuminate/Pipeline/Pipeline.php(219): Illuminate\\Cookie\\Middleware\\EncryptCookies->handle(Object(Illuminate\\Http\\Request), Object(Closure))
#60 /Users/andrescruz/Herd/livewirestore/vendor/laravel/framework/src/Illuminate/Pipeline/Pipeline.php(137): Illuminate\\Pipeline\\Pipeline->{closure:{closure:Illuminate\\Pipeline\\Pipeline::carry():194}:195}(Object(Illuminate\\Http\\Request))
#61 /Users/andrescruz/Herd/livewirestore/vendor/laravel/framework/src/Illuminate/Routing/Router.php(821): Illuminate\\Pipeline\\Pipeline->then(Object(Closure))
#62 /Users/andrescruz/Herd/livewirestore/vendor/laravel/framework/src/Illuminate/Routing/Router.php(800): Illuminate\\Routing\\Router->runRouteWithinStack(Object(Illuminate\\Routing\\Route), Object(Illuminate\\Http\\Request))
#63 /Users/andrescruz/Herd/livewirestore/vendor/laravel/framework/src/Illuminate/Routing/Router.php(764): Illuminate\\Routing\\Router->runRoute(Object(Illuminate\\Http\\Request), Object(Illuminate\\Routing\\Route))
#64 /Users/andrescruz/Herd/livewirestore/vendor/laravel/framework/src/Illuminate/Routing/Router.php(753): Illuminate\\Routing\\Router->dispatchToRoute(Object(Illuminate\\Http\\Request))
#65 /Users/andrescruz/Herd/livewirestore/vendor/laravel/framework/src/Illuminate/Foundation/Http/Kernel.php(200): Illuminate\\Routing\\Router->dispatch(Object(Illuminate\\Http\\Request))
#66 /Users/andrescruz/Herd/livewirestore/vendor/laravel/framework/src/Illuminate/Pipeline/Pipeline.php(180): Illuminate\\Foundation\\Http\\Kernel->{closure:Illuminate\\Foundation\\Http\\Kernel::dispatchToRouter():197}(Object(Illuminate\\Http\\Request))
#67 /Users/andrescruz/Herd/livewirestore/vendor/livewire/livewire/src/Features/SupportDisablingBackButtonCache/DisableBackButtonCacheMiddleware.php(19): Illuminate\\Pipeline\\Pipeline->{closure:Illuminate\\Pipeline\\Pipeline::prepareDestination():178}(Object(Illuminate\\Http\\Request))
#68 /Users/andrescruz/Herd/livewirestore/vendor/laravel/framework/src/Illuminate/Pipeline/Pipeline.php(219): Livewire\\Features\\SupportDisablingBackButtonCache\\DisableBackButtonCacheMiddleware->handle(Object(Illuminate\\Http\\Request), Object(Closure))
#69 /Users/andrescruz/Herd/livewirestore/vendor/laravel/framework/src/Illuminate/Foundation/Http/Middleware/TransformsRequest.php(21): Illuminate\\Pipeline\\Pipeline->{closure:{closure:Illuminate\\Pipeline\\Pipeline::carry():194}:195}(Object(Illuminate\\Http\\Request))
#70 /Users/andrescruz/Herd/livewirestore/vendor/laravel/framework/src/Illuminate/Foundation/Http/Middleware/ConvertEmptyStringsToNull.php(31): Illuminate\\Foundation\\Http\\Middleware\\TransformsRequest->handle(Object(Illuminate\\Http\\Request), Object(Closure))
#71 /Users/andrescruz/Herd/livewirestore/vendor/laravel/framework/src/Illuminate/Pipeline/Pipeline.php(219): Illuminate\\Foundation\\Http\\Middleware\\ConvertEmptyStringsToNull->handle(Object(Illuminate\\Http\\Request), Object(Closure))
#72 /Users/andrescruz/Herd/livewirestore/vendor/laravel/framework/src/Illuminate/Foundation/Http/Middleware/TransformsRequest.php(21): Illuminate\\Pipeline\\Pipeline->{closure:{closure:Illuminate\\Pipeline\\Pipeline::carry():194}:195}(Object(Illuminate\\Http\\Request))
#73 /Users/andrescruz/Herd/livewirestore/vendor/laravel/framework/src/Illuminate/Foundation/Http/Middleware/TrimStrings.php(51): Illuminate\\Foundation\\Http\\Middleware\\TransformsRequest->handle(Object(Illuminate\\Http\\Request), Object(Closure))
#74 /Users/andrescruz/Herd/livewirestore/vendor/laravel/framework/src/Illuminate/Pipeline/Pipeline.php(219): Illuminate\\Foundation\\Http\\Middleware\\TrimStrings->handle(Object(Illuminate\\Http\\Request), Object(Closure))
#75 /Users/andrescruz/Herd/livewirestore/vendor/laravel/framework/src/Illuminate/Http/Middleware/ValidatePostSize.php(27): Illuminate\\Pipeline\\Pipeline->{closure:{closure:Illuminate\\Pipeline\\Pipeline::carry():194}:195}(Object(Illuminate\\Http\\Request))
#76 /Users/andrescruz/Herd/livewirestore/vendor/laravel/framework/src/Illuminate/Pipeline/Pipeline.php(219): Illuminate\\Http\\Middleware\\ValidatePostSize->handle(Object(Illuminate\\Http\\Request), Object(Closure))
#77 /Users/andrescruz/Herd/livewirestore/vendor/laravel/framework/src/Illuminate/Foundation/Http/Middleware/PreventRequestsDuringMaintenance.php(109): Illuminate\\Pipeline\\Pipeline->{closure:{closure:Illuminate\\Pipeline\\Pipeline::carry():194}:195}(Object(Illuminate\\Http\\Request))
#78 /Users/andrescruz/Herd/livewirestore/vendor/laravel/framework/src/Illuminate/Pipeline/Pipeline.php(219): Illuminate\\Foundation\\Http\\Middleware\\PreventRequestsDuringMaintenance->handle(Object(Illuminate\\Http\\Request), Object(Closure))
#79 /Users/andrescruz/Herd/livewirestore/vendor/laravel/framework/src/Illuminate/Http/Middleware/HandleCors.php(61): Illuminate\\Pipeline\\Pipeline->{closure:{closure:Illuminate\\Pipeline\\Pipeline::carry():194}:195}(Object(Illuminate\\Http\\Request))
#80 /Users/andrescruz/Herd/livewirestore/vendor/laravel/framework/src/Illuminate/Pipeline/Pipeline.php(219): Illuminate\\Http\\Middleware\\HandleCors->handle(Object(Illuminate\\Http\\Request), Object(Closure))
#81 /Users/andrescruz/Herd/livewirestore/vendor/laravel/framework/src/Illuminate/Http/Middleware/TrustProxies.php(58): Illuminate\\Pipeline\\Pipeline->{closure:{closure:Illuminate\\Pipeline\\Pipeline::carry():194}:195}(Object(Illuminate\\Http\\Request))
#82 /Users/andrescruz/Herd/livewirestore/vendor/laravel/framework/src/Illuminate/Pipeline/Pipeline.php(219): Illuminate\\Http\\Middleware\\TrustProxies->handle(Object(Illuminate\\Http\\Request), Object(Closure))
#83 /Users/andrescruz/Herd/livewirestore/vendor/laravel/framework/src/Illuminate/Foundation/Http/Middleware/InvokeDeferredCallbacks.php(22): Illuminate\\Pipeline\\Pipeline->{closure:{closure:Illuminate\\Pipeline\\Pipeline::carry():194}:195}(Object(Illuminate\\Http\\Request))
#84 /Users/andrescruz/Herd/livewirestore/vendor/laravel/framework/src/Illuminate/Pipeline/Pipeline.php(219): Illuminate\\Foundation\\Http\\Middleware\\InvokeDeferredCallbacks->handle(Object(Illuminate\\Http\\Request), Object(Closure))
#85 /Users/andrescruz/Herd/livewirestore/vendor/laravel/framework/src/Illuminate/Http/Middleware/ValidatePathEncoding.php(28): Illuminate\\Pipeline\\Pipeline->{closure:{closure:Illuminate\\Pipeline\\Pipeline::carry():194}:195}(Object(Illuminate\\Http\\Request))
#86 /Users/andrescruz/Herd/livewirestore/vendor/laravel/framework/src/Illuminate/Pipeline/Pipeline.php(219): Illuminate\\Http\\Middleware\\ValidatePathEncoding->handle(Object(Illuminate\\Http\\Request), Object(Closure))
#87 /Users/andrescruz/Herd/livewirestore/vendor/laravel/framework/src/Illuminate/Pipeline/Pipeline.php(137): Illuminate\\Pipeline\\Pipeline->{closure:{closure:Illuminate\\Pipeline\\Pipeline::carry():194}:195}(Object(Illuminate\\Http\\Request))
#88 /Users/andrescruz/Herd/livewirestore/vendor/laravel/framework/src/Illuminate/Foundation/Http/Kernel.php(175): Illuminate\\Pipeline\\Pipeline->then(Object(Closure))
#89 /Users/andrescruz/Herd/livewirestore/vendor/laravel/framework/src/Illuminate/Foundation/Http/Kernel.php(144): Illuminate\\Foundation\\Http\\Kernel->sendRequestThroughRouter(Object(Illuminate\\Http\\Request))
#90 /Users/andrescruz/Herd/livewirestore/vendor/laravel/framework/src/Illuminate/Foundation/Application.php(1220): Illuminate\\Foundation\\Http\\Kernel->handle(Object(Illuminate\\Http\\Request))
#91 /Users/andrescruz/Herd/livewirestore/public/index.php(20): Illuminate\\Foundation\\Application->handleRequest(Object(Illuminate\\Http\\Request))
#92 /Applications/Herd.app/Contents/Resources/valet/server.php(167): require('/Users/andrescr...')
#93 {main}

[previous exception] [object] (Illuminate\\Routing\\Exceptions\\UrlGenerationException(code: 0): Missing required parameter for [Route: dashboard] [URI: {current_team}/dashboard] [Missing parameter: current_team]. at /Users/andrescruz/Herd/livewirestore/vendor/laravel/framework/src/Illuminate/Routing/Exceptions/UrlGenerationException.php:35)
[stacktrace]
#0 /Users/andrescruz/Herd/livewirestore/vendor/laravel/framework/src/Illuminate/Routing/RouteUrlGenerator.php(94): Illuminate\\Routing\\Exceptions\\UrlGenerationException::forMissingParameters(Object(Illuminate\\Routing\\Route), Array)
#1 /Users/andrescruz/Herd/livewirestore/vendor/laravel/framework/src/Illuminate/Routing/UrlGenerator.php(551): Illuminate\\Routing\\RouteUrlGenerator->to(Object(Illuminate\\Routing\\Route), Array, true)
#2 /Users/andrescruz/Herd/livewirestore/vendor/laravel/framework/src/Illuminate/Routing/UrlGenerator.php(528): Illuminate\\Routing\\UrlGenerator->toRoute(Object(Illuminate\\Routing\\Route), Array, true)
#3 /Users/andrescruz/Herd/livewirestore/vendor/laravel/framework/src/Illuminate/Foundation/helpers.php(870): Illuminate\\Routing\\UrlGenerator->route('dashboard', Array, true)
#4 /Users/andrescruz/Herd/livewirestore/storage/framework/views/fea6a347c7959fc50e3d3c024f9349fc.php(35): route('dashboard')
#5 /Users/andrescruz/Herd/livewirestore/vendor/laravel/framework/src/Illuminate/Filesystem/Filesystem.php(123): require('/Users/andrescr...')
#6 /Users/andrescruz/Herd/livewirestore/vendor/laravel/framework/src/Illuminate/Filesystem/Filesystem.php(124): Illuminate\\Filesystem\\Filesystem::{closure:Illuminate\\Filesystem\\Filesystem::getRequire():120}()
#7 /Users/andrescruz/Herd/livewirestore/vendor/laravel/framework/src/Illuminate/View/Engines/PhpEngine.php(57): Illuminate\\Filesystem\\Filesystem->getRequire('/Users/andrescr...', Array)
#8 /Users/andrescruz/Herd/livewirestore/vendor/livewire/livewire/src/Mechanisms/ExtendBlade/ExtendedCompilerEngine.php(22): Illuminate\\View\\Engines\\PhpEngine->evaluatePath('/Users/andrescr...', Array)
#9 /Users/andrescruz/Herd/livewirestore/vendor/laravel/framework/src/Illuminate/View/Engines/CompilerEngine.php(76): Livewire\\Mechanisms\\ExtendBlade\\ExtendedCompilerEngine->evaluatePath('/Users/andrescr...', Array)
#10 /Users/andrescruz/Herd/livewirestore/vendor/livewire/livewire/src/Mechanisms/ExtendBlade/ExtendedCompilerEngine.php(10): Illuminate\\View\\Engines\\CompilerEngine->get('/Users/andrescr...', Array)
#11 /Users/andrescruz/Herd/livewirestore/vendor/laravel/framework/src/Illuminate/View/View.php(208): Livewire\\Mechanisms\\ExtendBlade\\ExtendedCompilerEngine->get('/Users/andrescr...', Array)
#12 /Users/andrescruz/Herd/livewirestore/vendor/laravel/framework/src/Illuminate/View/View.php(191): Illuminate\\View\\View->getContents()
#13 /Users/andrescruz/Herd/livewirestore/vendor/laravel/framework/src/Illuminate/View/View.php(160): Illuminate\\View\\View->renderContents()
#14 /Users/andrescruz/Herd/livewirestore/vendor/laravel/framework/src/Illuminate/View/Concerns/ManagesComponents.php(103): Illuminate\\View\\View->render()
#15 /Users/andrescruz/Herd/livewirestore/storage/framework/views/3648d0e5e1d7910bb6e40064c80ef1f2.php(45): Illuminate\\View\\Factory->renderComponent()
#16 /Users/andrescruz/Herd/livewirestore/vendor/laravel/framework/src/Illuminate/Filesystem/Filesystem.php(123): require('/Users/andrescr...')
#17 /Users/andrescruz/Herd/livewirestore/vendor/laravel/framework/src/Illuminate/Filesystem/Filesystem.php(124): Illuminate\\Filesystem\\Filesystem::{closure:Illuminate\\Filesystem\\Filesystem::getRequire():120}()
#18 /Users/andrescruz/Herd/livewirestore/vendor/laravel/framework/src/Illuminate/View/Engines/PhpEngine.php(57): Illuminate\\Filesystem\\Filesystem->getRequire('/Users/andrescr...', Array)
#19 /Users/andrescruz/Herd/livewirestore/vendor/livewire/livewire/src/Mechanisms/ExtendBlade/ExtendedCompilerEngine.php(22): Illuminate\\View\\Engines\\PhpEngine->evaluatePath('/Users/andrescr...', Array)
#20 /Users/andrescruz/Herd/livewirestore/vendor/laravel/framework/src/Illuminate/View/Engines/CompilerEngine.php(76): Livewire\\Mechanisms\\ExtendBlade\\ExtendedCompilerEngine->evaluatePath('/Users/andrescr...', Array)
#21 /Users/andrescruz/Herd/livewirestore/vendor/livewire/livewire/src/Mechanisms/ExtendBlade/ExtendedCompilerEngine.php(10): Illuminate\\View\\Engines\\CompilerEngine->get('/Users/andrescr...', Array)
#22 /Users/andrescruz/Herd/livewirestore/vendor/laravel/framework/src/Illuminate/View/View.php(208): Livewire\\Mechanisms\\ExtendBlade\\ExtendedCompilerEngine->get('/Users/andrescr...', Array)
#23 /Users/andrescruz/Herd/livewirestore/vendor/laravel/framework/src/Illuminate/View/View.php(191): Illuminate\\View\\View->getContents()
#24 /Users/andrescruz/Herd/livewirestore/vendor/laravel/framework/src/Illuminate/View/View.php(160): Illuminate\\View\\View->renderContents()
#25 /Users/andrescruz/Herd/livewirestore/vendor/laravel/framework/src/Illuminate/View/Concerns/ManagesComponents.php(103): Illuminate\\View\\View->render()
#26 /Users/andrescruz/Herd/livewirestore/storage/framework/views/290854be5454abd59f9491fe16e0fcbe.php(17): Illuminate\\View\\Factory->renderComponent()
#27 /Users/andrescruz/Herd/livewirestore/vendor/laravel/framework/src/Illuminate/Filesystem/Filesystem.php(123): require('/Users/andrescr...')
#28 /Users/andrescruz/Herd/livewirestore/vendor/laravel/framework/src/Illuminate/Filesystem/Filesystem.php(124): Illuminate\\Filesystem\\Filesystem::{closure:Illuminate\\Filesystem\\Filesystem::getRequire():120}()
#29 /Users/andrescruz/Herd/livewirestore/vendor/laravel/framework/src/Illuminate/View/Engines/PhpEngine.php(57): Illuminate\\Filesystem\\Filesystem->getRequire('/Users/andrescr...', Array)
#30 /Users/andrescruz/Herd/livewirestore/vendor/livewire/livewire/src/Mechanisms/ExtendBlade/ExtendedCompilerEngine.php(22): Illuminate\\View\\Engines\\PhpEngine->evaluatePath('/Users/andrescr...', Array)
#31 /Users/andrescruz/Herd/livewirestore/vendor/laravel/framework/src/Illuminate/View/Engines/CompilerEngine.php(76): Livewire\\Mechanisms\\ExtendBlade\\ExtendedCompilerEngine->evaluatePath('/Users/andrescr...', Array)
#32 /Users/andrescruz/Herd/livewirestore/vendor/livewire/livewire/src/Mechanisms/ExtendBlade/ExtendedCompilerEngine.php(10): Illuminate\\View\\Engines\\CompilerEngine->get('/Users/andrescr...', Array)
#33 /Users/andrescruz/Herd/livewirestore/vendor/laravel/framework/src/Illuminate/View/View.php(208): Livewire\\Mechanisms\\ExtendBlade\\ExtendedCompilerEngine->get('/Users/andrescr...', Array)
#34 /Users/andrescruz/Herd/livewirestore/vendor/laravel/framework/src/Illuminate/View/View.php(191): Illuminate\\View\\View->getContents()
#35 /Users/andrescruz/Herd/livewirestore/vendor/laravel/framework/src/Illuminate/View/View.php(160): Illuminate\\View\\View->renderContents()
#36 /Users/andrescruz/Herd/livewirestore/vendor/laravel/framework/src/Illuminate/View/Compilers/BladeCompiler.php(353): Illuminate\\View\\View->render()
#37 /Users/andrescruz/Herd/livewirestore/vendor/laravel/framework/src/Illuminate/Support/Facades/Facade.php(363): Illuminate\\View\\Compilers\\BladeCompiler::render('    <?php $layo...', Array)
#38 /Users/andrescruz/Herd/livewirestore/vendor/livewire/livewire/src/Features/SupportPageComponents/SupportPageComponents.php(162): Illuminate\\Support\\Facades\\Facade::__callStatic('render', Array)
#39 /Users/andrescruz/Herd/livewirestore/vendor/livewire/livewire/src/Features/SupportPageComponents/HandlesPageComponents.php(26): Livewire\\Features\\SupportPageComponents\\SupportPageComponents::renderContentsIntoLayout('<div wire:snaps...', Object(Livewire\\Features\\SupportPageComponents\\PageComponentConfig))
#40 /Users/andrescruz/Herd/livewirestore/vendor/laravel/framework/src/Illuminate/Container/BoundMethod.php(36): Livewire\\Component->__invoke()
#41 /Users/andrescruz/Herd/livewirestore/vendor/laravel/framework/src/Illuminate/Container/Util.php(43): Illuminate\\Container\\BoundMethod::{closure:Illuminate\\Container\\BoundMethod::call():35}()
#42 /Users/andrescruz/Herd/livewirestore/vendor/laravel/framework/src/Illuminate/Container/BoundMethod.php(96): Illuminate\\Container\\Util::unwrapIfClosure(Object(Closure))
#43 /Users/andrescruz/Herd/livewirestore/vendor/laravel/framework/src/Illuminate/Container/BoundMethod.php(35): Illuminate\\Container\\BoundMethod::callBoundMethod(Object(Illuminate\\Foundation\\Application), Array, Object(Closure))
#44 /Users/andrescruz/Herd/livewirestore/vendor/laravel/framework/src/Illuminate/Container/Container.php(799): Illuminate\\Container\\BoundMethod::call(Object(Illuminate\\Foundation\\Application), Array, Array, NULL)
#45 /Users/andrescruz/Herd/livewirestore/vendor/livewire/livewire/src/Mechanisms/HandleRouting/LivewirePageController.php(15): Illuminate\\Container\\Container->call(Array)
#46 /Users/andrescruz/Herd/livewirestore/vendor/laravel/framework/src/Illuminate/Routing/ControllerDispatcher.php(46): Livewire\\Mechanisms\\HandleRouting\\LivewirePageController->__invoke()
#47 /Users/andrescruz/Herd/livewirestore/vendor/laravel/framework/src/Illuminate/Routing/Route.php(269): Illuminate\\Routing\\ControllerDispatcher->dispatch(Object(Illuminate\\Routing\\Route), Object(Livewire\\Mechanisms\\HandleRouting\\LivewirePageController), '__invoke')
#48 /Users/andrescruz/Herd/livewirestore/vendor/laravel/framework/src/Illuminate/Routing/Route.php(215): Illuminate\\Routing\\Route->runController()
#49 /Users/andrescruz/Herd/livewirestore/vendor/laravel/framework/src/Illuminate/Routing/Router.php(822): Illuminate\\Routing\\Route->run()
#50 /Users/andrescruz/Herd/livewirestore/vendor/laravel/framework/src/Illuminate/Pipeline/Pipeline.php(180): Illuminate\\Routing\\Router->{closure:Illuminate\\Routing\\Router::runRouteWithinStack():821}(Object(Illuminate\\Http\\Request))
#51 /Users/andrescruz/Herd/livewirestore/app/Http/Middleware/SetTeamUrlDefaults.php(26): Illuminate\\Pipeline\\Pipeline->{closure:Illuminate\\Pipeline\\Pipeline::prepareDestination():178}(Object(Illuminate\\Http\\Request))
#52 /Users/andrescruz/Herd/livewirestore/vendor/laravel/framework/src/Illuminate/Pipeline/Pipeline.php(219): App\\Http\\Middleware\\SetTeamUrlDefaults->handle(Object(Illuminate\\Http\\Request), Object(Closure))
#53 /Users/andrescruz/Herd/livewirestore/vendor/laravel/framework/src/Illuminate/Routing/Middleware/SubstituteBindings.php(52): Illuminate\\Pipeline\\Pipeline->{closure:{closure:Illuminate\\Pipeline\\Pipeline::carry():194}:195}(Object(Illuminate\\Http\\Request))
#54 /Users/andrescruz/Herd/livewirestore/vendor/laravel/framework/src/Illuminate/Pipeline/Pipeline.php(219): Illuminate\\Routing\\Middleware\\SubstituteBindings->handle(Object(Illuminate\\Http\\Request), Object(Closure))
#55 /Users/andrescruz/Herd/livewirestore/vendor/laravel/framework/src/Illuminate/Foundation/Http/Middleware/PreventRequestForgery.php(104): Illuminate\\Pipeline\\Pipeline->{closure:{closure:Illuminate\\Pipeline\\Pipeline::carry():194}:195}(Object(Illuminate\\Http\\Request))
#56 /Users/andrescruz/Herd/livewirestore/vendor/laravel/framework/src/Illuminate/Pipeline/Pipeline.php(219): Illuminate\\Foundation\\Http\\Middleware\\PreventRequestForgery->handle(Object(Illuminate\\Http\\Request), Object(Closure))
#57 /Users/andrescruz/Herd/livewirestore/vendor/laravel/framework/src/Illuminate/View/Middleware/ShareErrorsFromSession.php(48): Illuminate\\Pipeline\\Pipeline->{closure:{closure:Illuminate\\Pipeline\\Pipeline::carry():194}:195}(Object(Illuminate\\Http\\Request))
#58 /Users/andrescruz/Herd/livewirestore/vendor/laravel/framework/src/Illuminate/Pipeline/Pipeline.php(219): Illuminate\\View\\Middleware\\ShareErrorsFromSession->handle(Object(Illuminate\\Http\\Request), Object(Closure))
#59 /Users/andrescruz/Herd/livewirestore/vendor/laravel/framework/src/Illuminate/Session/Middleware/StartSession.php(120): Illuminate\\Pipeline\\Pipeline->{closure:{closure:Illuminate\\Pipeline\\Pipeline::carry():194}:195}(Object(Illuminate\\Http\\Request))
#60 /Users/andrescruz/Herd/livewirestore/vendor/laravel/framework/src/Illuminate/Session/Middleware/StartSession.php(63): Illuminate\\Session\\Middleware\\StartSession->handleStatefulRequest(Object(Illuminate\\Http\\Request), Object(Illuminate\\Session\\Store), Object(Closure))
#61 /Users/andrescruz/Herd/livewirestore/vendor/laravel/framework/src/Illuminate/Pipeline/Pipeline.php(219): Illuminate\\Session\\Middleware\\StartSession->handle(Object(Illuminate\\Http\\Request), Object(Closure))
#62 /Users/andrescruz/Herd/livewirestore/vendor/laravel/framework/src/Illuminate/Cookie/Middleware/AddQueuedCookiesToResponse.php(36): Illuminate\\Pipeline\\Pipeline->{closure:{closure:Illuminate\\Pipeline\\Pipeline::carry():194}:195}(Object(Illuminate\\Http\\Request))
#63 /Users/andrescruz/Herd/livewirestore/vendor/laravel/framework/src/Illuminate/Pipeline/Pipeline.php(219): Illuminate\\Cookie\\Middleware\\AddQueuedCookiesToResponse->handle(Object(Illuminate\\Http\\Request), Object(Closure))
#64 /Users/andrescruz/Herd/livewirestore/vendor/laravel/framework/src/Illuminate/Cookie/Middleware/EncryptCookies.php(74): Illuminate\\Pipeline\\Pipeline->{closure:{closure:Illuminate\\Pipeline\\Pipeline::carry():194}:195}(Object(Illuminate\\Http\\Request))
#65 /Users/andrescruz/Herd/livewirestore/vendor/laravel/framework/src/Illuminate/Pipeline/Pipeline.php(219): Illuminate\\Cookie\\Middleware\\EncryptCookies->handle(Object(Illuminate\\Http\\Request), Object(Closure))
#66 /Users/andrescruz/Herd/livewirestore/vendor/laravel/framework/src/Illuminate/Pipeline/Pipeline.php(137): Illuminate\\Pipeline\\Pipeline->{closure:{closure:Illuminate\\Pipeline\\Pipeline::carry():194}:195}(Object(Illuminate\\Http\\Request))
#67 /Users/andrescruz/Herd/livewirestore/vendor/laravel/framework/src/Illuminate/Routing/Router.php(821): Illuminate\\Pipeline\\Pipeline->then(Object(Closure))
#68 /Users/andrescruz/Herd/livewirestore/vendor/laravel/framework/src/Illuminate/Routing/Router.php(800): Illuminate\\Routing\\Router->runRouteWithinStack(Object(Illuminate\\Routing\\Route), Object(Illuminate\\Http\\Request))
#69 /Users/andrescruz/Herd/livewirestore/vendor/laravel/framework/src/Illuminate/Routing/Router.php(764): Illuminate\\Routing\\Router->runRoute(Object(Illuminate\\Http\\Request), Object(Illuminate\\Routing\\Route))
#70 /Users/andrescruz/Herd/livewirestore/vendor/laravel/framework/src/Illuminate/Routing/Router.php(753): Illuminate\\Routing\\Router->dispatchToRoute(Object(Illuminate\\Http\\Request))
#71 /Users/andrescruz/Herd/livewirestore/vendor/laravel/framework/src/Illuminate/Foundation/Http/Kernel.php(200): Illuminate\\Routing\\Router->dispatch(Object(Illuminate\\Http\\Request))
#72 /Users/andrescruz/Herd/livewirestore/vendor/laravel/framework/src/Illuminate/Pipeline/Pipeline.php(180): Illuminate\\Foundation\\Http\\Kernel->{closure:Illuminate\\Foundation\\Http\\Kernel::dispatchToRouter():197}(Object(Illuminate\\Http\\Request))
#73 /Users/andrescruz/Herd/livewirestore/vendor/livewire/livewire/src/Features/SupportDisablingBackButtonCache/DisableBackButtonCacheMiddleware.php(19): Illuminate\\Pipeline\\Pipeline->{closure:Illuminate\\Pipeline\\Pipeline::prepareDestination():178}(Object(Illuminate\\Http\\Request))
#74 /Users/andrescruz/Herd/livewirestore/vendor/laravel/framework/src/Illuminate/Pipeline/Pipeline.php(219): Livewire\\Features\\SupportDisablingBackButtonCache\\DisableBackButtonCacheMiddleware->handle(Object(Illuminate\\Http\\Request), Object(Closure))
#75 /Users/andrescruz/Herd/livewirestore/vendor/laravel/framework/src/Illuminate/Foundation/Http/Middleware/TransformsRequest.php(21): Illuminate\\Pipeline\\Pipeline->{closure:{closure:Illuminate\\Pipeline\\Pipeline::carry():194}:195}(Object(Illuminate\\Http\\Request))
#76 /Users/andrescruz/Herd/livewirestore/vendor/laravel/framework/src/Illuminate/Foundation/Http/Middleware/ConvertEmptyStringsToNull.php(31): Illuminate\\Foundation\\Http\\Middleware\\TransformsRequest->handle(Object(Illuminate\\Http\\Request), Object(Closure))
#77 /Users/andrescruz/Herd/livewirestore/vendor/laravel/framework/src/Illuminate/Pipeline/Pipeline.php(219): Illuminate\\Foundation\\Http\\Middleware\\ConvertEmptyStringsToNull->handle(Object(Illuminate\\Http\\Request), Object(Closure))
#78 /Users/andrescruz/Herd/livewirestore/vendor/laravel/framework/src/Illuminate/Foundation/Http/Middleware/TransformsRequest.php(21): Illuminate\\Pipeline\\Pipeline->{closure:{closure:Illuminate\\Pipeline\\Pipeline::carry():194}:195}(Object(Illuminate\\Http\\Request))
#79 /Users/andrescruz/Herd/livewirestore/vendor/laravel/framework/src/Illuminate/Foundation/Http/Middleware/TrimStrings.php(51): Illuminate\\Foundation\\Http\\Middleware\\TransformsRequest->handle(Object(Illuminate\\Http\\Request), Object(Closure))
#80 /Users/andrescruz/Herd/livewirestore/vendor/laravel/framework/src/Illuminate/Pipeline/Pipeline.php(219): Illuminate\\Foundation\\Http\\Middleware\\TrimStrings->handle(Object(Illuminate\\Http\\Request), Object(Closure))
#81 /Users/andrescruz/Herd/livewirestore/vendor/laravel/framework/src/Illuminate/Http/Middleware/ValidatePostSize.php(27): Illuminate\\Pipeline\\Pipeline->{closure:{closure:Illuminate\\Pipeline\\Pipeline::carry():194}:195}(Object(Illuminate\\Http\\Request))
#82 /Users/andrescruz/Herd/livewirestore/vendor/laravel/framework/src/Illuminate/Pipeline/Pipeline.php(219): Illuminate\\Http\\Middleware\\ValidatePostSize->handle(Object(Illuminate\\Http\\Request), Object(Closure))
#83 /Users/andrescruz/Herd/livewirestore/vendor/laravel/framework/src/Illuminate/Foundation/Http/Middleware/PreventRequestsDuringMaintenance.php(109): Illuminate\\Pipeline\\Pipeline->{closure:{closure:Illuminate\\Pipeline\\Pipeline::carry():194}:195}(Object(Illuminate\\Http\\Request))
#84 /Users/andrescruz/Herd/livewirestore/vendor/laravel/framework/src/Illuminate/Pipeline/Pipeline.php(219): Illuminate\\Foundation\\Http\\Middleware\\PreventRequestsDuringMaintenance->handle(Object(Illuminate\\Http\\Request), Object(Closure))
#85 /Users/andrescruz/Herd/livewirestore/vendor/laravel/framework/src/Illuminate/Http/Middleware/HandleCors.php(61): Illuminate\\Pipeline\\Pipeline->{closure:{closure:Illuminate\\Pipeline\\Pipeline::carry():194}:195}(Object(Illuminate\\Http\\Request))
#86 /Users/andrescruz/Herd/livewirestore/vendor/laravel/framework/src/Illuminate/Pipeline/Pipeline.php(219): Illuminate\\Http\\Middleware\\HandleCors->handle(Object(Illuminate\\Http\\Request), Object(Closure))
#87 /Users/andrescruz/Herd/livewirestore/vendor/laravel/framework/src/Illuminate/Http/Middleware/TrustProxies.php(58): Illuminate\\Pipeline\\Pipeline->{closure:{closure:Illuminate\\Pipeline\\Pipeline::carry():194}:195}(Object(Illuminate\\Http\\Request))
#88 /Users/andrescruz/Herd/livewirestore/vendor/laravel/framework/src/Illuminate/Pipeline/Pipeline.php(219): Illuminate\\Http\\Middleware\\TrustProxies->handle(Object(Illuminate\\Http\\Request), Object(Closure))
#89 /Users/andrescruz/Herd/livewirestore/vendor/laravel/framework/src/Illuminate/Foundation/Http/Middleware/InvokeDeferredCallbacks.php(22): Illuminate\\Pipeline\\Pipeline->{closure:{closure:Illuminate\\Pipeline\\Pipeline::carry():194}:195}(Object(Illuminate\\Http\\Request))
#90 /Users/andrescruz/Herd/livewirestore/vendor/laravel/framework/src/Illuminate/Pipeline/Pipeline.php(219): Illuminate\\Foundation\\Http\\Middleware\\InvokeDeferredCallbacks->handle(Object(Illuminate\\Http\\Request), Object(Closure))
#91 /Users/andrescruz/Herd/livewirestore/vendor/laravel/framework/src/Illuminate/Http/Middleware/ValidatePathEncoding.php(28): Illuminate\\Pipeline\\Pipeline->{closure:{closure:Illuminate\\Pipeline\\Pipeline::carry():194}:195}(Object(Illuminate\\Http\\Request))
#92 /Users/andrescruz/Herd/livewirestore/vendor/laravel/framework/src/Illuminate/Pipeline/Pipeline.php(219): Illuminate\\Http\\Middleware\\ValidatePathEncoding->handle(Object(Illuminate\\Http\\Request), Object(Closure))
#93 /Users/andrescruz/Herd/livewirestore/vendor/laravel/framework/src/Illuminate/Pipeline/Pipeline.php(137): Illuminate\\Pipeline\\Pipeline->{closure:{closure:Illuminate\\Pipeline\\Pipeline::carry():194}:195}(Object(Illuminate\\Http\\Request))
#94 /Users/andrescruz/Herd/livewirestore/vendor/laravel/framework/src/Illuminate/Foundation/Http/Kernel.php(175): Illuminate\\Pipeline\\Pipeline->then(Object(Closure))
#95 /Users/andrescruz/Herd/livewirestore/vendor/laravel/framework/src/Illuminate/Foundation/Http/Kernel.php(144): Illuminate\\Foundation\\Http\\Kernel->sendRequestThroughRouter(Object(Illuminate\\Http\\Request))
#96 /Users/andrescruz/Herd/livewirestore/vendor/laravel/framework/src/Illuminate/Foundation/Application.php(1220): Illuminate\\Foundation\\Http\\Kernel->handle(Object(Illuminate\\Http\\Request))
#97 /Users/andrescruz/Herd/livewirestore/public/index.php(20): Illuminate\\Foundation\\Application->handleRequest(Object(Illuminate\\Http\\Request))
#98 /Applications/Herd.app/Contents/Resources/valet/server.php(167): require('/Users/andrescr...')
#99 {main}
"} 
[2026-06-01 18:31:31] local.ERROR: Missing required parameter for [Route: dashboard] [URI: {current_team}/dashboard] [Missing parameter: current_team]. (View: /Users/andrescruz/Herd/livewirestore/resources/views/layouts/app/sidebar.blade.php) (View: /Users/andrescruz/Herd/livewirestore/resources/views/layouts/app/sidebar.blade.php) (View: /Users/andrescruz/Herd/livewirestore/resources/views/layouts/app/sidebar.blade.php) {"exception":"[object] (Illuminate\\View\\ViewException(code: 0): Missing required parameter for [Route: dashboard] [URI: {current_team}/dashboard] [Missing parameter: current_team]. (View: /Users/andrescruz/Herd/livewirestore/resources/views/layouts/app/sidebar.blade.php) (View: /Users/andrescruz/Herd/livewirestore/resources/views/layouts/app/sidebar.blade.php) (View: /Users/andrescruz/Herd/livewirestore/resources/views/layouts/app/sidebar.blade.php) at /Users/andrescruz/Herd/livewirestore/vendor/laravel/framework/src/Illuminate/Routing/Exceptions/UrlGenerationException.php:35)
[stacktrace]
#0 /Users/andrescruz/Herd/livewirestore/vendor/livewire/livewire/src/Mechanisms/ExtendBlade/ExtendedCompilerEngine.php(58): Illuminate\\View\\Engines\\CompilerEngine->handleViewException(Object(Illuminate\\View\\ViewException), 1)
#1 /Users/andrescruz/Herd/livewirestore/vendor/laravel/framework/src/Illuminate/View/Engines/PhpEngine.php(59): Livewire\\Mechanisms\\ExtendBlade\\ExtendedCompilerEngine->handleViewException(Object(Illuminate\\View\\ViewException), 1)
#2 /Users/andrescruz/Herd/livewirestore/vendor/livewire/livewire/src/Mechanisms/ExtendBlade/ExtendedCompilerEngine.php(22): Illuminate\\View\\Engines\\PhpEngine->evaluatePath('/Users/andrescr...', Array)
#3 /Users/andrescruz/Herd/livewirestore/vendor/laravel/framework/src/Illuminate/View/Engines/CompilerEngine.php(76): Livewire\\Mechanisms\\ExtendBlade\\ExtendedCompilerEngine->evaluatePath('/Users/andrescr...', Array)
#4 /Users/andrescruz/Herd/livewirestore/vendor/livewire/livewire/src/Mechanisms/ExtendBlade/ExtendedCompilerEngine.php(10): Illuminate\\View\\Engines\\CompilerEngine->get('/Users/andrescr...', Array)
#5 /Users/andrescruz/Herd/livewirestore/vendor/laravel/framework/src/Illuminate/View/View.php(208): Livewire\\Mechanisms\\ExtendBlade\\ExtendedCompilerEngine->get('/Users/andrescr...', Array)
#6 /Users/andrescruz/Herd/livewirestore/vendor/laravel/framework/src/Illuminate/View/View.php(191): Illuminate\\View\\View->getContents()
#7 /Users/andrescruz/Herd/livewirestore/vendor/laravel/framework/src/Illuminate/View/View.php(160): Illuminate\\View\\View->renderContents()
#8 /Users/andrescruz/Herd/livewirestore/vendor/laravel/framework/src/Illuminate/View/Compilers/BladeCompiler.php(353): Illuminate\\View\\View->render()
#9 /Users/andrescruz/Herd/livewirestore/vendor/laravel/framework/src/Illuminate/Support/Facades/Facade.php(363): Illuminate\\View\\Compilers\\BladeCompiler::render('    <?php $layo...', Array)
#10 /Users/andrescruz/Herd/livewirestore/vendor/livewire/livewire/src/Features/SupportPageComponents/SupportPageComponents.php(162): Illuminate\\Support\\Facades\\Facade::__callStatic('render', Array)
#11 /Users/andrescruz/Herd/livewirestore/vendor/livewire/livewire/src/Features/SupportPageComponents/HandlesPageComponents.php(26): Livewire\\Features\\SupportPageComponents\\SupportPageComponents::renderContentsIntoLayout('<div wire:snaps...', Object(Livewire\\Features\\SupportPageComponents\\PageComponentConfig))
#12 /Users/andrescruz/Herd/livewirestore/vendor/laravel/framework/src/Illuminate/Container/BoundMethod.php(36): Livewire\\Component->__invoke()
#13 /Users/andrescruz/Herd/livewirestore/vendor/laravel/framework/src/Illuminate/Container/Util.php(43): Illuminate\\Container\\BoundMethod::{closure:Illuminate\\Container\\BoundMethod::call():35}()
#14 /Users/andrescruz/Herd/livewirestore/vendor/laravel/framework/src/Illuminate/Container/BoundMethod.php(96): Illuminate\\Container\\Util::unwrapIfClosure(Object(Closure))
#15 /Users/andrescruz/Herd/livewirestore/vendor/laravel/framework/src/Illuminate/Container/BoundMethod.php(35): Illuminate\\Container\\BoundMethod::callBoundMethod(Object(Illuminate\\Foundation\\Application), Array, Object(Closure))
#16 /Users/andrescruz/Herd/livewirestore/vendor/laravel/framework/src/Illuminate/Container/Container.php(799): Illuminate\\Container\\BoundMethod::call(Object(Illuminate\\Foundation\\Application), Array, Array, NULL)
#17 /Users/andrescruz/Herd/livewirestore/vendor/livewire/livewire/src/Mechanisms/HandleRouting/LivewirePageController.php(15): Illuminate\\Container\\Container->call(Array)
#18 /Users/andrescruz/Herd/livewirestore/vendor/laravel/framework/src/Illuminate/Routing/ControllerDispatcher.php(46): Livewire\\Mechanisms\\HandleRouting\\LivewirePageController->__invoke()
#19 /Users/andrescruz/Herd/livewirestore/vendor/laravel/framework/src/Illuminate/Routing/Route.php(269): Illuminate\\Routing\\ControllerDispatcher->dispatch(Object(Illuminate\\Routing\\Route), Object(Livewire\\Mechanisms\\HandleRouting\\LivewirePageController), '__invoke')
#20 /Users/andrescruz/Herd/livewirestore/vendor/laravel/framework/src/Illuminate/Routing/Route.php(215): Illuminate\\Routing\\Route->runController()
#21 /Users/andrescruz/Herd/livewirestore/vendor/laravel/framework/src/Illuminate/Routing/Router.php(822): Illuminate\\Routing\\Route->run()
#22 /Users/andrescruz/Herd/livewirestore/vendor/laravel/framework/src/Illuminate/Pipeline/Pipeline.php(180): Illuminate\\Routing\\Router->{closure:Illuminate\\Routing\\Router::runRouteWithinStack():821}(Object(Illuminate\\Http\\Request))
#23 /Users/andrescruz/Herd/livewirestore/app/Http/Middleware/SetTeamUrlDefaults.php(26): Illuminate\\Pipeline\\Pipeline->{closure:Illuminate\\Pipeline\\Pipeline::prepareDestination():178}(Object(Illuminate\\Http\\Request))
#24 /Users/andrescruz/Herd/livewirestore/vendor/laravel/framework/src/Illuminate/Pipeline/Pipeline.php(219): App\\Http\\Middleware\\SetTeamUrlDefaults->handle(Object(Illuminate\\Http\\Request), Object(Closure))
#25 /Users/andrescruz/Herd/livewirestore/vendor/laravel/framework/src/Illuminate/Routing/Middleware/SubstituteBindings.php(52): Illuminate\\Pipeline\\Pipeline->{closure:{closure:Illuminate\\Pipeline\\Pipeline::carry():194}:195}(Object(Illuminate\\Http\\Request))
#26 /Users/andrescruz/Herd/livewirestore/vendor/laravel/framework/src/Illuminate/Pipeline/Pipeline.php(219): Illuminate\\Routing\\Middleware\\SubstituteBindings->handle(Object(Illuminate\\Http\\Request), Object(Closure))
#27 /Users/andrescruz/Herd/livewirestore/vendor/laravel/framework/src/Illuminate/Foundation/Http/Middleware/PreventRequestForgery.php(104): Illuminate\\Pipeline\\Pipeline->{closure:{closure:Illuminate\\Pipeline\\Pipeline::carry():194}:195}(Object(Illuminate\\Http\\Request))
#28 /Users/andrescruz/Herd/livewirestore/vendor/laravel/framework/src/Illuminate/Pipeline/Pipeline.php(219): Illuminate\\Foundation\\Http\\Middleware\\PreventRequestForgery->handle(Object(Illuminate\\Http\\Request), Object(Closure))
#29 /Users/andrescruz/Herd/livewirestore/vendor/laravel/framework/src/Illuminate/View/Middleware/ShareErrorsFromSession.php(48): Illuminate\\Pipeline\\Pipeline->{closure:{closure:Illuminate\\Pipeline\\Pipeline::carry():194}:195}(Object(Illuminate\\Http\\Request))
#30 /Users/andrescruz/Herd/livewirestore/vendor/laravel/framework/src/Illuminate/Pipeline/Pipeline.php(219): Illuminate\\View\\Middleware\\ShareErrorsFromSession->handle(Object(Illuminate\\Http\\Request), Object(Closure))
#31 /Users/andrescruz/Herd/livewirestore/vendor/laravel/framework/src/Illuminate/Session/Middleware/StartSession.php(120): Illuminate\\Pipeline\\Pipeline->{closure:{closure:Illuminate\\Pipeline\\Pipeline::carry():194}:195}(Object(Illuminate\\Http\\Request))
#32 /Users/andrescruz/Herd/livewirestore/vendor/laravel/framework/src/Illuminate/Session/Middleware/StartSession.php(63): Illuminate\\Session\\Middleware\\StartSession->handleStatefulRequest(Object(Illuminate\\Http\\Request), Object(Illuminate\\Session\\Store), Object(Closure))
#33 /Users/andrescruz/Herd/livewirestore/vendor/laravel/framework/src/Illuminate/Pipeline/Pipeline.php(219): Illuminate\\Session\\Middleware\\StartSession->handle(Object(Illuminate\\Http\\Request), Object(Closure))
#34 /Users/andrescruz/Herd/livewirestore/vendor/laravel/framework/src/Illuminate/Cookie/Middleware/AddQueuedCookiesToResponse.php(36): Illuminate\\Pipeline\\Pipeline->{closure:{closure:Illuminate\\Pipeline\\Pipeline::carry():194}:195}(Object(Illuminate\\Http\\Request))
#35 /Users/andrescruz/Herd/livewirestore/vendor/laravel/framework/src/Illuminate/Pipeline/Pipeline.php(219): Illuminate\\Cookie\\Middleware\\AddQueuedCookiesToResponse->handle(Object(Illuminate\\Http\\Request), Object(Closure))
#36 /Users/andrescruz/Herd/livewirestore/vendor/laravel/framework/src/Illuminate/Cookie/Middleware/EncryptCookies.php(74): Illuminate\\Pipeline\\Pipeline->{closure:{closure:Illuminate\\Pipeline\\Pipeline::carry():194}:195}(Object(Illuminate\\Http\\Request))
#37 /Users/andrescruz/Herd/livewirestore/vendor/laravel/framework/src/Illuminate/Pipeline/Pipeline.php(219): Illuminate\\Cookie\\Middleware\\EncryptCookies->handle(Object(Illuminate\\Http\\Request), Object(Closure))
#38 /Users/andrescruz/Herd/livewirestore/vendor/laravel/framework/src/Illuminate/Pipeline/Pipeline.php(137): Illuminate\\Pipeline\\Pipeline->{closure:{closure:Illuminate\\Pipeline\\Pipeline::carry():194}:195}(Object(Illuminate\\Http\\Request))
#39 /Users/andrescruz/Herd/livewirestore/vendor/laravel/framework/src/Illuminate/Routing/Router.php(821): Illuminate\\Pipeline\\Pipeline->then(Object(Closure))
#40 /Users/andrescruz/Herd/livewirestore/vendor/laravel/framework/src/Illuminate/Routing/Router.php(800): Illuminate\\Routing\\Router->runRouteWithinStack(Object(Illuminate\\Routing\\Route), Object(Illuminate\\Http\\Request))
#41 /Users/andrescruz/Herd/livewirestore/vendor/laravel/framework/src/Illuminate/Routing/Router.php(764): Illuminate\\Routing\\Router->runRoute(Object(Illuminate\\Http\\Request), Object(Illuminate\\Routing\\Route))
#42 /Users/andrescruz/Herd/livewirestore/vendor/laravel/framework/src/Illuminate/Routing/Router.php(753): Illuminate\\Routing\\Router->dispatchToRoute(Object(Illuminate\\Http\\Request))
#43 /Users/andrescruz/Herd/livewirestore/vendor/laravel/framework/src/Illuminate/Foundation/Http/Kernel.php(200): Illuminate\\Routing\\Router->dispatch(Object(Illuminate\\Http\\Request))
#44 /Users/andrescruz/Herd/livewirestore/vendor/laravel/framework/src/Illuminate/Pipeline/Pipeline.php(180): Illuminate\\Foundation\\Http\\Kernel->{closure:Illuminate\\Foundation\\Http\\Kernel::dispatchToRouter():197}(Object(Illuminate\\Http\\Request))
#45 /Users/andrescruz/Herd/livewirestore/vendor/livewire/livewire/src/Features/SupportDisablingBackButtonCache/DisableBackButtonCacheMiddleware.php(19): Illuminate\\Pipeline\\Pipeline->{closure:Illuminate\\Pipeline\\Pipeline::prepareDestination():178}(Object(Illuminate\\Http\\Request))
#46 /Users/andrescruz/Herd/livewirestore/vendor/laravel/framework/src/Illuminate/Pipeline/Pipeline.php(219): Livewire\\Features\\SupportDisablingBackButtonCache\\DisableBackButtonCacheMiddleware->handle(Object(Illuminate\\Http\\Request), Object(Closure))
#47 /Users/andrescruz/Herd/livewirestore/vendor/laravel/framework/src/Illuminate/Foundation/Http/Middleware/TransformsRequest.php(21): Illuminate\\Pipeline\\Pipeline->{closure:{closure:Illuminate\\Pipeline\\Pipeline::carry():194}:195}(Object(Illuminate\\Http\\Request))
#48 /Users/andrescruz/Herd/livewirestore/vendor/laravel/framework/src/Illuminate/Foundation/Http/Middleware/ConvertEmptyStringsToNull.php(31): Illuminate\\Foundation\\Http\\Middleware\\TransformsRequest->handle(Object(Illuminate\\Http\\Request), Object(Closure))
#49 /Users/andrescruz/Herd/livewirestore/vendor/laravel/framework/src/Illuminate/Pipeline/Pipeline.php(219): Illuminate\\Foundation\\Http\\Middleware\\ConvertEmptyStringsToNull->handle(Object(Illuminate\\Http\\Request), Object(Closure))
#50 /Users/andrescruz/Herd/livewirestore/vendor/laravel/framework/src/Illuminate/Foundation/Http/Middleware/TransformsRequest.php(21): Illuminate\\Pipeline\\Pipeline->{closure:{closure:Illuminate\\Pipeline\\Pipeline::carry():194}:195}(Object(Illuminate\\Http\\Request))
#51 /Users/andrescruz/Herd/livewirestore/vendor/laravel/framework/src/Illuminate/Foundation/Http/Middleware/TrimStrings.php(51): Illuminate\\Foundation\\Http\\Middleware\\TransformsRequest->handle(Object(Illuminate\\Http\\Request), Object(Closure))
#52 /Users/andrescruz/Herd/livewirestore/vendor/laravel/framework/src/Illuminate/Pipeline/Pipeline.php(219): Illuminate\\Foundation\\Http\\Middleware\\TrimStrings->handle(Object(Illuminate\\Http\\Request), Object(Closure))
#53 /Users/andrescruz/Herd/livewirestore/vendor/laravel/framework/src/Illuminate/Http/Middleware/ValidatePostSize.php(27): Illuminate\\Pipeline\\Pipeline->{closure:{closure:Illuminate\\Pipeline\\Pipeline::carry():194}:195}(Object(Illuminate\\Http\\Request))
#54 /Users/andrescruz/Herd/livewirestore/vendor/laravel/framework/src/Illuminate/Pipeline/Pipeline.php(219): Illuminate\\Http\\Middleware\\ValidatePostSize->handle(Object(Illuminate\\Http\\Request), Object(Closure))
#55 /Users/andrescruz/Herd/livewirestore/vendor/laravel/framework/src/Illuminate/Foundation/Http/Middleware/PreventRequestsDuringMaintenance.php(109): Illuminate\\Pipeline\\Pipeline->{closure:{closure:Illuminate\\Pipeline\\Pipeline::carry():194}:195}(Object(Illuminate\\Http\\Request))
#56 /Users/andrescruz/Herd/livewirestore/vendor/laravel/framework/src/Illuminate/Pipeline/Pipeline.php(219): Illuminate\\Foundation\\Http\\Middleware\\PreventRequestsDuringMaintenance->handle(Object(Illuminate\\Http\\Request), Object(Closure))
#57 /Users/andrescruz/Herd/livewirestore/vendor/laravel/framework/src/Illuminate/Http/Middleware/HandleCors.php(61): Illuminate\\Pipeline\\Pipeline->{closure:{closure:Illuminate\\Pipeline\\Pipeline::carry():194}:195}(Object(Illuminate\\Http\\Request))
#58 /Users/andrescruz/Herd/livewirestore/vendor/laravel/framework/src/Illuminate/Pipeline/Pipeline.php(219): Illuminate\\Http\\Middleware\\HandleCors->handle(Object(Illuminate\\Http\\Request), Object(Closure))
#59 /Users/andrescruz/Herd/livewirestore/vendor/laravel/framework/src/Illuminate/Http/Middleware/TrustProxies.php(58): Illuminate\\Pipeline\\Pipeline->{closure:{closure:Illuminate\\Pipeline\\Pipeline::carry():194}:195}(Object(Illuminate\\Http\\Request))
#60 /Users/andrescruz/Herd/livewirestore/vendor/laravel/framework/src/Illuminate/Pipeline/Pipeline.php(219): Illuminate\\Http\\Middleware\\TrustProxies->handle(Object(Illuminate\\Http\\Request), Object(Closure))
#61 /Users/andrescruz/Herd/livewirestore/vendor/laravel/framework/src/Illuminate/Foundation/Http/Middleware/InvokeDeferredCallbacks.php(22): Illuminate\\Pipeline\\Pipeline->{closure:{closure:Illuminate\\Pipeline\\Pipeline::carry():194}:195}(Object(Illuminate\\Http\\Request))
#62 /Users/andrescruz/Herd/livewirestore/vendor/laravel/framework/src/Illuminate/Pipeline/Pipeline.php(219): Illuminate\\Foundation\\Http\\Middleware\\InvokeDeferredCallbacks->handle(Object(Illuminate\\Http\\Request), Object(Closure))
#63 /Users/andrescruz/Herd/livewirestore/vendor/laravel/framework/src/Illuminate/Http/Middleware/ValidatePathEncoding.php(28): Illuminate\\Pipeline\\Pipeline->{closure:{closure:Illuminate\\Pipeline\\Pipeline::carry():194}:195}(Object(Illuminate\\Http\\Request))
#64 /Users/andrescruz/Herd/livewirestore/vendor/laravel/framework/src/Illuminate/Pipeline/Pipeline.php(219): Illuminate\\Http\\Middleware\\ValidatePathEncoding->handle(Object(Illuminate\\Http\\Request), Object(Closure))
#65 /Users/andrescruz/Herd/livewirestore/vendor/laravel/framework/src/Illuminate/Pipeline/Pipeline.php(137): Illuminate\\Pipeline\\Pipeline->{closure:{closure:Illuminate\\Pipeline\\Pipeline::carry():194}:195}(Object(Illuminate\\Http\\Request))
#66 /Users/andrescruz/Herd/livewirestore/vendor/laravel/framework/src/Illuminate/Foundation/Http/Kernel.php(175): Illuminate\\Pipeline\\Pipeline->then(Object(Closure))
#67 /Users/andrescruz/Herd/livewirestore/vendor/laravel/framework/src/Illuminate/Foundation/Http/Kernel.php(144): Illuminate\\Foundation\\Http\\Kernel->sendRequestThroughRouter(Object(Illuminate\\Http\\Request))
#68 /Users/andrescruz/Herd/livewirestore/vendor/laravel/framework/src/Illuminate/Foundation/Application.php(1220): Illuminate\\Foundation\\Http\\Kernel->handle(Object(Illuminate\\Http\\Request))
#69 /Users/andrescruz/Herd/livewirestore/public/index.php(20): Illuminate\\Foundation\\Application->handleRequest(Object(Illuminate\\Http\\Request))
#70 /Applications/Herd.app/Contents/Resources/valet/server.php(167): require('/Users/andrescr...')
#71 {main}

[previous exception] [object] (Illuminate\\View\\ViewException(code: 0): Missing required parameter for [Route: dashboard] [URI: {current_team}/dashboard] [Missing parameter: current_team]. (View: /Users/andrescruz/Herd/livewirestore/resources/views/layouts/app/sidebar.blade.php) (View: /Users/andrescruz/Herd/livewirestore/resources/views/layouts/app/sidebar.blade.php) at /Users/andrescruz/Herd/livewirestore/vendor/laravel/framework/src/Illuminate/Routing/Exceptions/UrlGenerationException.php:35)
[stacktrace]
#0 /Users/andrescruz/Herd/livewirestore/vendor/livewire/livewire/src/Mechanisms/ExtendBlade/ExtendedCompilerEngine.php(58): Illuminate\\View\\Engines\\CompilerEngine->handleViewException(Object(Illuminate\\View\\ViewException), 2)
#1 /Users/andrescruz/Herd/livewirestore/vendor/laravel/framework/src/Illuminate/View/Engines/PhpEngine.php(59): Livewire\\Mechanisms\\ExtendBlade\\ExtendedCompilerEngine->handleViewException(Object(Illuminate\\View\\ViewException), 2)
#2 /Users/andrescruz/Herd/livewirestore/vendor/livewire/livewire/src/Mechanisms/ExtendBlade/ExtendedCompilerEngine.php(22): Illuminate\\View\\Engines\\PhpEngine->evaluatePath('/Users/andrescr...', Array)
#3 /Users/andrescruz/Herd/livewirestore/vendor/laravel/framework/src/Illuminate/View/Engines/CompilerEngine.php(76): Livewire\\Mechanisms\\ExtendBlade\\ExtendedCompilerEngine->evaluatePath('/Users/andrescr...', Array)
#4 /Users/andrescruz/Herd/livewirestore/vendor/livewire/livewire/src/Mechanisms/ExtendBlade/ExtendedCompilerEngine.php(10): Illuminate\\View\\Engines\\CompilerEngine->get('/Users/andrescr...', Array)
#5 /Users/andrescruz/Herd/livewirestore/vendor/laravel/framework/src/Illuminate/View/View.php(208): Livewire\\Mechanisms\\ExtendBlade\\ExtendedCompilerEngine->get('/Users/andrescr...', Array)
#6 /Users/andrescruz/Herd/livewirestore/vendor/laravel/framework/src/Illuminate/View/View.php(191): Illuminate\\View\\View->getContents()
#7 /Users/andrescruz/Herd/livewirestore/vendor/laravel/framework/src/Illuminate/View/View.php(160): Illuminate\\View\\View->renderContents()
#8 /Users/andrescruz/Herd/livewirestore/vendor/laravel/framework/src/Illuminate/View/Concerns/ManagesComponents.php(103): Illuminate\\View\\View->render()
#9 /Users/andrescruz/Herd/livewirestore/storage/framework/views/290854be5454abd59f9491fe16e0fcbe.php(17): Illuminate\\View\\Factory->renderComponent()
#10 /Users/andrescruz/Herd/livewirestore/vendor/laravel/framework/src/Illuminate/Filesystem/Filesystem.php(123): require('/Users/andrescr...')
#11 /Users/andrescruz/Herd/livewirestore/vendor/laravel/framework/src/Illuminate/Filesystem/Filesystem.php(124): Illuminate\\Filesystem\\Filesystem::{closure:Illuminate\\Filesystem\\Filesystem::getRequire():120}()
#12 /Users/andrescruz/Herd/livewirestore/vendor/laravel/framework/src/Illuminate/View/Engines/PhpEngine.php(57): Illuminate\\Filesystem\\Filesystem->getRequire('/Users/andrescr...', Array)
#13 /Users/andrescruz/Herd/livewirestore/vendor/livewire/livewire/src/Mechanisms/ExtendBlade/ExtendedCompilerEngine.php(22): Illuminate\\View\\Engines\\PhpEngine->evaluatePath('/Users/andrescr...', Array)
#14 /Users/andrescruz/Herd/livewirestore/vendor/laravel/framework/src/Illuminate/View/Engines/CompilerEngine.php(76): Livewire\\Mechanisms\\ExtendBlade\\ExtendedCompilerEngine->evaluatePath('/Users/andrescr...', Array)
#15 /Users/andrescruz/Herd/livewirestore/vendor/livewire/livewire/src/Mechanisms/ExtendBlade/ExtendedCompilerEngine.php(10): Illuminate\\View\\Engines\\CompilerEngine->get('/Users/andrescr...', Array)
#16 /Users/andrescruz/Herd/livewirestore/vendor/laravel/framework/src/Illuminate/View/View.php(208): Livewire\\Mechanisms\\ExtendBlade\\ExtendedCompilerEngine->get('/Users/andrescr...', Array)
#17 /Users/andrescruz/Herd/livewirestore/vendor/laravel/framework/src/Illuminate/View/View.php(191): Illuminate\\View\\View->getContents()
#18 /Users/andrescruz/Herd/livewirestore/vendor/laravel/framework/src/Illuminate/View/View.php(160): Illuminate\\View\\View->renderContents()
#19 /Users/andrescruz/Herd/livewirestore/vendor/laravel/framework/src/Illuminate/View/Compilers/BladeCompiler.php(353): Illuminate\\View\\View->render()
#20 /Users/andrescruz/Herd/livewirestore/vendor/laravel/framework/src/Illuminate/Support/Facades/Facade.php(363): Illuminate\\View\\Compilers\\BladeCompiler::render('    <?php $layo...', Array)
#21 /Users/andrescruz/Herd/livewirestore/vendor/livewire/livewire/src/Features/SupportPageComponents/SupportPageComponents.php(162): Illuminate\\Support\\Facades\\Facade::__callStatic('render', Array)
#22 /Users/andrescruz/Herd/livewirestore/vendor/livewire/livewire/src/Features/SupportPageComponents/HandlesPageComponents.php(26): Livewire\\Features\\SupportPageComponents\\SupportPageComponents::renderContentsIntoLayout('<div wire:snaps...', Object(Livewire\\Features\\SupportPageComponents\\PageComponentConfig))
#23 /Users/andrescruz/Herd/livewirestore/vendor/laravel/framework/src/Illuminate/Container/BoundMethod.php(36): Livewire\\Component->__invoke()
#24 /Users/andrescruz/Herd/livewirestore/vendor/laravel/framework/src/Illuminate/Container/Util.php(43): Illuminate\\Container\\BoundMethod::{closure:Illuminate\\Container\\BoundMethod::call():35}()
#25 /Users/andrescruz/Herd/livewirestore/vendor/laravel/framework/src/Illuminate/Container/BoundMethod.php(96): Illuminate\\Container\\Util::unwrapIfClosure(Object(Closure))
#26 /Users/andrescruz/Herd/livewirestore/vendor/laravel/framework/src/Illuminate/Container/BoundMethod.php(35): Illuminate\\Container\\BoundMethod::callBoundMethod(Object(Illuminate\\Foundation\\Application), Array, Object(Closure))
#27 /Users/andrescruz/Herd/livewirestore/vendor/laravel/framework/src/Illuminate/Container/Container.php(799): Illuminate\\Container\\BoundMethod::call(Object(Illuminate\\Foundation\\Application), Array, Array, NULL)
#28 /Users/andrescruz/Herd/livewirestore/vendor/livewire/livewire/src/Mechanisms/HandleRouting/LivewirePageController.php(15): Illuminate\\Container\\Container->call(Array)
#29 /Users/andrescruz/Herd/livewirestore/vendor/laravel/framework/src/Illuminate/Routing/ControllerDispatcher.php(46): Livewire\\Mechanisms\\HandleRouting\\LivewirePageController->__invoke()
#30 /Users/andrescruz/Herd/livewirestore/vendor/laravel/framework/src/Illuminate/Routing/Route.php(269): Illuminate\\Routing\\ControllerDispatcher->dispatch(Object(Illuminate\\Routing\\Route), Object(Livewire\\Mechanisms\\HandleRouting\\LivewirePageController), '__invoke')
#31 /Users/andrescruz/Herd/livewirestore/vendor/laravel/framework/src/Illuminate/Routing/Route.php(215): Illuminate\\Routing\\Route->runController()
#32 /Users/andrescruz/Herd/livewirestore/vendor/laravel/framework/src/Illuminate/Routing/Router.php(822): Illuminate\\Routing\\Route->run()
#33 /Users/andrescruz/Herd/livewirestore/vendor/laravel/framework/src/Illuminate/Pipeline/Pipeline.php(180): Illuminate\\Routing\\Router->{closure:Illuminate\\Routing\\Router::runRouteWithinStack():821}(Object(Illuminate\\Http\\Request))
#34 /Users/andrescruz/Herd/livewirestore/app/Http/Middleware/SetTeamUrlDefaults.php(26): Illuminate\\Pipeline\\Pipeline->{closure:Illuminate\\Pipeline\\Pipeline::prepareDestination():178}(Object(Illuminate\\Http\\Request))
#35 /Users/andrescruz/Herd/livewirestore/vendor/laravel/framework/src/Illuminate/Pipeline/Pipeline.php(219): App\\Http\\Middleware\\SetTeamUrlDefaults->handle(Object(Illuminate\\Http\\Request), Object(Closure))
#36 /Users/andrescruz/Herd/livewirestore/vendor/laravel/framework/src/Illuminate/Routing/Middleware/SubstituteBindings.php(52): Illuminate\\Pipeline\\Pipeline->{closure:{closure:Illuminate\\Pipeline\\Pipeline::carry():194}:195}(Object(Illuminate\\Http\\Request))
#37 /Users/andrescruz/Herd/livewirestore/vendor/laravel/framework/src/Illuminate/Pipeline/Pipeline.php(219): Illuminate\\Routing\\Middleware\\SubstituteBindings->handle(Object(Illuminate\\Http\\Request), Object(Closure))
#38 /Users/andrescruz/Herd/livewirestore/vendor/laravel/framework/src/Illuminate/Foundation/Http/Middleware/PreventRequestForgery.php(104): Illuminate\\Pipeline\\Pipeline->{closure:{closure:Illuminate\\Pipeline\\Pipeline::carry():194}:195}(Object(Illuminate\\Http\\Request))
#39 /Users/andrescruz/Herd/livewirestore/vendor/laravel/framework/src/Illuminate/Pipeline/Pipeline.php(219): Illuminate\\Foundation\\Http\\Middleware\\PreventRequestForgery->handle(Object(Illuminate\\Http\\Request), Object(Closure))
#40 /Users/andrescruz/Herd/livewirestore/vendor/laravel/framework/src/Illuminate/View/Middleware/ShareErrorsFromSession.php(48): Illuminate\\Pipeline\\Pipeline->{closure:{closure:Illuminate\\Pipeline\\Pipeline::carry():194}:195}(Object(Illuminate\\Http\\Request))
#41 /Users/andrescruz/Herd/livewirestore/vendor/laravel/framework/src/Illuminate/Pipeline/Pipeline.php(219): Illuminate\\View\\Middleware\\ShareErrorsFromSession->handle(Object(Illuminate\\Http\\Request), Object(Closure))
#42 /Users/andrescruz/Herd/livewirestore/vendor/laravel/framework/src/Illuminate/Session/Middleware/StartSession.php(120): Illuminate\\Pipeline\\Pipeline->{closure:{closure:Illuminate\\Pipeline\\Pipeline::carry():194}:195}(Object(Illuminate\\Http\\Request))
#43 /Users/andrescruz/Herd/livewirestore/vendor/laravel/framework/src/Illuminate/Session/Middleware/StartSession.php(63): Illuminate\\Session\\Middleware\\StartSession->handleStatefulRequest(Object(Illuminate\\Http\\Request), Object(Illuminate\\Session\\Store), Object(Closure))
#44 /Users/andrescruz/Herd/livewirestore/vendor/laravel/framework/src/Illuminate/Pipeline/Pipeline.php(219): Illuminate\\Session\\Middleware\\StartSession->handle(Object(Illuminate\\Http\\Request), Object(Closure))
#45 /Users/andrescruz/Herd/livewirestore/vendor/laravel/framework/src/Illuminate/Cookie/Middleware/AddQueuedCookiesToResponse.php(36): Illuminate\\Pipeline\\Pipeline->{closure:{closure:Illuminate\\Pipeline\\Pipeline::carry():194}:195}(Object(Illuminate\\Http\\Request))
#46 /Users/andrescruz/Herd/livewirestore/vendor/laravel/framework/src/Illuminate/Pipeline/Pipeline.php(219): Illuminate\\Cookie\\Middleware\\AddQueuedCookiesToResponse->handle(Object(Illuminate\\Http\\Request), Object(Closure))
#47 /Users/andrescruz/Herd/livewirestore/vendor/laravel/framework/src/Illuminate/Cookie/Middleware/EncryptCookies.php(74): Illuminate\\Pipeline\\Pipeline->{closure:{closure:Illuminate\\Pipeline\\Pipeline::carry():194}:195}(Object(Illuminate\\Http\\Request))
#48 /Users/andrescruz/Herd/livewirestore/vendor/laravel/framework/src/Illuminate/Pipeline/Pipeline.php(219): Illuminate\\Cookie\\Middleware\\EncryptCookies->handle(Object(Illuminate\\Http\\Request), Object(Closure))
#49 /Users/andrescruz/Herd/livewirestore/vendor/laravel/framework/src/Illuminate/Pipeline/Pipeline.php(137): Illuminate\\Pipeline\\Pipeline->{closure:{closure:Illuminate\\Pipeline\\Pipeline::carry():194}:195}(Object(Illuminate\\Http\\Request))
#50 /Users/andrescruz/Herd/livewirestore/vendor/laravel/framework/src/Illuminate/Routing/Router.php(821): Illuminate\\Pipeline\\Pipeline->then(Object(Closure))
#51 /Users/andrescruz/Herd/livewirestore/vendor/laravel/framework/src/Illuminate/Routing/Router.php(800): Illuminate\\Routing\\Router->runRouteWithinStack(Object(Illuminate\\Routing\\Route), Object(Illuminate\\Http\\Request))
#52 /Users/andrescruz/Herd/livewirestore/vendor/laravel/framework/src/Illuminate/Routing/Router.php(764): Illuminate\\Routing\\Router->runRoute(Object(Illuminate\\Http\\Request), Object(Illuminate\\Routing\\Route))
#53 /Users/andrescruz/Herd/livewirestore/vendor/laravel/framework/src/Illuminate/Routing/Router.php(753): Illuminate\\Routing\\Router->dispatchToRoute(Object(Illuminate\\Http\\Request))
#54 /Users/andrescruz/Herd/livewirestore/vendor/laravel/framework/src/Illuminate/Foundation/Http/Kernel.php(200): Illuminate\\Routing\\Router->dispatch(Object(Illuminate\\Http\\Request))
#55 /Users/andrescruz/Herd/livewirestore/vendor/laravel/framework/src/Illuminate/Pipeline/Pipeline.php(180): Illuminate\\Foundation\\Http\\Kernel->{closure:Illuminate\\Foundation\\Http\\Kernel::dispatchToRouter():197}(Object(Illuminate\\Http\\Request))
#56 /Users/andrescruz/Herd/livewirestore/vendor/livewire/livewire/src/Features/SupportDisablingBackButtonCache/DisableBackButtonCacheMiddleware.php(19): Illuminate\\Pipeline\\Pipeline->{closure:Illuminate\\Pipeline\\Pipeline::prepareDestination():178}(Object(Illuminate\\Http\\Request))
#57 /Users/andrescruz/Herd/livewirestore/vendor/laravel/framework/src/Illuminate/Pipeline/Pipeline.php(219): Livewire\\Features\\SupportDisablingBackButtonCache\\DisableBackButtonCacheMiddleware->handle(Object(Illuminate\\Http\\Request), Object(Closure))
#58 /Users/andrescruz/Herd/livewirestore/vendor/laravel/framework/src/Illuminate/Foundation/Http/Middleware/TransformsRequest.php(21): Illuminate\\Pipeline\\Pipeline->{closure:{closure:Illuminate\\Pipeline\\Pipeline::carry():194}:195}(Object(Illuminate\\Http\\Request))
#59 /Users/andrescruz/Herd/livewirestore/vendor/laravel/framework/src/Illuminate/Foundation/Http/Middleware/ConvertEmptyStringsToNull.php(31): Illuminate\\Foundation\\Http\\Middleware\\TransformsRequest->handle(Object(Illuminate\\Http\\Request), Object(Closure))
#60 /Users/andrescruz/Herd/livewirestore/vendor/laravel/framework/src/Illuminate/Pipeline/Pipeline.php(219): Illuminate\\Foundation\\Http\\Middleware\\ConvertEmptyStringsToNull->handle(Object(Illuminate\\Http\\Request), Object(Closure))
#61 /Users/andrescruz/Herd/livewirestore/vendor/laravel/framework/src/Illuminate/Foundation/Http/Middleware/TransformsRequest.php(21): Illuminate\\Pipeline\\Pipeline->{closure:{closure:Illuminate\\Pipeline\\Pipeline::carry():194}:195}(Object(Illuminate\\Http\\Request))
#62 /Users/andrescruz/Herd/livewirestore/vendor/laravel/framework/src/Illuminate/Foundation/Http/Middleware/TrimStrings.php(51): Illuminate\\Foundation\\Http\\Middleware\\TransformsRequest->handle(Object(Illuminate\\Http\\Request), Object(Closure))
#63 /Users/andrescruz/Herd/livewirestore/vendor/laravel/framework/src/Illuminate/Pipeline/Pipeline.php(219): Illuminate\\Foundation\\Http\\Middleware\\TrimStrings->handle(Object(Illuminate\\Http\\Request), Object(Closure))
#64 /Users/andrescruz/Herd/livewirestore/vendor/laravel/framework/src/Illuminate/Http/Middleware/ValidatePostSize.php(27): Illuminate\\Pipeline\\Pipeline->{closure:{closure:Illuminate\\Pipeline\\Pipeline::carry():194}:195}(Object(Illuminate\\Http\\Request))
#65 /Users/andrescruz/Herd/livewirestore/vendor/laravel/framework/src/Illuminate/Pipeline/Pipeline.php(219): Illuminate\\Http\\Middleware\\ValidatePostSize->handle(Object(Illuminate\\Http\\Request), Object(Closure))
#66 /Users/andrescruz/Herd/livewirestore/vendor/laravel/framework/src/Illuminate/Foundation/Http/Middleware/PreventRequestsDuringMaintenance.php(109): Illuminate\\Pipeline\\Pipeline->{closure:{closure:Illuminate\\Pipeline\\Pipeline::carry():194}:195}(Object(Illuminate\\Http\\Request))
#67 /Users/andrescruz/Herd/livewirestore/vendor/laravel/framework/src/Illuminate/Pipeline/Pipeline.php(219): Illuminate\\Foundation\\Http\\Middleware\\PreventRequestsDuringMaintenance->handle(Object(Illuminate\\Http\\Request), Object(Closure))
#68 /Users/andrescruz/Herd/livewirestore/vendor/laravel/framework/src/Illuminate/Http/Middleware/HandleCors.php(61): Illuminate\\Pipeline\\Pipeline->{closure:{closure:Illuminate\\Pipeline\\Pipeline::carry():194}:195}(Object(Illuminate\\Http\\Request))
#69 /Users/andrescruz/Herd/livewirestore/vendor/laravel/framework/src/Illuminate/Pipeline/Pipeline.php(219): Illuminate\\Http\\Middleware\\HandleCors->handle(Object(Illuminate\\Http\\Request), Object(Closure))
#70 /Users/andrescruz/Herd/livewirestore/vendor/laravel/framework/src/Illuminate/Http/Middleware/TrustProxies.php(58): Illuminate\\Pipeline\\Pipeline->{closure:{closure:Illuminate\\Pipeline\\Pipeline::carry():194}:195}(Object(Illuminate\\Http\\Request))
#71 /Users/andrescruz/Herd/livewirestore/vendor/laravel/framework/src/Illuminate/Pipeline/Pipeline.php(219): Illuminate\\Http\\Middleware\\TrustProxies->handle(Object(Illuminate\\Http\\Request), Object(Closure))
#72 /Users/andrescruz/Herd/livewirestore/vendor/laravel/framework/src/Illuminate/Foundation/Http/Middleware/InvokeDeferredCallbacks.php(22): Illuminate\\Pipeline\\Pipeline->{closure:{closure:Illuminate\\Pipeline\\Pipeline::carry():194}:195}(Object(Illuminate\\Http\\Request))
#73 /Users/andrescruz/Herd/livewirestore/vendor/laravel/framework/src/Illuminate/Pipeline/Pipeline.php(219): Illuminate\\Foundation\\Http\\Middleware\\InvokeDeferredCallbacks->handle(Object(Illuminate\\Http\\Request), Object(Closure))
#74 /Users/andrescruz/Herd/livewirestore/vendor/laravel/framework/src/Illuminate/Http/Middleware/ValidatePathEncoding.php(28): Illuminate\\Pipeline\\Pipeline->{closure:{closure:Illuminate\\Pipeline\\Pipeline::carry():194}:195}(Object(Illuminate\\Http\\Request))
#75 /Users/andrescruz/Herd/livewirestore/vendor/laravel/framework/src/Illuminate/Pipeline/Pipeline.php(219): Illuminate\\Http\\Middleware\\ValidatePathEncoding->handle(Object(Illuminate\\Http\\Request), Object(Closure))
#76 /Users/andrescruz/Herd/livewirestore/vendor/laravel/framework/src/Illuminate/Pipeline/Pipeline.php(137): Illuminate\\Pipeline\\Pipeline->{closure:{closure:Illuminate\\Pipeline\\Pipeline::carry():194}:195}(Object(Illuminate\\Http\\Request))
#77 /Users/andrescruz/Herd/livewirestore/vendor/laravel/framework/src/Illuminate/Foundation/Http/Kernel.php(175): Illuminate\\Pipeline\\Pipeline->then(Object(Closure))
#78 /Users/andrescruz/Herd/livewirestore/vendor/laravel/framework/src/Illuminate/Foundation/Http/Kernel.php(144): Illuminate\\Foundation\\Http\\Kernel->sendRequestThroughRouter(Object(Illuminate\\Http\\Request))
#79 /Users/andrescruz/Herd/livewirestore/vendor/laravel/framework/src/Illuminate/Foundation/Application.php(1220): Illuminate\\Foundation\\Http\\Kernel->handle(Object(Illuminate\\Http\\Request))
#80 /Users/andrescruz/Herd/livewirestore/public/index.php(20): Illuminate\\Foundation\\Application->handleRequest(Object(Illuminate\\Http\\Request))
#81 /Applications/Herd.app/Contents/Resources/valet/server.php(167): require('/Users/andrescr...')
#82 {main}

[previous exception] [object] (Illuminate\\View\\ViewException(code: 0): Missing required parameter for [Route: dashboard] [URI: {current_team}/dashboard] [Missing parameter: current_team]. (View: /Users/andrescruz/Herd/livewirestore/resources/views/layouts/app/sidebar.blade.php) at /Users/andrescruz/Herd/livewirestore/vendor/laravel/framework/src/Illuminate/Routing/Exceptions/UrlGenerationException.php:35)
[stacktrace]
#0 /Users/andrescruz/Herd/livewirestore/vendor/livewire/livewire/src/Mechanisms/ExtendBlade/ExtendedCompilerEngine.php(58): Illuminate\\View\\Engines\\CompilerEngine->handleViewException(Object(Illuminate\\Routing\\Exceptions\\UrlGenerationException), 3)
#1 /Users/andrescruz/Herd/livewirestore/vendor/laravel/framework/src/Illuminate/View/Engines/PhpEngine.php(59): Livewire\\Mechanisms\\ExtendBlade\\ExtendedCompilerEngine->handleViewException(Object(Illuminate\\Routing\\Exceptions\\UrlGenerationException), 3)
#2 /Users/andrescruz/Herd/livewirestore/vendor/livewire/livewire/src/Mechanisms/ExtendBlade/ExtendedCompilerEngine.php(22): Illuminate\\View\\Engines\\PhpEngine->evaluatePath('/Users/andrescr...', Array)
#3 /Users/andrescruz/Herd/livewirestore/vendor/laravel/framework/src/Illuminate/View/Engines/CompilerEngine.php(76): Livewire\\Mechanisms\\ExtendBlade\\ExtendedCompilerEngine->evaluatePath('/Users/andrescr...', Array)
#4 /Users/andrescruz/Herd/livewirestore/vendor/livewire/livewire/src/Mechanisms/ExtendBlade/ExtendedCompilerEngine.php(10): Illuminate\\View\\Engines\\CompilerEngine->get('/Users/andrescr...', Array)
#5 /Users/andrescruz/Herd/livewirestore/vendor/laravel/framework/src/Illuminate/View/View.php(208): Livewire\\Mechanisms\\ExtendBlade\\ExtendedCompilerEngine->get('/Users/andrescr...', Array)
#6 /Users/andrescruz/Herd/livewirestore/vendor/laravel/framework/src/Illuminate/View/View.php(191): Illuminate\\View\\View->getContents()
#7 /Users/andrescruz/Herd/livewirestore/vendor/laravel/framework/src/Illuminate/View/View.php(160): Illuminate\\View\\View->renderContents()
#8 /Users/andrescruz/Herd/livewirestore/vendor/laravel/framework/src/Illuminate/View/Concerns/ManagesComponents.php(103): Illuminate\\View\\View->render()
#9 /Users/andrescruz/Herd/livewirestore/storage/framework/views/3648d0e5e1d7910bb6e40064c80ef1f2.php(45): Illuminate\\View\\Factory->renderComponent()
#10 /Users/andrescruz/Herd/livewirestore/vendor/laravel/framework/src/Illuminate/Filesystem/Filesystem.php(123): require('/Users/andrescr...')
#11 /Users/andrescruz/Herd/livewirestore/vendor/laravel/framework/src/Illuminate/Filesystem/Filesystem.php(124): Illuminate\\Filesystem\\Filesystem::{closure:Illuminate\\Filesystem\\Filesystem::getRequire():120}()
#12 /Users/andrescruz/Herd/livewirestore/vendor/laravel/framework/src/Illuminate/View/Engines/PhpEngine.php(57): Illuminate\\Filesystem\\Filesystem->getRequire('/Users/andrescr...', Array)
#13 /Users/andrescruz/Herd/livewirestore/vendor/livewire/livewire/src/Mechanisms/ExtendBlade/ExtendedCompilerEngine.php(22): Illuminate\\View\\Engines\\PhpEngine->evaluatePath('/Users/andrescr...', Array)
#14 /Users/andrescruz/Herd/livewirestore/vendor/laravel/framework/src/Illuminate/View/Engines/CompilerEngine.php(76): Livewire\\Mechanisms\\ExtendBlade\\ExtendedCompilerEngine->evaluatePath('/Users/andrescr...', Array)
#15 /Users/andrescruz/Herd/livewirestore/vendor/livewire/livewire/src/Mechanisms/ExtendBlade/ExtendedCompilerEngine.php(10): Illuminate\\View\\Engines\\CompilerEngine->get('/Users/andrescr...', Array)
#16 /Users/andrescruz/Herd/livewirestore/vendor/laravel/framework/src/Illuminate/View/View.php(208): Livewire\\Mechanisms\\ExtendBlade\\ExtendedCompilerEngine->get('/Users/andrescr...', Array)
#17 /Users/andrescruz/Herd/livewirestore/vendor/laravel/framework/src/Illuminate/View/View.php(191): Illuminate\\View\\View->getContents()
#18 /Users/andrescruz/Herd/livewirestore/vendor/laravel/framework/src/Illuminate/View/View.php(160): Illuminate\\View\\View->renderContents()
#19 /Users/andrescruz/Herd/livewirestore/vendor/laravel/framework/src/Illuminate/View/Concerns/ManagesComponents.php(103): Illuminate\\View\\View->render()
#20 /Users/andrescruz/Herd/livewirestore/storage/framework/views/290854be5454abd59f9491fe16e0fcbe.php(17): Illuminate\\View\\Factory->renderComponent()
#21 /Users/andrescruz/Herd/livewirestore/vendor/laravel/framework/src/Illuminate/Filesystem/Filesystem.php(123): require('/Users/andrescr...')
#22 /Users/andrescruz/Herd/livewirestore/vendor/laravel/framework/src/Illuminate/Filesystem/Filesystem.php(124): Illuminate\\Filesystem\\Filesystem::{closure:Illuminate\\Filesystem\\Filesystem::getRequire():120}()
#23 /Users/andrescruz/Herd/livewirestore/vendor/laravel/framework/src/Illuminate/View/Engines/PhpEngine.php(57): Illuminate\\Filesystem\\Filesystem->getRequire('/Users/andrescr...', Array)
#24 /Users/andrescruz/Herd/livewirestore/vendor/livewire/livewire/src/Mechanisms/ExtendBlade/ExtendedCompilerEngine.php(22): Illuminate\\View\\Engines\\PhpEngine->evaluatePath('/Users/andrescr...', Array)
#25 /Users/andrescruz/Herd/livewirestore/vendor/laravel/framework/src/Illuminate/View/Engines/CompilerEngine.php(76): Livewire\\Mechanisms\\ExtendBlade\\ExtendedCompilerEngine->evaluatePath('/Users/andrescr...', Array)
#26 /Users/andrescruz/Herd/livewirestore/vendor/livewire/livewire/src/Mechanisms/ExtendBlade/ExtendedCompilerEngine.php(10): Illuminate\\View\\Engines\\CompilerEngine->get('/Users/andrescr...', Array)
#27 /Users/andrescruz/Herd/livewirestore/vendor/laravel/framework/src/Illuminate/View/View.php(208): Livewire\\Mechanisms\\ExtendBlade\\ExtendedCompilerEngine->get('/Users/andrescr...', Array)
#28 /Users/andrescruz/Herd/livewirestore/vendor/laravel/framework/src/Illuminate/View/View.php(191): Illuminate\\View\\View->getContents()
#29 /Users/andrescruz/Herd/livewirestore/vendor/laravel/framework/src/Illuminate/View/View.php(160): Illuminate\\View\\View->renderContents()
#30 /Users/andrescruz/Herd/livewirestore/vendor/laravel/framework/src/Illuminate/View/Compilers/BladeCompiler.php(353): Illuminate\\View\\View->render()
#31 /Users/andrescruz/Herd/livewirestore/vendor/laravel/framework/src/Illuminate/Support/Facades/Facade.php(363): Illuminate\\View\\Compilers\\BladeCompiler::render('    <?php $layo...', Array)
#32 /Users/andrescruz/Herd/livewirestore/vendor/livewire/livewire/src/Features/SupportPageComponents/SupportPageComponents.php(162): Illuminate\\Support\\Facades\\Facade::__callStatic('render', Array)
#33 /Users/andrescruz/Herd/livewirestore/vendor/livewire/livewire/src/Features/SupportPageComponents/HandlesPageComponents.php(26): Livewire\\Features\\SupportPageComponents\\SupportPageComponents::renderContentsIntoLayout('<div wire:snaps...', Object(Livewire\\Features\\SupportPageComponents\\PageComponentConfig))
#34 /Users/andrescruz/Herd/livewirestore/vendor/laravel/framework/src/Illuminate/Container/BoundMethod.php(36): Livewire\\Component->__invoke()
#35 /Users/andrescruz/Herd/livewirestore/vendor/laravel/framework/src/Illuminate/Container/Util.php(43): Illuminate\\Container\\BoundMethod::{closure:Illuminate\\Container\\BoundMethod::call():35}()
#36 /Users/andrescruz/Herd/livewirestore/vendor/laravel/framework/src/Illuminate/Container/BoundMethod.php(96): Illuminate\\Container\\Util::unwrapIfClosure(Object(Closure))
#37 /Users/andrescruz/Herd/livewirestore/vendor/laravel/framework/src/Illuminate/Container/BoundMethod.php(35): Illuminate\\Container\\BoundMethod::callBoundMethod(Object(Illuminate\\Foundation\\Application), Array, Object(Closure))
#38 /Users/andrescruz/Herd/livewirestore/vendor/laravel/framework/src/Illuminate/Container/Container.php(799): Illuminate\\Container\\BoundMethod::call(Object(Illuminate\\Foundation\\Application), Array, Array, NULL)
#39 /Users/andrescruz/Herd/livewirestore/vendor/livewire/livewire/src/Mechanisms/HandleRouting/LivewirePageController.php(15): Illuminate\\Container\\Container->call(Array)
#40 /Users/andrescruz/Herd/livewirestore/vendor/laravel/framework/src/Illuminate/Routing/ControllerDispatcher.php(46): Livewire\\Mechanisms\\HandleRouting\\LivewirePageController->__invoke()
#41 /Users/andrescruz/Herd/livewirestore/vendor/laravel/framework/src/Illuminate/Routing/Route.php(269): Illuminate\\Routing\\ControllerDispatcher->dispatch(Object(Illuminate\\Routing\\Route), Object(Livewire\\Mechanisms\\HandleRouting\\LivewirePageController), '__invoke')
#42 /Users/andrescruz/Herd/livewirestore/vendor/laravel/framework/src/Illuminate/Routing/Route.php(215): Illuminate\\Routing\\Route->runController()
#43 /Users/andrescruz/Herd/livewirestore/vendor/laravel/framework/src/Illuminate/Routing/Router.php(822): Illuminate\\Routing\\Route->run()
#44 /Users/andrescruz/Herd/livewirestore/vendor/laravel/framework/src/Illuminate/Pipeline/Pipeline.php(180): Illuminate\\Routing\\Router->{closure:Illuminate\\Routing\\Router::runRouteWithinStack():821}(Object(Illuminate\\Http\\Request))
#45 /Users/andrescruz/Herd/livewirestore/app/Http/Middleware/SetTeamUrlDefaults.php(26): Illuminate\\Pipeline\\Pipeline->{closure:Illuminate\\Pipeline\\Pipeline::prepareDestination():178}(Object(Illuminate\\Http\\Request))
#46 /Users/andrescruz/Herd/livewirestore/vendor/laravel/framework/src/Illuminate/Pipeline/Pipeline.php(219): App\\Http\\Middleware\\SetTeamUrlDefaults->handle(Object(Illuminate\\Http\\Request), Object(Closure))
#47 /Users/andrescruz/Herd/livewirestore/vendor/laravel/framework/src/Illuminate/Routing/Middleware/SubstituteBindings.php(52): Illuminate\\Pipeline\\Pipeline->{closure:{closure:Illuminate\\Pipeline\\Pipeline::carry():194}:195}(Object(Illuminate\\Http\\Request))
#48 /Users/andrescruz/Herd/livewirestore/vendor/laravel/framework/src/Illuminate/Pipeline/Pipeline.php(219): Illuminate\\Routing\\Middleware\\SubstituteBindings->handle(Object(Illuminate\\Http\\Request), Object(Closure))
#49 /Users/andrescruz/Herd/livewirestore/vendor/laravel/framework/src/Illuminate/Foundation/Http/Middleware/PreventRequestForgery.php(104): Illuminate\\Pipeline\\Pipeline->{closure:{closure:Illuminate\\Pipeline\\Pipeline::carry():194}:195}(Object(Illuminate\\Http\\Request))
#50 /Users/andrescruz/Herd/livewirestore/vendor/laravel/framework/src/Illuminate/Pipeline/Pipeline.php(219): Illuminate\\Foundation\\Http\\Middleware\\PreventRequestForgery->handle(Object(Illuminate\\Http\\Request), Object(Closure))
#51 /Users/andrescruz/Herd/livewirestore/vendor/laravel/framework/src/Illuminate/View/Middleware/ShareErrorsFromSession.php(48): Illuminate\\Pipeline\\Pipeline->{closure:{closure:Illuminate\\Pipeline\\Pipeline::carry():194}:195}(Object(Illuminate\\Http\\Request))
#52 /Users/andrescruz/Herd/livewirestore/vendor/laravel/framework/src/Illuminate/Pipeline/Pipeline.php(219): Illuminate\\View\\Middleware\\ShareErrorsFromSession->handle(Object(Illuminate\\Http\\Request), Object(Closure))
#53 /Users/andrescruz/Herd/livewirestore/vendor/laravel/framework/src/Illuminate/Session/Middleware/StartSession.php(120): Illuminate\\Pipeline\\Pipeline->{closure:{closure:Illuminate\\Pipeline\\Pipeline::carry():194}:195}(Object(Illuminate\\Http\\Request))
#54 /Users/andrescruz/Herd/livewirestore/vendor/laravel/framework/src/Illuminate/Session/Middleware/StartSession.php(63): Illuminate\\Session\\Middleware\\StartSession->handleStatefulRequest(Object(Illuminate\\Http\\Request), Object(Illuminate\\Session\\Store), Object(Closure))
#55 /Users/andrescruz/Herd/livewirestore/vendor/laravel/framework/src/Illuminate/Pipeline/Pipeline.php(219): Illuminate\\Session\\Middleware\\StartSession->handle(Object(Illuminate\\Http\\Request), Object(Closure))
#56 /Users/andrescruz/Herd/livewirestore/vendor/laravel/framework/src/Illuminate/Cookie/Middleware/AddQueuedCookiesToResponse.php(36): Illuminate\\Pipeline\\Pipeline->{closure:{closure:Illuminate\\Pipeline\\Pipeline::carry():194}:195}(Object(Illuminate\\Http\\Request))
#57 /Users/andrescruz/Herd/livewirestore/vendor/laravel/framework/src/Illuminate/Pipeline/Pipeline.php(219): Illuminate\\Cookie\\Middleware\\AddQueuedCookiesToResponse->handle(Object(Illuminate\\Http\\Request), Object(Closure))
#58 /Users/andrescruz/Herd/livewirestore/vendor/laravel/framework/src/Illuminate/Cookie/Middleware/EncryptCookies.php(74): Illuminate\\Pipeline\\Pipeline->{closure:{closure:Illuminate\\Pipeline\\Pipeline::carry():194}:195}(Object(Illuminate\\Http\\Request))
#59 /Users/andrescruz/Herd/livewirestore/vendor/laravel/framework/src/Illuminate/Pipeline/Pipeline.php(219): Illuminate\\Cookie\\Middleware\\EncryptCookies->handle(Object(Illuminate\\Http\\Request), Object(Closure))
#60 /Users/andrescruz/Herd/livewirestore/vendor/laravel/framework/src/Illuminate/Pipeline/Pipeline.php(137): Illuminate\\Pipeline\\Pipeline->{closure:{closure:Illuminate\\Pipeline\\Pipeline::carry():194}:195}(Object(Illuminate\\Http\\Request))
#61 /Users/andrescruz/Herd/livewirestore/vendor/laravel/framework/src/Illuminate/Routing/Router.php(821): Illuminate\\Pipeline\\Pipeline->then(Object(Closure))
#62 /Users/andrescruz/Herd/livewirestore/vendor/laravel/framework/src/Illuminate/Routing/Router.php(800): Illuminate\\Routing\\Router->runRouteWithinStack(Object(Illuminate\\Routing\\Route), Object(Illuminate\\Http\\Request))
#63 /Users/andrescruz/Herd/livewirestore/vendor/laravel/framework/src/Illuminate/Routing/Router.php(764): Illuminate\\Routing\\Router->runRoute(Object(Illuminate\\Http\\Request), Object(Illuminate\\Routing\\Route))
#64 /Users/andrescruz/Herd/livewirestore/vendor/laravel/framework/src/Illuminate/Routing/Router.php(753): Illuminate\\Routing\\Router->dispatchToRoute(Object(Illuminate\\Http\\Request))
#65 /Users/andrescruz/Herd/livewirestore/vendor/laravel/framework/src/Illuminate/Foundation/Http/Kernel.php(200): Illuminate\\Routing\\Router->dispatch(Object(Illuminate\\Http\\Request))
#66 /Users/andrescruz/Herd/livewirestore/vendor/laravel/framework/src/Illuminate/Pipeline/Pipeline.php(180): Illuminate\\Foundation\\Http\\Kernel->{closure:Illuminate\\Foundation\\Http\\Kernel::dispatchToRouter():197}(Object(Illuminate\\Http\\Request))
#67 /Users/andrescruz/Herd/livewirestore/vendor/livewire/livewire/src/Features/SupportDisablingBackButtonCache/DisableBackButtonCacheMiddleware.php(19): Illuminate\\Pipeline\\Pipeline->{closure:Illuminate\\Pipeline\\Pipeline::prepareDestination():178}(Object(Illuminate\\Http\\Request))
#68 /Users/andrescruz/Herd/livewirestore/vendor/laravel/framework/src/Illuminate/Pipeline/Pipeline.php(219): Livewire\\Features\\SupportDisablingBackButtonCache\\DisableBackButtonCacheMiddleware->handle(Object(Illuminate\\Http\\Request), Object(Closure))
#69 /Users/andrescruz/Herd/livewirestore/vendor/laravel/framework/src/Illuminate/Foundation/Http/Middleware/TransformsRequest.php(21): Illuminate\\Pipeline\\Pipeline->{closure:{closure:Illuminate\\Pipeline\\Pipeline::carry():194}:195}(Object(Illuminate\\Http\\Request))
#70 /Users/andrescruz/Herd/livewirestore/vendor/laravel/framework/src/Illuminate/Foundation/Http/Middleware/ConvertEmptyStringsToNull.php(31): Illuminate\\Foundation\\Http\\Middleware\\TransformsRequest->handle(Object(Illuminate\\Http\\Request), Object(Closure))
#71 /Users/andrescruz/Herd/livewirestore/vendor/laravel/framework/src/Illuminate/Pipeline/Pipeline.php(219): Illuminate\\Foundation\\Http\\Middleware\\ConvertEmptyStringsToNull->handle(Object(Illuminate\\Http\\Request), Object(Closure))
#72 /Users/andrescruz/Herd/livewirestore/vendor/laravel/framework/src/Illuminate/Foundation/Http/Middleware/TransformsRequest.php(21): Illuminate\\Pipeline\\Pipeline->{closure:{closure:Illuminate\\Pipeline\\Pipeline::carry():194}:195}(Object(Illuminate\\Http\\Request))
#73 /Users/andrescruz/Herd/livewirestore/vendor/laravel/framework/src/Illuminate/Foundation/Http/Middleware/TrimStrings.php(51): Illuminate\\Foundation\\Http\\Middleware\\TransformsRequest->handle(Object(Illuminate\\Http\\Request), Object(Closure))
#74 /Users/andrescruz/Herd/livewirestore/vendor/laravel/framework/src/Illuminate/Pipeline/Pipeline.php(219): Illuminate\\Foundation\\Http\\Middleware\\TrimStrings->handle(Object(Illuminate\\Http\\Request), Object(Closure))
#75 /Users/andrescruz/Herd/livewirestore/vendor/laravel/framework/src/Illuminate/Http/Middleware/ValidatePostSize.php(27): Illuminate\\Pipeline\\Pipeline->{closure:{closure:Illuminate\\Pipeline\\Pipeline::carry():194}:195}(Object(Illuminate\\Http\\Request))
#76 /Users/andrescruz/Herd/livewirestore/vendor/laravel/framework/src/Illuminate/Pipeline/Pipeline.php(219): Illuminate\\Http\\Middleware\\ValidatePostSize->handle(Object(Illuminate\\Http\\Request), Object(Closure))
#77 /Users/andrescruz/Herd/livewirestore/vendor/laravel/framework/src/Illuminate/Foundation/Http/Middleware/PreventRequestsDuringMaintenance.php(109): Illuminate\\Pipeline\\Pipeline->{closure:{closure:Illuminate\\Pipeline\\Pipeline::carry():194}:195}(Object(Illuminate\\Http\\Request))
#78 /Users/andrescruz/Herd/livewirestore/vendor/laravel/framework/src/Illuminate/Pipeline/Pipeline.php(219): Illuminate\\Foundation\\Http\\Middleware\\PreventRequestsDuringMaintenance->handle(Object(Illuminate\\Http\\Request), Object(Closure))
#79 /Users/andrescruz/Herd/livewirestore/vendor/laravel/framework/src/Illuminate/Http/Middleware/HandleCors.php(61): Illuminate\\Pipeline\\Pipeline->{closure:{closure:Illuminate\\Pipeline\\Pipeline::carry():194}:195}(Object(Illuminate\\Http\\Request))
#80 /Users/andrescruz/Herd/livewirestore/vendor/laravel/framework/src/Illuminate/Pipeline/Pipeline.php(219): Illuminate\\Http\\Middleware\\HandleCors->handle(Object(Illuminate\\Http\\Request), Object(Closure))
#81 /Users/andrescruz/Herd/livewirestore/vendor/laravel/framework/src/Illuminate/Http/Middleware/TrustProxies.php(58): Illuminate\\Pipeline\\Pipeline->{closure:{closure:Illuminate\\Pipeline\\Pipeline::carry():194}:195}(Object(Illuminate\\Http\\Request))
#82 /Users/andrescruz/Herd/livewirestore/vendor/laravel/framework/src/Illuminate/Pipeline/Pipeline.php(219): Illuminate\\Http\\Middleware\\TrustProxies->handle(Object(Illuminate\\Http\\Request), Object(Closure))
#83 /Users/andrescruz/Herd/livewirestore/vendor/laravel/framework/src/Illuminate/Foundation/Http/Middleware/InvokeDeferredCallbacks.php(22): Illuminate\\Pipeline\\Pipeline->{closure:{closure:Illuminate\\Pipeline\\Pipeline::carry():194}:195}(Object(Illuminate\\Http\\Request))
#84 /Users/andrescruz/Herd/livewirestore/vendor/laravel/framework/src/Illuminate/Pipeline/Pipeline.php(219): Illuminate\\Foundation\\Http\\Middleware\\InvokeDeferredCallbacks->handle(Object(Illuminate\\Http\\Request), Object(Closure))
#85 /Users/andrescruz/Herd/livewirestore/vendor/laravel/framework/src/Illuminate/Http/Middleware/ValidatePathEncoding.php(28): Illuminate\\Pipeline\\Pipeline->{closure:{closure:Illuminate\\Pipeline\\Pipeline::carry():194}:195}(Object(Illuminate\\Http\\Request))
#86 /Users/andrescruz/Herd/livewirestore/vendor/laravel/framework/src/Illuminate/Pipeline/Pipeline.php(219): Illuminate\\Http\\Middleware\\ValidatePathEncoding->handle(Object(Illuminate\\Http\\Request), Object(Closure))
#87 /Users/andrescruz/Herd/livewirestore/vendor/laravel/framework/src/Illuminate/Pipeline/Pipeline.php(137): Illuminate\\Pipeline\\Pipeline->{closure:{closure:Illuminate\\Pipeline\\Pipeline::carry():194}:195}(Object(Illuminate\\Http\\Request))
#88 /Users/andrescruz/Herd/livewirestore/vendor/laravel/framework/src/Illuminate/Foundation/Http/Kernel.php(175): Illuminate\\Pipeline\\Pipeline->then(Object(Closure))
#89 /Users/andrescruz/Herd/livewirestore/vendor/laravel/framework/src/Illuminate/Foundation/Http/Kernel.php(144): Illuminate\\Foundation\\Http\\Kernel->sendRequestThroughRouter(Object(Illuminate\\Http\\Request))
#90 /Users/andrescruz/Herd/livewirestore/vendor/laravel/framework/src/Illuminate/Foundation/Application.php(1220): Illuminate\\Foundation\\Http\\Kernel->handle(Object(Illuminate\\Http\\Request))
#91 /Users/andrescruz/Herd/livewirestore/public/index.php(20): Illuminate\\Foundation\\Application->handleRequest(Object(Illuminate\\Http\\Request))
#92 /Applications/Herd.app/Contents/Resources/valet/server.php(167): require('/Users/andrescr...')
#93 {main}

[previous exception] [object] (Illuminate\\Routing\\Exceptions\\UrlGenerationException(code: 0): Missing required parameter for [Route: dashboard] [URI: {current_team}/dashboard] [Missing parameter: current_team]. at /Users/andrescruz/Herd/livewirestore/vendor/laravel/framework/src/Illuminate/Routing/Exceptions/UrlGenerationException.php:35)
[stacktrace]
#0 /Users/andrescruz/Herd/livewirestore/vendor/laravel/framework/src/Illuminate/Routing/RouteUrlGenerator.php(94): Illuminate\\Routing\\Exceptions\\UrlGenerationException::forMissingParameters(Object(Illuminate\\Routing\\Route), Array)
#1 /Users/andrescruz/Herd/livewirestore/vendor/laravel/framework/src/Illuminate/Routing/UrlGenerator.php(551): Illuminate\\Routing\\RouteUrlGenerator->to(Object(Illuminate\\Routing\\Route), Array, true)
#2 /Users/andrescruz/Herd/livewirestore/vendor/laravel/framework/src/Illuminate/Routing/UrlGenerator.php(528): Illuminate\\Routing\\UrlGenerator->toRoute(Object(Illuminate\\Routing\\Route), Array, true)
#3 /Users/andrescruz/Herd/livewirestore/vendor/laravel/framework/src/Illuminate/Foundation/helpers.php(870): Illuminate\\Routing\\UrlGenerator->route('dashboard', Array, true)
#4 /Users/andrescruz/Herd/livewirestore/storage/framework/views/fea6a347c7959fc50e3d3c024f9349fc.php(35): route('dashboard')
#5 /Users/andrescruz/Herd/livewirestore/vendor/laravel/framework/src/Illuminate/Filesystem/Filesystem.php(123): require('/Users/andrescr...')
#6 /Users/andrescruz/Herd/livewirestore/vendor/laravel/framework/src/Illuminate/Filesystem/Filesystem.php(124): Illuminate\\Filesystem\\Filesystem::{closure:Illuminate\\Filesystem\\Filesystem::getRequire():120}()
#7 /Users/andrescruz/Herd/livewirestore/vendor/laravel/framework/src/Illuminate/View/Engines/PhpEngine.php(57): Illuminate\\Filesystem\\Filesystem->getRequire('/Users/andrescr...', Array)
#8 /Users/andrescruz/Herd/livewirestore/vendor/livewire/livewire/src/Mechanisms/ExtendBlade/ExtendedCompilerEngine.php(22): Illuminate\\View\\Engines\\PhpEngine->evaluatePath('/Users/andrescr...', Array)
#9 /Users/andrescruz/Herd/livewirestore/vendor/laravel/framework/src/Illuminate/View/Engines/CompilerEngine.php(76): Livewire\\Mechanisms\\ExtendBlade\\ExtendedCompilerEngine->evaluatePath('/Users/andrescr...', Array)
#10 /Users/andrescruz/Herd/livewirestore/vendor/livewire/livewire/src/Mechanisms/ExtendBlade/ExtendedCompilerEngine.php(10): Illuminate\\View\\Engines\\CompilerEngine->get('/Users/andrescr...', Array)
#11 /Users/andrescruz/Herd/livewirestore/vendor/laravel/framework/src/Illuminate/View/View.php(208): Livewire\\Mechanisms\\ExtendBlade\\ExtendedCompilerEngine->get('/Users/andrescr...', Array)
#12 /Users/andrescruz/Herd/livewirestore/vendor/laravel/framework/src/Illuminate/View/View.php(191): Illuminate\\View\\View->getContents()
#13 /Users/andrescruz/Herd/livewirestore/vendor/laravel/framework/src/Illuminate/View/View.php(160): Illuminate\\View\\View->renderContents()
#14 /Users/andrescruz/Herd/livewirestore/vendor/laravel/framework/src/Illuminate/View/Concerns/ManagesComponents.php(103): Illuminate\\View\\View->render()
#15 /Users/andrescruz/Herd/livewirestore/storage/framework/views/3648d0e5e1d7910bb6e40064c80ef1f2.php(45): Illuminate\\View\\Factory->renderComponent()
#16 /Users/andrescruz/Herd/livewirestore/vendor/laravel/framework/src/Illuminate/Filesystem/Filesystem.php(123): require('/Users/andrescr...')
#17 /Users/andrescruz/Herd/livewirestore/vendor/laravel/framework/src/Illuminate/Filesystem/Filesystem.php(124): Illuminate\\Filesystem\\Filesystem::{closure:Illuminate\\Filesystem\\Filesystem::getRequire():120}()
#18 /Users/andrescruz/Herd/livewirestore/vendor/laravel/framework/src/Illuminate/View/Engines/PhpEngine.php(57): Illuminate\\Filesystem\\Filesystem->getRequire('/Users/andrescr...', Array)
#19 /Users/andrescruz/Herd/livewirestore/vendor/livewire/livewire/src/Mechanisms/ExtendBlade/ExtendedCompilerEngine.php(22): Illuminate\\View\\Engines\\PhpEngine->evaluatePath('/Users/andrescr...', Array)
#20 /Users/andrescruz/Herd/livewirestore/vendor/laravel/framework/src/Illuminate/View/Engines/CompilerEngine.php(76): Livewire\\Mechanisms\\ExtendBlade\\ExtendedCompilerEngine->evaluatePath('/Users/andrescr...', Array)
#21 /Users/andrescruz/Herd/livewirestore/vendor/livewire/livewire/src/Mechanisms/ExtendBlade/ExtendedCompilerEngine.php(10): Illuminate\\View\\Engines\\CompilerEngine->get('/Users/andrescr...', Array)
#22 /Users/andrescruz/Herd/livewirestore/vendor/laravel/framework/src/Illuminate/View/View.php(208): Livewire\\Mechanisms\\ExtendBlade\\ExtendedCompilerEngine->get('/Users/andrescr...', Array)
#23 /Users/andrescruz/Herd/livewirestore/vendor/laravel/framework/src/Illuminate/View/View.php(191): Illuminate\\View\\View->getContents()
#24 /Users/andrescruz/Herd/livewirestore/vendor/laravel/framework/src/Illuminate/View/View.php(160): Illuminate\\View\\View->renderContents()
#25 /Users/andrescruz/Herd/livewirestore/vendor/laravel/framework/src/Illuminate/View/Concerns/ManagesComponents.php(103): Illuminate\\View\\View->render()
#26 /Users/andrescruz/Herd/livewirestore/storage/framework/views/290854be5454abd59f9491fe16e0fcbe.php(17): Illuminate\\View\\Factory->renderComponent()
#27 /Users/andrescruz/Herd/livewirestore/vendor/laravel/framework/src/Illuminate/Filesystem/Filesystem.php(123): require('/Users/andrescr...')
#28 /Users/andrescruz/Herd/livewirestore/vendor/laravel/framework/src/Illuminate/Filesystem/Filesystem.php(124): Illuminate\\Filesystem\\Filesystem::{closure:Illuminate\\Filesystem\\Filesystem::getRequire():120}()
#29 /Users/andrescruz/Herd/livewirestore/vendor/laravel/framework/src/Illuminate/View/Engines/PhpEngine.php(57): Illuminate\\Filesystem\\Filesystem->getRequire('/Users/andrescr...', Array)
#30 /Users/andrescruz/Herd/livewirestore/vendor/livewire/livewire/src/Mechanisms/ExtendBlade/ExtendedCompilerEngine.php(22): Illuminate\\View\\Engines\\PhpEngine->evaluatePath('/Users/andrescr...', Array)
#31 /Users/andrescruz/Herd/livewirestore/vendor/laravel/framework/src/Illuminate/View/Engines/CompilerEngine.php(76): Livewire\\Mechanisms\\ExtendBlade\\ExtendedCompilerEngine->evaluatePath('/Users/andrescr...', Array)
#32 /Users/andrescruz/Herd/livewirestore/vendor/livewire/livewire/src/Mechanisms/ExtendBlade/ExtendedCompilerEngine.php(10): Illuminate\\View\\Engines\\CompilerEngine->get('/Users/andrescr...', Array)
#33 /Users/andrescruz/Herd/livewirestore/vendor/laravel/framework/src/Illuminate/View/View.php(208): Livewire\\Mechanisms\\ExtendBlade\\ExtendedCompilerEngine->get('/Users/andrescr...', Array)
#34 /Users/andrescruz/Herd/livewirestore/vendor/laravel/framework/src/Illuminate/View/View.php(191): Illuminate\\View\\View->getContents()
#35 /Users/andrescruz/Herd/livewirestore/vendor/laravel/framework/src/Illuminate/View/View.php(160): Illuminate\\View\\View->renderContents()
#36 /Users/andrescruz/Herd/livewirestore/vendor/laravel/framework/src/Illuminate/View/Compilers/BladeCompiler.php(353): Illuminate\\View\\View->render()
#37 /Users/andrescruz/Herd/livewirestore/vendor/laravel/framework/src/Illuminate/Support/Facades/Facade.php(363): Illuminate\\View\\Compilers\\BladeCompiler::render('    <?php $layo...', Array)
#38 /Users/andrescruz/Herd/livewirestore/vendor/livewire/livewire/src/Features/SupportPageComponents/SupportPageComponents.php(162): Illuminate\\Support\\Facades\\Facade::__callStatic('render', Array)
#39 /Users/andrescruz/Herd/livewirestore/vendor/livewire/livewire/src/Features/SupportPageComponents/HandlesPageComponents.php(26): Livewire\\Features\\SupportPageComponents\\SupportPageComponents::renderContentsIntoLayout('<div wire:snaps...', Object(Livewire\\Features\\SupportPageComponents\\PageComponentConfig))
#40 /Users/andrescruz/Herd/livewirestore/vendor/laravel/framework/src/Illuminate/Container/BoundMethod.php(36): Livewire\\Component->__invoke()
#41 /Users/andrescruz/Herd/livewirestore/vendor/laravel/framework/src/Illuminate/Container/Util.php(43): Illuminate\\Container\\BoundMethod::{closure:Illuminate\\Container\\BoundMethod::call():35}()
#42 /Users/andrescruz/Herd/livewirestore/vendor/laravel/framework/src/Illuminate/Container/BoundMethod.php(96): Illuminate\\Container\\Util::unwrapIfClosure(Object(Closure))
#43 /Users/andrescruz/Herd/livewirestore/vendor/laravel/framework/src/Illuminate/Container/BoundMethod.php(35): Illuminate\\Container\\BoundMethod::callBoundMethod(Object(Illuminate\\Foundation\\Application), Array, Object(Closure))
#44 /Users/andrescruz/Herd/livewirestore/vendor/laravel/framework/src/Illuminate/Container/Container.php(799): Illuminate\\Container\\BoundMethod::call(Object(Illuminate\\Foundation\\Application), Array, Array, NULL)
#45 /Users/andrescruz/Herd/livewirestore/vendor/livewire/livewire/src/Mechanisms/HandleRouting/LivewirePageController.php(15): Illuminate\\Container\\Container->call(Array)
#46 /Users/andrescruz/Herd/livewirestore/vendor/laravel/framework/src/Illuminate/Routing/ControllerDispatcher.php(46): Livewire\\Mechanisms\\HandleRouting\\LivewirePageController->__invoke()
#47 /Users/andrescruz/Herd/livewirestore/vendor/laravel/framework/src/Illuminate/Routing/Route.php(269): Illuminate\\Routing\\ControllerDispatcher->dispatch(Object(Illuminate\\Routing\\Route), Object(Livewire\\Mechanisms\\HandleRouting\\LivewirePageController), '__invoke')
#48 /Users/andrescruz/Herd/livewirestore/vendor/laravel/framework/src/Illuminate/Routing/Route.php(215): Illuminate\\Routing\\Route->runController()
#49 /Users/andrescruz/Herd/livewirestore/vendor/laravel/framework/src/Illuminate/Routing/Router.php(822): Illuminate\\Routing\\Route->run()
#50 /Users/andrescruz/Herd/livewirestore/vendor/laravel/framework/src/Illuminate/Pipeline/Pipeline.php(180): Illuminate\\Routing\\Router->{closure:Illuminate\\Routing\\Router::runRouteWithinStack():821}(Object(Illuminate\\Http\\Request))
#51 /Users/andrescruz/Herd/livewirestore/app/Http/Middleware/SetTeamUrlDefaults.php(26): Illuminate\\Pipeline\\Pipeline->{closure:Illuminate\\Pipeline\\Pipeline::prepareDestination():178}(Object(Illuminate\\Http\\Request))
#52 /Users/andrescruz/Herd/livewirestore/vendor/laravel/framework/src/Illuminate/Pipeline/Pipeline.php(219): App\\Http\\Middleware\\SetTeamUrlDefaults->handle(Object(Illuminate\\Http\\Request), Object(Closure))
#53 /Users/andrescruz/Herd/livewirestore/vendor/laravel/framework/src/Illuminate/Routing/Middleware/SubstituteBindings.php(52): Illuminate\\Pipeline\\Pipeline->{closure:{closure:Illuminate\\Pipeline\\Pipeline::carry():194}:195}(Object(Illuminate\\Http\\Request))
#54 /Users/andrescruz/Herd/livewirestore/vendor/laravel/framework/src/Illuminate/Pipeline/Pipeline.php(219): Illuminate\\Routing\\Middleware\\SubstituteBindings->handle(Object(Illuminate\\Http\\Request), Object(Closure))
#55 /Users/andrescruz/Herd/livewirestore/vendor/laravel/framework/src/Illuminate/Foundation/Http/Middleware/PreventRequestForgery.php(104): Illuminate\\Pipeline\\Pipeline->{closure:{closure:Illuminate\\Pipeline\\Pipeline::carry():194}:195}(Object(Illuminate\\Http\\Request))
#56 /Users/andrescruz/Herd/livewirestore/vendor/laravel/framework/src/Illuminate/Pipeline/Pipeline.php(219): Illuminate\\Foundation\\Http\\Middleware\\PreventRequestForgery->handle(Object(Illuminate\\Http\\Request), Object(Closure))
#57 /Users/andrescruz/Herd/livewirestore/vendor/laravel/framework/src/Illuminate/View/Middleware/ShareErrorsFromSession.php(48): Illuminate\\Pipeline\\Pipeline->{closure:{closure:Illuminate\\Pipeline\\Pipeline::carry():194}:195}(Object(Illuminate\\Http\\Request))
#58 /Users/andrescruz/Herd/livewirestore/vendor/laravel/framework/src/Illuminate/Pipeline/Pipeline.php(219): Illuminate\\View\\Middleware\\ShareErrorsFromSession->handle(Object(Illuminate\\Http\\Request), Object(Closure))
#59 /Users/andrescruz/Herd/livewirestore/vendor/laravel/framework/src/Illuminate/Session/Middleware/StartSession.php(120): Illuminate\\Pipeline\\Pipeline->{closure:{closure:Illuminate\\Pipeline\\Pipeline::carry():194}:195}(Object(Illuminate\\Http\\Request))
#60 /Users/andrescruz/Herd/livewirestore/vendor/laravel/framework/src/Illuminate/Session/Middleware/StartSession.php(63): Illuminate\\Session\\Middleware\\StartSession->handleStatefulRequest(Object(Illuminate\\Http\\Request), Object(Illuminate\\Session\\Store), Object(Closure))
#61 /Users/andrescruz/Herd/livewirestore/vendor/laravel/framework/src/Illuminate/Pipeline/Pipeline.php(219): Illuminate\\Session\\Middleware\\StartSession->handle(Object(Illuminate\\Http\\Request), Object(Closure))
#62 /Users/andrescruz/Herd/livewirestore/vendor/laravel/framework/src/Illuminate/Cookie/Middleware/AddQueuedCookiesToResponse.php(36): Illuminate\\Pipeline\\Pipeline->{closure:{closure:Illuminate\\Pipeline\\Pipeline::carry():194}:195}(Object(Illuminate\\Http\\Request))
#63 /Users/andrescruz/Herd/livewirestore/vendor/laravel/framework/src/Illuminate/Pipeline/Pipeline.php(219): Illuminate\\Cookie\\Middleware\\AddQueuedCookiesToResponse->handle(Object(Illuminate\\Http\\Request), Object(Closure))
#64 /Users/andrescruz/Herd/livewirestore/vendor/laravel/framework/src/Illuminate/Cookie/Middleware/EncryptCookies.php(74): Illuminate\\Pipeline\\Pipeline->{closure:{closure:Illuminate\\Pipeline\\Pipeline::carry():194}:195}(Object(Illuminate\\Http\\Request))
#65 /Users/andrescruz/Herd/livewirestore/vendor/laravel/framework/src/Illuminate/Pipeline/Pipeline.php(219): Illuminate\\Cookie\\Middleware\\EncryptCookies->handle(Object(Illuminate\\Http\\Request), Object(Closure))
#66 /Users/andrescruz/Herd/livewirestore/vendor/laravel/framework/src/Illuminate/Pipeline/Pipeline.php(137): Illuminate\\Pipeline\\Pipeline->{closure:{closure:Illuminate\\Pipeline\\Pipeline::carry():194}:195}(Object(Illuminate\\Http\\Request))
#67 /Users/andrescruz/Herd/livewirestore/vendor/laravel/framework/src/Illuminate/Routing/Router.php(821): Illuminate\\Pipeline\\Pipeline->then(Object(Closure))
#68 /Users/andrescruz/Herd/livewirestore/vendor/laravel/framework/src/Illuminate/Routing/Router.php(800): Illuminate\\Routing\\Router->runRouteWithinStack(Object(Illuminate\\Routing\\Route), Object(Illuminate\\Http\\Request))
#69 /Users/andrescruz/Herd/livewirestore/vendor/laravel/framework/src/Illuminate/Routing/Router.php(764): Illuminate\\Routing\\Router->runRoute(Object(Illuminate\\Http\\Request), Object(Illuminate\\Routing\\Route))
#70 /Users/andrescruz/Herd/livewirestore/vendor/laravel/framework/src/Illuminate/Routing/Router.php(753): Illuminate\\Routing\\Router->dispatchToRoute(Object(Illuminate\\Http\\Request))
#71 /Users/andrescruz/Herd/livewirestore/vendor/laravel/framework/src/Illuminate/Foundation/Http/Kernel.php(200): Illuminate\\Routing\\Router->dispatch(Object(Illuminate\\Http\\Request))
#72 /Users/andrescruz/Herd/livewirestore/vendor/laravel/framework/src/Illuminate/Pipeline/Pipeline.php(180): Illuminate\\Foundation\\Http\\Kernel->{closure:Illuminate\\Foundation\\Http\\Kernel::dispatchToRouter():197}(Object(Illuminate\\Http\\Request))
#73 /Users/andrescruz/Herd/livewirestore/vendor/livewire/livewire/src/Features/SupportDisablingBackButtonCache/DisableBackButtonCacheMiddleware.php(19): Illuminate\\Pipeline\\Pipeline->{closure:Illuminate\\Pipeline\\Pipeline::prepareDestination():178}(Object(Illuminate\\Http\\Request))
#74 /Users/andrescruz/Herd/livewirestore/vendor/laravel/framework/src/Illuminate/Pipeline/Pipeline.php(219): Livewire\\Features\\SupportDisablingBackButtonCache\\DisableBackButtonCacheMiddleware->handle(Object(Illuminate\\Http\\Request), Object(Closure))
#75 /Users/andrescruz/Herd/livewirestore/vendor/laravel/framework/src/Illuminate/Foundation/Http/Middleware/TransformsRequest.php(21): Illuminate\\Pipeline\\Pipeline->{closure:{closure:Illuminate\\Pipeline\\Pipeline::carry():194}:195}(Object(Illuminate\\Http\\Request))
#76 /Users/andrescruz/Herd/livewirestore/vendor/laravel/framework/src/Illuminate/Foundation/Http/Middleware/ConvertEmptyStringsToNull.php(31): Illuminate\\Foundation\\Http\\Middleware\\TransformsRequest->handle(Object(Illuminate\\Http\\Request), Object(Closure))
#77 /Users/andrescruz/Herd/livewirestore/vendor/laravel/framework/src/Illuminate/Pipeline/Pipeline.php(219): Illuminate\\Foundation\\Http\\Middleware\\ConvertEmptyStringsToNull->handle(Object(Illuminate\\Http\\Request), Object(Closure))
#78 /Users/andrescruz/Herd/livewirestore/vendor/laravel/framework/src/Illuminate/Foundation/Http/Middleware/TransformsRequest.php(21): Illuminate\\Pipeline\\Pipeline->{closure:{closure:Illuminate\\Pipeline\\Pipeline::carry():194}:195}(Object(Illuminate\\Http\\Request))
#79 /Users/andrescruz/Herd/livewirestore/vendor/laravel/framework/src/Illuminate/Foundation/Http/Middleware/TrimStrings.php(51): Illuminate\\Foundation\\Http\\Middleware\\TransformsRequest->handle(Object(Illuminate\\Http\\Request), Object(Closure))
#80 /Users/andrescruz/Herd/livewirestore/vendor/laravel/framework/src/Illuminate/Pipeline/Pipeline.php(219): Illuminate\\Foundation\\Http\\Middleware\\TrimStrings->handle(Object(Illuminate\\Http\\Request), Object(Closure))
#81 /Users/andrescruz/Herd/livewirestore/vendor/laravel/framework/src/Illuminate/Http/Middleware/ValidatePostSize.php(27): Illuminate\\Pipeline\\Pipeline->{closure:{closure:Illuminate\\Pipeline\\Pipeline::carry():194}:195}(Object(Illuminate\\Http\\Request))
#82 /Users/andrescruz/Herd/livewirestore/vendor/laravel/framework/src/Illuminate/Pipeline/Pipeline.php(219): Illuminate\\Http\\Middleware\\ValidatePostSize->handle(Object(Illuminate\\Http\\Request), Object(Closure))
#83 /Users/andrescruz/Herd/livewirestore/vendor/laravel/framework/src/Illuminate/Foundation/Http/Middleware/PreventRequestsDuringMaintenance.php(109): Illuminate\\Pipeline\\Pipeline->{closure:{closure:Illuminate\\Pipeline\\Pipeline::carry():194}:195}(Object(Illuminate\\Http\\Request))
#84 /Users/andrescruz/Herd/livewirestore/vendor/laravel/framework/src/Illuminate/Pipeline/Pipeline.php(219): Illuminate\\Foundation\\Http\\Middleware\\PreventRequestsDuringMaintenance->handle(Object(Illuminate\\Http\\Request), Object(Closure))
#85 /Users/andrescruz/Herd/livewirestore/vendor/laravel/framework/src/Illuminate/Http/Middleware/HandleCors.php(61): Illuminate\\Pipeline\\Pipeline->{closure:{closure:Illuminate\\Pipeline\\Pipeline::carry():194}:195}(Object(Illuminate\\Http\\Request))
#86 /Users/andrescruz/Herd/livewirestore/vendor/laravel/framework/src/Illuminate/Pipeline/Pipeline.php(219): Illuminate\\Http\\Middleware\\HandleCors->handle(Object(Illuminate\\Http\\Request), Object(Closure))
#87 /Users/andrescruz/Herd/livewirestore/vendor/laravel/framework/src/Illuminate/Http/Middleware/TrustProxies.php(58): Illuminate\\Pipeline\\Pipeline->{closure:{closure:Illuminate\\Pipeline\\Pipeline::carry():194}:195}(Object(Illuminate\\Http\\Request))
#88 /Users/andrescruz/Herd/livewirestore/vendor/laravel/framework/src/Illuminate/Pipeline/Pipeline.php(219): Illuminate\\Http\\Middleware\\TrustProxies->handle(Object(Illuminate\\Http\\Request), Object(Closure))
#89 /Users/andrescruz/Herd/livewirestore/vendor/laravel/framework/src/Illuminate/Foundation/Http/Middleware/InvokeDeferredCallbacks.php(22): Illuminate\\Pipeline\\Pipeline->{closure:{closure:Illuminate\\Pipeline\\Pipeline::carry():194}:195}(Object(Illuminate\\Http\\Request))
#90 /Users/andrescruz/Herd/livewirestore/vendor/laravel/framework/src/Illuminate/Pipeline/Pipeline.php(219): Illuminate\\Foundation\\Http\\Middleware\\InvokeDeferredCallbacks->handle(Object(Illuminate\\Http\\Request), Object(Closure))
#91 /Users/andrescruz/Herd/livewirestore/vendor/laravel/framework/src/Illuminate/Http/Middleware/ValidatePathEncoding.php(28): Illuminate\\Pipeline\\Pipeline->{closure:{closure:Illuminate\\Pipeline\\Pipeline::carry():194}:195}(Object(Illuminate\\Http\\Request))
#92 /Users/andrescruz/Herd/livewirestore/vendor/laravel/framework/src/Illuminate/Pipeline/Pipeline.php(219): Illuminate\\Http\\Middleware\\ValidatePathEncoding->handle(Object(Illuminate\\Http\\Request), Object(Closure))
#93 /Users/andrescruz/Herd/livewirestore/vendor/laravel/framework/src/Illuminate/Pipeline/Pipeline.php(137): Illuminate\\Pipeline\\Pipeline->{closure:{closure:Illuminate\\Pipeline\\Pipeline::carry():194}:195}(Object(Illuminate\\Http\\Request))
#94 /Users/andrescruz/Herd/livewirestore/vendor/laravel/framework/src/Illuminate/Foundation/Http/Kernel.php(175): Illuminate\\Pipeline\\Pipeline->then(Object(Closure))
#95 /Users/andrescruz/Herd/livewirestore/vendor/laravel/framework/src/Illuminate/Foundation/Http/Kernel.php(144): Illuminate\\Foundation\\Http\\Kernel->sendRequestThroughRouter(Object(Illuminate\\Http\\Request))
#96 /Users/andrescruz/Herd/livewirestore/vendor/laravel/framework/src/Illuminate/Foundation/Application.php(1220): Illuminate\\Foundation\\Http\\Kernel->handle(Object(Illuminate\\Http\\Request))
#97 /Users/andrescruz/Herd/livewirestore/public/index.php(20): Illuminate\\Foundation\\Application->handleRequest(Object(Illuminate\\Http\\Request))
#98 /Applications/Herd.app/Contents/Resources/valet/server.php(167): require('/Users/andrescr...')
#99 {main}
"} 
[2026-06-01 18:31:32] local.ERROR: Missing required parameter for [Route: dashboard] [URI: {current_team}/dashboard] [Missing parameter: current_team]. (View: /Users/andrescruz/Herd/livewirestore/resources/views/layouts/app/sidebar.blade.php) (View: /Users/andrescruz/Herd/livewirestore/resources/views/layouts/app/sidebar.blade.php) (View: /Users/andrescruz/Herd/livewirestore/resources/views/layouts/app/sidebar.blade.php) {"exception":"[object] (Illuminate\\View\\ViewException(code: 0): Missing required parameter for [Route: dashboard] [URI: {current_team}/dashboard] [Missing parameter: current_team]. (View: /Users/andrescruz/Herd/livewirestore/resources/views/layouts/app/sidebar.blade.php) (View: /Users/andrescruz/Herd/livewirestore/resources/views/layouts/app/sidebar.blade.php) (View: /Users/andrescruz/Herd/livewirestore/resources/views/layouts/app/sidebar.blade.php) at /Users/andrescruz/Herd/livewirestore/vendor/laravel/framework/src/Illuminate/Routing/Exceptions/UrlGenerationException.php:35)
[stacktrace]
#0 /Users/andrescruz/Herd/livewirestore/vendor/livewire/livewire/src/Mechanisms/ExtendBlade/ExtendedCompilerEngine.php(58): Illuminate\\View\\Engines\\CompilerEngine->handleViewException(Object(Illuminate\\View\\ViewException), 1)
#1 /Users/andrescruz/Herd/livewirestore/vendor/laravel/framework/src/Illuminate/View/Engines/PhpEngine.php(59): Livewire\\Mechanisms\\ExtendBlade\\ExtendedCompilerEngine->handleViewException(Object(Illuminate\\View\\ViewException), 1)
#2 /Users/andrescruz/Herd/livewirestore/vendor/livewire/livewire/src/Mechanisms/ExtendBlade/ExtendedCompilerEngine.php(22): Illuminate\\View\\Engines\\PhpEngine->evaluatePath('/Users/andrescr...', Array)
#3 /Users/andrescruz/Herd/livewirestore/vendor/laravel/framework/src/Illuminate/View/Engines/CompilerEngine.php(76): Livewire\\Mechanisms\\ExtendBlade\\ExtendedCompilerEngine->evaluatePath('/Users/andrescr...', Array)
#4 /Users/andrescruz/Herd/livewirestore/vendor/livewire/livewire/src/Mechanisms/ExtendBlade/ExtendedCompilerEngine.php(10): Illuminate\\View\\Engines\\CompilerEngine->get('/Users/andrescr...', Array)
#5 /Users/andrescruz/Herd/livewirestore/vendor/laravel/framework/src/Illuminate/View/View.php(208): Livewire\\Mechanisms\\ExtendBlade\\ExtendedCompilerEngine->get('/Users/andrescr...', Array)
#6 /Users/andrescruz/Herd/livewirestore/vendor/laravel/framework/src/Illuminate/View/View.php(191): Illuminate\\View\\View->getContents()
#7 /Users/andrescruz/Herd/livewirestore/vendor/laravel/framework/src/Illuminate/View/View.php(160): Illuminate\\View\\View->renderContents()
#8 /Users/andrescruz/Herd/livewirestore/vendor/laravel/framework/src/Illuminate/View/Compilers/BladeCompiler.php(353): Illuminate\\View\\View->render()
#9 /Users/andrescruz/Herd/livewirestore/vendor/laravel/framework/src/Illuminate/Support/Facades/Facade.php(363): Illuminate\\View\\Compilers\\BladeCompiler::render('    <?php $layo...', Array)
#10 /Users/andrescruz/Herd/livewirestore/vendor/livewire/livewire/src/Features/SupportPageComponents/SupportPageComponents.php(162): Illuminate\\Support\\Facades\\Facade::__callStatic('render', Array)
#11 /Users/andrescruz/Herd/livewirestore/vendor/livewire/livewire/src/Features/SupportPageComponents/HandlesPageComponents.php(26): Livewire\\Features\\SupportPageComponents\\SupportPageComponents::renderContentsIntoLayout('<div wire:snaps...', Object(Livewire\\Features\\SupportPageComponents\\PageComponentConfig))
#12 /Users/andrescruz/Herd/livewirestore/vendor/laravel/framework/src/Illuminate/Container/BoundMethod.php(36): Livewire\\Component->__invoke()
#13 /Users/andrescruz/Herd/livewirestore/vendor/laravel/framework/src/Illuminate/Container/Util.php(43): Illuminate\\Container\\BoundMethod::{closure:Illuminate\\Container\\BoundMethod::call():35}()
#14 /Users/andrescruz/Herd/livewirestore/vendor/laravel/framework/src/Illuminate/Container/BoundMethod.php(96): Illuminate\\Container\\Util::unwrapIfClosure(Object(Closure))
#15 /Users/andrescruz/Herd/livewirestore/vendor/laravel/framework/src/Illuminate/Container/BoundMethod.php(35): Illuminate\\Container\\BoundMethod::callBoundMethod(Object(Illuminate\\Foundation\\Application), Array, Object(Closure))
#16 /Users/andrescruz/Herd/livewirestore/vendor/laravel/framework/src/Illuminate/Container/Container.php(799): Illuminate\\Container\\BoundMethod::call(Object(Illuminate\\Foundation\\Application), Array, Array, NULL)
#17 /Users/andrescruz/Herd/livewirestore/vendor/livewire/livewire/src/Mechanisms/HandleRouting/LivewirePageController.php(15): Illuminate\\Container\\Container->call(Array)
#18 /Users/andrescruz/Herd/livewirestore/vendor/laravel/framework/src/Illuminate/Routing/ControllerDispatcher.php(46): Livewire\\Mechanisms\\HandleRouting\\LivewirePageController->__invoke()
#19 /Users/andrescruz/Herd/livewirestore/vendor/laravel/framework/src/Illuminate/Routing/Route.php(269): Illuminate\\Routing\\ControllerDispatcher->dispatch(Object(Illuminate\\Routing\\Route), Object(Livewire\\Mechanisms\\HandleRouting\\LivewirePageController), '__invoke')
#20 /Users/andrescruz/Herd/livewirestore/vendor/laravel/framework/src/Illuminate/Routing/Route.php(215): Illuminate\\Routing\\Route->runController()
#21 /Users/andrescruz/Herd/livewirestore/vendor/laravel/framework/src/Illuminate/Routing/Router.php(822): Illuminate\\Routing\\Route->run()
#22 /Users/andrescruz/Herd/livewirestore/vendor/laravel/framework/src/Illuminate/Pipeline/Pipeline.php(180): Illuminate\\Routing\\Router->{closure:Illuminate\\Routing\\Router::runRouteWithinStack():821}(Object(Illuminate\\Http\\Request))
#23 /Users/andrescruz/Herd/livewirestore/app/Http/Middleware/SetTeamUrlDefaults.php(26): Illuminate\\Pipeline\\Pipeline->{closure:Illuminate\\Pipeline\\Pipeline::prepareDestination():178}(Object(Illuminate\\Http\\Request))
#24 /Users/andrescruz/Herd/livewirestore/vendor/laravel/framework/src/Illuminate/Pipeline/Pipeline.php(219): App\\Http\\Middleware\\SetTeamUrlDefaults->handle(Object(Illuminate\\Http\\Request), Object(Closure))
#25 /Users/andrescruz/Herd/livewirestore/vendor/laravel/framework/src/Illuminate/Routing/Middleware/SubstituteBindings.php(52): Illuminate\\Pipeline\\Pipeline->{closure:{closure:Illuminate\\Pipeline\\Pipeline::carry():194}:195}(Object(Illuminate\\Http\\Request))
#26 /Users/andrescruz/Herd/livewirestore/vendor/laravel/framework/src/Illuminate/Pipeline/Pipeline.php(219): Illuminate\\Routing\\Middleware\\SubstituteBindings->handle(Object(Illuminate\\Http\\Request), Object(Closure))
#27 /Users/andrescruz/Herd/livewirestore/vendor/laravel/framework/src/Illuminate/Foundation/Http/Middleware/PreventRequestForgery.php(104): Illuminate\\Pipeline\\Pipeline->{closure:{closure:Illuminate\\Pipeline\\Pipeline::carry():194}:195}(Object(Illuminate\\Http\\Request))
#28 /Users/andrescruz/Herd/livewirestore/vendor/laravel/framework/src/Illuminate/Pipeline/Pipeline.php(219): Illuminate\\Foundation\\Http\\Middleware\\PreventRequestForgery->handle(Object(Illuminate\\Http\\Request), Object(Closure))
#29 /Users/andrescruz/Herd/livewirestore/vendor/laravel/framework/src/Illuminate/View/Middleware/ShareErrorsFromSession.php(48): Illuminate\\Pipeline\\Pipeline->{closure:{closure:Illuminate\\Pipeline\\Pipeline::carry():194}:195}(Object(Illuminate\\Http\\Request))
#30 /Users/andrescruz/Herd/livewirestore/vendor/laravel/framework/src/Illuminate/Pipeline/Pipeline.php(219): Illuminate\\View\\Middleware\\ShareErrorsFromSession->handle(Object(Illuminate\\Http\\Request), Object(Closure))
#31 /Users/andrescruz/Herd/livewirestore/vendor/laravel/framework/src/Illuminate/Session/Middleware/StartSession.php(120): Illuminate\\Pipeline\\Pipeline->{closure:{closure:Illuminate\\Pipeline\\Pipeline::carry():194}:195}(Object(Illuminate\\Http\\Request))
#32 /Users/andrescruz/Herd/livewirestore/vendor/laravel/framework/src/Illuminate/Session/Middleware/StartSession.php(63): Illuminate\\Session\\Middleware\\StartSession->handleStatefulRequest(Object(Illuminate\\Http\\Request), Object(Illuminate\\Session\\Store), Object(Closure))
#33 /Users/andrescruz/Herd/livewirestore/vendor/laravel/framework/src/Illuminate/Pipeline/Pipeline.php(219): Illuminate\\Session\\Middleware\\StartSession->handle(Object(Illuminate\\Http\\Request), Object(Closure))
#34 /Users/andrescruz/Herd/livewirestore/vendor/laravel/framework/src/Illuminate/Cookie/Middleware/AddQueuedCookiesToResponse.php(36): Illuminate\\Pipeline\\Pipeline->{closure:{closure:Illuminate\\Pipeline\\Pipeline::carry():194}:195}(Object(Illuminate\\Http\\Request))
#35 /Users/andrescruz/Herd/livewirestore/vendor/laravel/framework/src/Illuminate/Pipeline/Pipeline.php(219): Illuminate\\Cookie\\Middleware\\AddQueuedCookiesToResponse->handle(Object(Illuminate\\Http\\Request), Object(Closure))
#36 /Users/andrescruz/Herd/livewirestore/vendor/laravel/framework/src/Illuminate/Cookie/Middleware/EncryptCookies.php(74): Illuminate\\Pipeline\\Pipeline->{closure:{closure:Illuminate\\Pipeline\\Pipeline::carry():194}:195}(Object(Illuminate\\Http\\Request))
#37 /Users/andrescruz/Herd/livewirestore/vendor/laravel/framework/src/Illuminate/Pipeline/Pipeline.php(219): Illuminate\\Cookie\\Middleware\\EncryptCookies->handle(Object(Illuminate\\Http\\Request), Object(Closure))
#38 /Users/andrescruz/Herd/livewirestore/vendor/laravel/framework/src/Illuminate/Pipeline/Pipeline.php(137): Illuminate\\Pipeline\\Pipeline->{closure:{closure:Illuminate\\Pipeline\\Pipeline::carry():194}:195}(Object(Illuminate\\Http\\Request))
#39 /Users/andrescruz/Herd/livewirestore/vendor/laravel/framework/src/Illuminate/Routing/Router.php(821): Illuminate\\Pipeline\\Pipeline->then(Object(Closure))
#40 /Users/andrescruz/Herd/livewirestore/vendor/laravel/framework/src/Illuminate/Routing/Router.php(800): Illuminate\\Routing\\Router->runRouteWithinStack(Object(Illuminate\\Routing\\Route), Object(Illuminate\\Http\\Request))
#41 /Users/andrescruz/Herd/livewirestore/vendor/laravel/framework/src/Illuminate/Routing/Router.php(764): Illuminate\\Routing\\Router->runRoute(Object(Illuminate\\Http\\Request), Object(Illuminate\\Routing\\Route))
#42 /Users/andrescruz/Herd/livewirestore/vendor/laravel/framework/src/Illuminate/Routing/Router.php(753): Illuminate\\Routing\\Router->dispatchToRoute(Object(Illuminate\\Http\\Request))
#43 /Users/andrescruz/Herd/livewirestore/vendor/laravel/framework/src/Illuminate/Foundation/Http/Kernel.php(200): Illuminate\\Routing\\Router->dispatch(Object(Illuminate\\Http\\Request))
#44 /Users/andrescruz/Herd/livewirestore/vendor/laravel/framework/src/Illuminate/Pipeline/Pipeline.php(180): Illuminate\\Foundation\\Http\\Kernel->{closure:Illuminate\\Foundation\\Http\\Kernel::dispatchToRouter():197}(Object(Illuminate\\Http\\Request))
#45 /Users/andrescruz/Herd/livewirestore/vendor/livewire/livewire/src/Features/SupportDisablingBackButtonCache/DisableBackButtonCacheMiddleware.php(19): Illuminate\\Pipeline\\Pipeline->{closure:Illuminate\\Pipeline\\Pipeline::prepareDestination():178}(Object(Illuminate\\Http\\Request))
#46 /Users/andrescruz/Herd/livewirestore/vendor/laravel/framework/src/Illuminate/Pipeline/Pipeline.php(219): Livewire\\Features\\SupportDisablingBackButtonCache\\DisableBackButtonCacheMiddleware->handle(Object(Illuminate\\Http\\Request), Object(Closure))
#47 /Users/andrescruz/Herd/livewirestore/vendor/laravel/framework/src/Illuminate/Foundation/Http/Middleware/TransformsRequest.php(21): Illuminate\\Pipeline\\Pipeline->{closure:{closure:Illuminate\\Pipeline\\Pipeline::carry():194}:195}(Object(Illuminate\\Http\\Request))
#48 /Users/andrescruz/Herd/livewirestore/vendor/laravel/framework/src/Illuminate/Foundation/Http/Middleware/ConvertEmptyStringsToNull.php(31): Illuminate\\Foundation\\Http\\Middleware\\TransformsRequest->handle(Object(Illuminate\\Http\\Request), Object(Closure))
#49 /Users/andrescruz/Herd/livewirestore/vendor/laravel/framework/src/Illuminate/Pipeline/Pipeline.php(219): Illuminate\\Foundation\\Http\\Middleware\\ConvertEmptyStringsToNull->handle(Object(Illuminate\\Http\\Request), Object(Closure))
#50 /Users/andrescruz/Herd/livewirestore/vendor/laravel/framework/src/Illuminate/Foundation/Http/Middleware/TransformsRequest.php(21): Illuminate\\Pipeline\\Pipeline->{closure:{closure:Illuminate\\Pipeline\\Pipeline::carry():194}:195}(Object(Illuminate\\Http\\Request))
#51 /Users/andrescruz/Herd/livewirestore/vendor/laravel/framework/src/Illuminate/Foundation/Http/Middleware/TrimStrings.php(51): Illuminate\\Foundation\\Http\\Middleware\\TransformsRequest->handle(Object(Illuminate\\Http\\Request), Object(Closure))
#52 /Users/andrescruz/Herd/livewirestore/vendor/laravel/framework/src/Illuminate/Pipeline/Pipeline.php(219): Illuminate\\Foundation\\Http\\Middleware\\TrimStrings->handle(Object(Illuminate\\Http\\Request), Object(Closure))
#53 /Users/andrescruz/Herd/livewirestore/vendor/laravel/framework/src/Illuminate/Http/Middleware/ValidatePostSize.php(27): Illuminate\\Pipeline\\Pipeline->{closure:{closure:Illuminate\\Pipeline\\Pipeline::carry():194}:195}(Object(Illuminate\\Http\\Request))
#54 /Users/andrescruz/Herd/livewirestore/vendor/laravel/framework/src/Illuminate/Pipeline/Pipeline.php(219): Illuminate\\Http\\Middleware\\ValidatePostSize->handle(Object(Illuminate\\Http\\Request), Object(Closure))
#55 /Users/andrescruz/Herd/livewirestore/vendor/laravel/framework/src/Illuminate/Foundation/Http/Middleware/PreventRequestsDuringMaintenance.php(109): Illuminate\\Pipeline\\Pipeline->{closure:{closure:Illuminate\\Pipeline\\Pipeline::carry():194}:195}(Object(Illuminate\\Http\\Request))
#56 /Users/andrescruz/Herd/livewirestore/vendor/laravel/framework/src/Illuminate/Pipeline/Pipeline.php(219): Illuminate\\Foundation\\Http\\Middleware\\PreventRequestsDuringMaintenance->handle(Object(Illuminate\\Http\\Request), Object(Closure))
#57 /Users/andrescruz/Herd/livewirestore/vendor/laravel/framework/src/Illuminate/Http/Middleware/HandleCors.php(61): Illuminate\\Pipeline\\Pipeline->{closure:{closure:Illuminate\\Pipeline\\Pipeline::carry():194}:195}(Object(Illuminate\\Http\\Request))
#58 /Users/andrescruz/Herd/livewirestore/vendor/laravel/framework/src/Illuminate/Pipeline/Pipeline.php(219): Illuminate\\Http\\Middleware\\HandleCors->handle(Object(Illuminate\\Http\\Request), Object(Closure))
#59 /Users/andrescruz/Herd/livewirestore/vendor/laravel/framework/src/Illuminate/Http/Middleware/TrustProxies.php(58): Illuminate\\Pipeline\\Pipeline->{closure:{closure:Illuminate\\Pipeline\\Pipeline::carry():194}:195}(Object(Illuminate\\Http\\Request))
#60 /Users/andrescruz/Herd/livewirestore/vendor/laravel/framework/src/Illuminate/Pipeline/Pipeline.php(219): Illuminate\\Http\\Middleware\\TrustProxies->handle(Object(Illuminate\\Http\\Request), Object(Closure))
#61 /Users/andrescruz/Herd/livewirestore/vendor/laravel/framework/src/Illuminate/Foundation/Http/Middleware/InvokeDeferredCallbacks.php(22): Illuminate\\Pipeline\\Pipeline->{closure:{closure:Illuminate\\Pipeline\\Pipeline::carry():194}:195}(Object(Illuminate\\Http\\Request))
#62 /Users/andrescruz/Herd/livewirestore/vendor/laravel/framework/src/Illuminate/Pipeline/Pipeline.php(219): Illuminate\\Foundation\\Http\\Middleware\\InvokeDeferredCallbacks->handle(Object(Illuminate\\Http\\Request), Object(Closure))
#63 /Users/andrescruz/Herd/livewirestore/vendor/laravel/framework/src/Illuminate/Http/Middleware/ValidatePathEncoding.php(28): Illuminate\\Pipeline\\Pipeline->{closure:{closure:Illuminate\\Pipeline\\Pipeline::carry():194}:195}(Object(Illuminate\\Http\\Request))
#64 /Users/andrescruz/Herd/livewirestore/vendor/laravel/framework/src/Illuminate/Pipeline/Pipeline.php(219): Illuminate\\Http\\Middleware\\ValidatePathEncoding->handle(Object(Illuminate\\Http\\Request), Object(Closure))
#65 /Users/andrescruz/Herd/livewirestore/vendor/laravel/framework/src/Illuminate/Pipeline/Pipeline.php(137): Illuminate\\Pipeline\\Pipeline->{closure:{closure:Illuminate\\Pipeline\\Pipeline::carry():194}:195}(Object(Illuminate\\Http\\Request))
#66 /Users/andrescruz/Herd/livewirestore/vendor/laravel/framework/src/Illuminate/Foundation/Http/Kernel.php(175): Illuminate\\Pipeline\\Pipeline->then(Object(Closure))
#67 /Users/andrescruz/Herd/livewirestore/vendor/laravel/framework/src/Illuminate/Foundation/Http/Kernel.php(144): Illuminate\\Foundation\\Http\\Kernel->sendRequestThroughRouter(Object(Illuminate\\Http\\Request))
#68 /Users/andrescruz/Herd/livewirestore/vendor/laravel/framework/src/Illuminate/Foundation/Application.php(1220): Illuminate\\Foundation\\Http\\Kernel->handle(Object(Illuminate\\Http\\Request))
#69 /Users/andrescruz/Herd/livewirestore/public/index.php(20): Illuminate\\Foundation\\Application->handleRequest(Object(Illuminate\\Http\\Request))
#70 /Applications/Herd.app/Contents/Resources/valet/server.php(167): require('/Users/andrescr...')
#71 {main}

[previous exception] [object] (Illuminate\\View\\ViewException(code: 0): Missing required parameter for [Route: dashboard] [URI: {current_team}/dashboard] [Missing parameter: current_team]. (View: /Users/andrescruz/Herd/livewirestore/resources/views/layouts/app/sidebar.blade.php) (View: /Users/andrescruz/Herd/livewirestore/resources/views/layouts/app/sidebar.blade.php) at /Users/andrescruz/Herd/livewirestore/vendor/laravel/framework/src/Illuminate/Routing/Exceptions/UrlGenerationException.php:35)
[stacktrace]
#0 /Users/andrescruz/Herd/livewirestore/vendor/livewire/livewire/src/Mechanisms/ExtendBlade/ExtendedCompilerEngine.php(58): Illuminate\\View\\Engines\\CompilerEngine->handleViewException(Object(Illuminate\\View\\ViewException), 2)
#1 /Users/andrescruz/Herd/livewirestore/vendor/laravel/framework/src/Illuminate/View/Engines/PhpEngine.php(59): Livewire\\Mechanisms\\ExtendBlade\\ExtendedCompilerEngine->handleViewException(Object(Illuminate\\View\\ViewException), 2)
#2 /Users/andrescruz/Herd/livewirestore/vendor/livewire/livewire/src/Mechanisms/ExtendBlade/ExtendedCompilerEngine.php(22): Illuminate\\View\\Engines\\PhpEngine->evaluatePath('/Users/andrescr...', Array)
#3 /Users/andrescruz/Herd/livewirestore/vendor/laravel/framework/src/Illuminate/View/Engines/CompilerEngine.php(76): Livewire\\Mechanisms\\ExtendBlade\\ExtendedCompilerEngine->evaluatePath('/Users/andrescr...', Array)
#4 /Users/andrescruz/Herd/livewirestore/vendor/livewire/livewire/src/Mechanisms/ExtendBlade/ExtendedCompilerEngine.php(10): Illuminate\\View\\Engines\\CompilerEngine->get('/Users/andrescr...', Array)
#5 /Users/andrescruz/Herd/livewirestore/vendor/laravel/framework/src/Illuminate/View/View.php(208): Livewire\\Mechanisms\\ExtendBlade\\ExtendedCompilerEngine->get('/Users/andrescr...', Array)
#6 /Users/andrescruz/Herd/livewirestore/vendor/laravel/framework/src/Illuminate/View/View.php(191): Illuminate\\View\\View->getContents()
#7 /Users/andrescruz/Herd/livewirestore/vendor/laravel/framework/src/Illuminate/View/View.php(160): Illuminate\\View\\View->renderContents()
#8 /Users/andrescruz/Herd/livewirestore/vendor/laravel/framework/src/Illuminate/View/Concerns/ManagesComponents.php(103): Illuminate\\View\\View->render()
#9 /Users/andrescruz/Herd/livewirestore/storage/framework/views/290854be5454abd59f9491fe16e0fcbe.php(17): Illuminate\\View\\Factory->renderComponent()
#10 /Users/andrescruz/Herd/livewirestore/vendor/laravel/framework/src/Illuminate/Filesystem/Filesystem.php(123): require('/Users/andrescr...')
#11 /Users/andrescruz/Herd/livewirestore/vendor/laravel/framework/src/Illuminate/Filesystem/Filesystem.php(124): Illuminate\\Filesystem\\Filesystem::{closure:Illuminate\\Filesystem\\Filesystem::getRequire():120}()
#12 /Users/andrescruz/Herd/livewirestore/vendor/laravel/framework/src/Illuminate/View/Engines/PhpEngine.php(57): Illuminate\\Filesystem\\Filesystem->getRequire('/Users/andrescr...', Array)
#13 /Users/andrescruz/Herd/livewirestore/vendor/livewire/livewire/src/Mechanisms/ExtendBlade/ExtendedCompilerEngine.php(22): Illuminate\\View\\Engines\\PhpEngine->evaluatePath('/Users/andrescr...', Array)
#14 /Users/andrescruz/Herd/livewirestore/vendor/laravel/framework/src/Illuminate/View/Engines/CompilerEngine.php(76): Livewire\\Mechanisms\\ExtendBlade\\ExtendedCompilerEngine->evaluatePath('/Users/andrescr...', Array)
#15 /Users/andrescruz/Herd/livewirestore/vendor/livewire/livewire/src/Mechanisms/ExtendBlade/ExtendedCompilerEngine.php(10): Illuminate\\View\\Engines\\CompilerEngine->get('/Users/andrescr...', Array)
#16 /Users/andrescruz/Herd/livewirestore/vendor/laravel/framework/src/Illuminate/View/View.php(208): Livewire\\Mechanisms\\ExtendBlade\\ExtendedCompilerEngine->get('/Users/andrescr...', Array)
#17 /Users/andrescruz/Herd/livewirestore/vendor/laravel/framework/src/Illuminate/View/View.php(191): Illuminate\\View\\View->getContents()
#18 /Users/andrescruz/Herd/livewirestore/vendor/laravel/framework/src/Illuminate/View/View.php(160): Illuminate\\View\\View->renderContents()
#19 /Users/andrescruz/Herd/livewirestore/vendor/laravel/framework/src/Illuminate/View/Compilers/BladeCompiler.php(353): Illuminate\\View\\View->render()
#20 /Users/andrescruz/Herd/livewirestore/vendor/laravel/framework/src/Illuminate/Support/Facades/Facade.php(363): Illuminate\\View\\Compilers\\BladeCompiler::render('    <?php $layo...', Array)
#21 /Users/andrescruz/Herd/livewirestore/vendor/livewire/livewire/src/Features/SupportPageComponents/SupportPageComponents.php(162): Illuminate\\Support\\Facades\\Facade::__callStatic('render', Array)
#22 /Users/andrescruz/Herd/livewirestore/vendor/livewire/livewire/src/Features/SupportPageComponents/HandlesPageComponents.php(26): Livewire\\Features\\SupportPageComponents\\SupportPageComponents::renderContentsIntoLayout('<div wire:snaps...', Object(Livewire\\Features\\SupportPageComponents\\PageComponentConfig))
#23 /Users/andrescruz/Herd/livewirestore/vendor/laravel/framework/src/Illuminate/Container/BoundMethod.php(36): Livewire\\Component->__invoke()
#24 /Users/andrescruz/Herd/livewirestore/vendor/laravel/framework/src/Illuminate/Container/Util.php(43): Illuminate\\Container\\BoundMethod::{closure:Illuminate\\Container\\BoundMethod::call():35}()
#25 /Users/andrescruz/Herd/livewirestore/vendor/laravel/framework/src/Illuminate/Container/BoundMethod.php(96): Illuminate\\Container\\Util::unwrapIfClosure(Object(Closure))
#26 /Users/andrescruz/Herd/livewirestore/vendor/laravel/framework/src/Illuminate/Container/BoundMethod.php(35): Illuminate\\Container\\BoundMethod::callBoundMethod(Object(Illuminate\\Foundation\\Application), Array, Object(Closure))
#27 /Users/andrescruz/Herd/livewirestore/vendor/laravel/framework/src/Illuminate/Container/Container.php(799): Illuminate\\Container\\BoundMethod::call(Object(Illuminate\\Foundation\\Application), Array, Array, NULL)
#28 /Users/andrescruz/Herd/livewirestore/vendor/livewire/livewire/src/Mechanisms/HandleRouting/LivewirePageController.php(15): Illuminate\\Container\\Container->call(Array)
#29 /Users/andrescruz/Herd/livewirestore/vendor/laravel/framework/src/Illuminate/Routing/ControllerDispatcher.php(46): Livewire\\Mechanisms\\HandleRouting\\LivewirePageController->__invoke()
#30 /Users/andrescruz/Herd/livewirestore/vendor/laravel/framework/src/Illuminate/Routing/Route.php(269): Illuminate\\Routing\\ControllerDispatcher->dispatch(Object(Illuminate\\Routing\\Route), Object(Livewire\\Mechanisms\\HandleRouting\\LivewirePageController), '__invoke')
#31 /Users/andrescruz/Herd/livewirestore/vendor/laravel/framework/src/Illuminate/Routing/Route.php(215): Illuminate\\Routing\\Route->runController()
#32 /Users/andrescruz/Herd/livewirestore/vendor/laravel/framework/src/Illuminate/Routing/Router.php(822): Illuminate\\Routing\\Route->run()
#33 /Users/andrescruz/Herd/livewirestore/vendor/laravel/framework/src/Illuminate/Pipeline/Pipeline.php(180): Illuminate\\Routing\\Router->{closure:Illuminate\\Routing\\Router::runRouteWithinStack():821}(Object(Illuminate\\Http\\Request))
#34 /Users/andrescruz/Herd/livewirestore/app/Http/Middleware/SetTeamUrlDefaults.php(26): Illuminate\\Pipeline\\Pipeline->{closure:Illuminate\\Pipeline\\Pipeline::prepareDestination():178}(Object(Illuminate\\Http\\Request))
#35 /Users/andrescruz/Herd/livewirestore/vendor/laravel/framework/src/Illuminate/Pipeline/Pipeline.php(219): App\\Http\\Middleware\\SetTeamUrlDefaults->handle(Object(Illuminate\\Http\\Request), Object(Closure))
#36 /Users/andrescruz/Herd/livewirestore/vendor/laravel/framework/src/Illuminate/Routing/Middleware/SubstituteBindings.php(52): Illuminate\\Pipeline\\Pipeline->{closure:{closure:Illuminate\\Pipeline\\Pipeline::carry():194}:195}(Object(Illuminate\\Http\\Request))
#37 /Users/andrescruz/Herd/livewirestore/vendor/laravel/framework/src/Illuminate/Pipeline/Pipeline.php(219): Illuminate\\Routing\\Middleware\\SubstituteBindings->handle(Object(Illuminate\\Http\\Request), Object(Closure))
#38 /Users/andrescruz/Herd/livewirestore/vendor/laravel/framework/src/Illuminate/Foundation/Http/Middleware/PreventRequestForgery.php(104): Illuminate\\Pipeline\\Pipeline->{closure:{closure:Illuminate\\Pipeline\\Pipeline::carry():194}:195}(Object(Illuminate\\Http\\Request))
#39 /Users/andrescruz/Herd/livewirestore/vendor/laravel/framework/src/Illuminate/Pipeline/Pipeline.php(219): Illuminate\\Foundation\\Http\\Middleware\\PreventRequestForgery->handle(Object(Illuminate\\Http\\Request), Object(Closure))
#40 /Users/andrescruz/Herd/livewirestore/vendor/laravel/framework/src/Illuminate/View/Middleware/ShareErrorsFromSession.php(48): Illuminate\\Pipeline\\Pipeline->{closure:{closure:Illuminate\\Pipeline\\Pipeline::carry():194}:195}(Object(Illuminate\\Http\\Request))
#41 /Users/andrescruz/Herd/livewirestore/vendor/laravel/framework/src/Illuminate/Pipeline/Pipeline.php(219): Illuminate\\View\\Middleware\\ShareErrorsFromSession->handle(Object(Illuminate\\Http\\Request), Object(Closure))
#42 /Users/andrescruz/Herd/livewirestore/vendor/laravel/framework/src/Illuminate/Session/Middleware/StartSession.php(120): Illuminate\\Pipeline\\Pipeline->{closure:{closure:Illuminate\\Pipeline\\Pipeline::carry():194}:195}(Object(Illuminate\\Http\\Request))
#43 /Users/andrescruz/Herd/livewirestore/vendor/laravel/framework/src/Illuminate/Session/Middleware/StartSession.php(63): Illuminate\\Session\\Middleware\\StartSession->handleStatefulRequest(Object(Illuminate\\Http\\Request), Object(Illuminate\\Session\\Store), Object(Closure))
#44 /Users/andrescruz/Herd/livewirestore/vendor/laravel/framework/src/Illuminate/Pipeline/Pipeline.php(219): Illuminate\\Session\\Middleware\\StartSession->handle(Object(Illuminate\\Http\\Request), Object(Closure))
#45 /Users/andrescruz/Herd/livewirestore/vendor/laravel/framework/src/Illuminate/Cookie/Middleware/AddQueuedCookiesToResponse.php(36): Illuminate\\Pipeline\\Pipeline->{closure:{closure:Illuminate\\Pipeline\\Pipeline::carry():194}:195}(Object(Illuminate\\Http\\Request))
#46 /Users/andrescruz/Herd/livewirestore/vendor/laravel/framework/src/Illuminate/Pipeline/Pipeline.php(219): Illuminate\\Cookie\\Middleware\\AddQueuedCookiesToResponse->handle(Object(Illuminate\\Http\\Request), Object(Closure))
#47 /Users/andrescruz/Herd/livewirestore/vendor/laravel/framework/src/Illuminate/Cookie/Middleware/EncryptCookies.php(74): Illuminate\\Pipeline\\Pipeline->{closure:{closure:Illuminate\\Pipeline\\Pipeline::carry():194}:195}(Object(Illuminate\\Http\\Request))
#48 /Users/andrescruz/Herd/livewirestore/vendor/laravel/framework/src/Illuminate/Pipeline/Pipeline.php(219): Illuminate\\Cookie\\Middleware\\EncryptCookies->handle(Object(Illuminate\\Http\\Request), Object(Closure))
#49 /Users/andrescruz/Herd/livewirestore/vendor/laravel/framework/src/Illuminate/Pipeline/Pipeline.php(137): Illuminate\\Pipeline\\Pipeline->{closure:{closure:Illuminate\\Pipeline\\Pipeline::carry():194}:195}(Object(Illuminate\\Http\\Request))
#50 /Users/andrescruz/Herd/livewirestore/vendor/laravel/framework/src/Illuminate/Routing/Router.php(821): Illuminate\\Pipeline\\Pipeline->then(Object(Closure))
#51 /Users/andrescruz/Herd/livewirestore/vendor/laravel/framework/src/Illuminate/Routing/Router.php(800): Illuminate\\Routing\\Router->runRouteWithinStack(Object(Illuminate\\Routing\\Route), Object(Illuminate\\Http\\Request))
#52 /Users/andrescruz/Herd/livewirestore/vendor/laravel/framework/src/Illuminate/Routing/Router.php(764): Illuminate\\Routing\\Router->runRoute(Object(Illuminate\\Http\\Request), Object(Illuminate\\Routing\\Route))
#53 /Users/andrescruz/Herd/livewirestore/vendor/laravel/framework/src/Illuminate/Routing/Router.php(753): Illuminate\\Routing\\Router->dispatchToRoute(Object(Illuminate\\Http\\Request))
#54 /Users/andrescruz/Herd/livewirestore/vendor/laravel/framework/src/Illuminate/Foundation/Http/Kernel.php(200): Illuminate\\Routing\\Router->dispatch(Object(Illuminate\\Http\\Request))
#55 /Users/andrescruz/Herd/livewirestore/vendor/laravel/framework/src/Illuminate/Pipeline/Pipeline.php(180): Illuminate\\Foundation\\Http\\Kernel->{closure:Illuminate\\Foundation\\Http\\Kernel::dispatchToRouter():197}(Object(Illuminate\\Http\\Request))
#56 /Users/andrescruz/Herd/livewirestore/vendor/livewire/livewire/src/Features/SupportDisablingBackButtonCache/DisableBackButtonCacheMiddleware.php(19): Illuminate\\Pipeline\\Pipeline->{closure:Illuminate\\Pipeline\\Pipeline::prepareDestination():178}(Object(Illuminate\\Http\\Request))
#57 /Users/andrescruz/Herd/livewirestore/vendor/laravel/framework/src/Illuminate/Pipeline/Pipeline.php(219): Livewire\\Features\\SupportDisablingBackButtonCache\\DisableBackButtonCacheMiddleware->handle(Object(Illuminate\\Http\\Request), Object(Closure))
#58 /Users/andrescruz/Herd/livewirestore/vendor/laravel/framework/src/Illuminate/Foundation/Http/Middleware/TransformsRequest.php(21): Illuminate\\Pipeline\\Pipeline->{closure:{closure:Illuminate\\Pipeline\\Pipeline::carry():194}:195}(Object(Illuminate\\Http\\Request))
#59 /Users/andrescruz/Herd/livewirestore/vendor/laravel/framework/src/Illuminate/Foundation/Http/Middleware/ConvertEmptyStringsToNull.php(31): Illuminate\\Foundation\\Http\\Middleware\\TransformsRequest->handle(Object(Illuminate\\Http\\Request), Object(Closure))
#60 /Users/andrescruz/Herd/livewirestore/vendor/laravel/framework/src/Illuminate/Pipeline/Pipeline.php(219): Illuminate\\Foundation\\Http\\Middleware\\ConvertEmptyStringsToNull->handle(Object(Illuminate\\Http\\Request), Object(Closure))
#61 /Users/andrescruz/Herd/livewirestore/vendor/laravel/framework/src/Illuminate/Foundation/Http/Middleware/TransformsRequest.php(21): Illuminate\\Pipeline\\Pipeline->{closure:{closure:Illuminate\\Pipeline\\Pipeline::carry():194}:195}(Object(Illuminate\\Http\\Request))
#62 /Users/andrescruz/Herd/livewirestore/vendor/laravel/framework/src/Illuminate/Foundation/Http/Middleware/TrimStrings.php(51): Illuminate\\Foundation\\Http\\Middleware\\TransformsRequest->handle(Object(Illuminate\\Http\\Request), Object(Closure))
#63 /Users/andrescruz/Herd/livewirestore/vendor/laravel/framework/src/Illuminate/Pipeline/Pipeline.php(219): Illuminate\\Foundation\\Http\\Middleware\\TrimStrings->handle(Object(Illuminate\\Http\\Request), Object(Closure))
#64 /Users/andrescruz/Herd/livewirestore/vendor/laravel/framework/src/Illuminate/Http/Middleware/ValidatePostSize.php(27): Illuminate\\Pipeline\\Pipeline->{closure:{closure:Illuminate\\Pipeline\\Pipeline::carry():194}:195}(Object(Illuminate\\Http\\Request))
#65 /Users/andrescruz/Herd/livewirestore/vendor/laravel/framework/src/Illuminate/Pipeline/Pipeline.php(219): Illuminate\\Http\\Middleware\\ValidatePostSize->handle(Object(Illuminate\\Http\\Request), Object(Closure))
#66 /Users/andrescruz/Herd/livewirestore/vendor/laravel/framework/src/Illuminate/Foundation/Http/Middleware/PreventRequestsDuringMaintenance.php(109): Illuminate\\Pipeline\\Pipeline->{closure:{closure:Illuminate\\Pipeline\\Pipeline::carry():194}:195}(Object(Illuminate\\Http\\Request))
#67 /Users/andrescruz/Herd/livewirestore/vendor/laravel/framework/src/Illuminate/Pipeline/Pipeline.php(219): Illuminate\\Foundation\\Http\\Middleware\\PreventRequestsDuringMaintenance->handle(Object(Illuminate\\Http\\Request), Object(Closure))
#68 /Users/andrescruz/Herd/livewirestore/vendor/laravel/framework/src/Illuminate/Http/Middleware/HandleCors.php(61): Illuminate\\Pipeline\\Pipeline->{closure:{closure:Illuminate\\Pipeline\\Pipeline::carry():194}:195}(Object(Illuminate\\Http\\Request))
#69 /Users/andrescruz/Herd/livewirestore/vendor/laravel/framework/src/Illuminate/Pipeline/Pipeline.php(219): Illuminate\\Http\\Middleware\\HandleCors->handle(Object(Illuminate\\Http\\Request), Object(Closure))
#70 /Users/andrescruz/Herd/livewirestore/vendor/laravel/framework/src/Illuminate/Http/Middleware/TrustProxies.php(58): Illuminate\\Pipeline\\Pipeline->{closure:{closure:Illuminate\\Pipeline\\Pipeline::carry():194}:195}(Object(Illuminate\\Http\\Request))
#71 /Users/andrescruz/Herd/livewirestore/vendor/laravel/framework/src/Illuminate/Pipeline/Pipeline.php(219): Illuminate\\Http\\Middleware\\TrustProxies->handle(Object(Illuminate\\Http\\Request), Object(Closure))
#72 /Users/andrescruz/Herd/livewirestore/vendor/laravel/framework/src/Illuminate/Foundation/Http/Middleware/InvokeDeferredCallbacks.php(22): Illuminate\\Pipeline\\Pipeline->{closure:{closure:Illuminate\\Pipeline\\Pipeline::carry():194}:195}(Object(Illuminate\\Http\\Request))
#73 /Users/andrescruz/Herd/livewirestore/vendor/laravel/framework/src/Illuminate/Pipeline/Pipeline.php(219): Illuminate\\Foundation\\Http\\Middleware\\InvokeDeferredCallbacks->handle(Object(Illuminate\\Http\\Request), Object(Closure))
#74 /Users/andrescruz/Herd/livewirestore/vendor/laravel/framework/src/Illuminate/Http/Middleware/ValidatePathEncoding.php(28): Illuminate\\Pipeline\\Pipeline->{closure:{closure:Illuminate\\Pipeline\\Pipeline::carry():194}:195}(Object(Illuminate\\Http\\Request))
#75 /Users/andrescruz/Herd/livewirestore/vendor/laravel/framework/src/Illuminate/Pipeline/Pipeline.php(219): Illuminate\\Http\\Middleware\\ValidatePathEncoding->handle(Object(Illuminate\\Http\\Request), Object(Closure))
#76 /Users/andrescruz/Herd/livewirestore/vendor/laravel/framework/src/Illuminate/Pipeline/Pipeline.php(137): Illuminate\\Pipeline\\Pipeline->{closure:{closure:Illuminate\\Pipeline\\Pipeline::carry():194}:195}(Object(Illuminate\\Http\\Request))
#77 /Users/andrescruz/Herd/livewirestore/vendor/laravel/framework/src/Illuminate/Foundation/Http/Kernel.php(175): Illuminate\\Pipeline\\Pipeline->then(Object(Closure))
#78 /Users/andrescruz/Herd/livewirestore/vendor/laravel/framework/src/Illuminate/Foundation/Http/Kernel.php(144): Illuminate\\Foundation\\Http\\Kernel->sendRequestThroughRouter(Object(Illuminate\\Http\\Request))
#79 /Users/andrescruz/Herd/livewirestore/vendor/laravel/framework/src/Illuminate/Foundation/Application.php(1220): Illuminate\\Foundation\\Http\\Kernel->handle(Object(Illuminate\\Http\\Request))
#80 /Users/andrescruz/Herd/livewirestore/public/index.php(20): Illuminate\\Foundation\\Application->handleRequest(Object(Illuminate\\Http\\Request))
#81 /Applications/Herd.app/Contents/Resources/valet/server.php(167): require('/Users/andrescr...')
#82 {main}

[previous exception] [object] (Illuminate\\View\\ViewException(code: 0): Missing required parameter for [Route: dashboard] [URI: {current_team}/dashboard] [Missing parameter: current_team]. (View: /Users/andrescruz/Herd/livewirestore/resources/views/layouts/app/sidebar.blade.php) at /Users/andrescruz/Herd/livewirestore/vendor/laravel/framework/src/Illuminate/Routing/Exceptions/UrlGenerationException.php:35)
[stacktrace]
#0 /Users/andrescruz/Herd/livewirestore/vendor/livewire/livewire/src/Mechanisms/ExtendBlade/ExtendedCompilerEngine.php(58): Illuminate\\View\\Engines\\CompilerEngine->handleViewException(Object(Illuminate\\Routing\\Exceptions\\UrlGenerationException), 3)
#1 /Users/andrescruz/Herd/livewirestore/vendor/laravel/framework/src/Illuminate/View/Engines/PhpEngine.php(59): Livewire\\Mechanisms\\ExtendBlade\\ExtendedCompilerEngine->handleViewException(Object(Illuminate\\Routing\\Exceptions\\UrlGenerationException), 3)
#2 /Users/andrescruz/Herd/livewirestore/vendor/livewire/livewire/src/Mechanisms/ExtendBlade/ExtendedCompilerEngine.php(22): Illuminate\\View\\Engines\\PhpEngine->evaluatePath('/Users/andrescr...', Array)
#3 /Users/andrescruz/Herd/livewirestore/vendor/laravel/framework/src/Illuminate/View/Engines/CompilerEngine.php(76): Livewire\\Mechanisms\\ExtendBlade\\ExtendedCompilerEngine->evaluatePath('/Users/andrescr...', Array)
#4 /Users/andrescruz/Herd/livewirestore/vendor/livewire/livewire/src/Mechanisms/ExtendBlade/ExtendedCompilerEngine.php(10): Illuminate\\View\\Engines\\CompilerEngine->get('/Users/andrescr...', Array)
#5 /Users/andrescruz/Herd/livewirestore/vendor/laravel/framework/src/Illuminate/View/View.php(208): Livewire\\Mechanisms\\ExtendBlade\\ExtendedCompilerEngine->get('/Users/andrescr...', Array)
#6 /Users/andrescruz/Herd/livewirestore/vendor/laravel/framework/src/Illuminate/View/View.php(191): Illuminate\\View\\View->getContents()
#7 /Users/andrescruz/Herd/livewirestore/vendor/laravel/framework/src/Illuminate/View/View.php(160): Illuminate\\View\\View->renderContents()
#8 /Users/andrescruz/Herd/livewirestore/vendor/laravel/framework/src/Illuminate/View/Concerns/ManagesComponents.php(103): Illuminate\\View\\View->render()
#9 /Users/andrescruz/Herd/livewirestore/storage/framework/views/3648d0e5e1d7910bb6e40064c80ef1f2.php(45): Illuminate\\View\\Factory->renderComponent()
#10 /Users/andrescruz/Herd/livewirestore/vendor/laravel/framework/src/Illuminate/Filesystem/Filesystem.php(123): require('/Users/andrescr...')
#11 /Users/andrescruz/Herd/livewirestore/vendor/laravel/framework/src/Illuminate/Filesystem/Filesystem.php(124): Illuminate\\Filesystem\\Filesystem::{closure:Illuminate\\Filesystem\\Filesystem::getRequire():120}()
#12 /Users/andrescruz/Herd/livewirestore/vendor/laravel/framework/src/Illuminate/View/Engines/PhpEngine.php(57): Illuminate\\Filesystem\\Filesystem->getRequire('/Users/andrescr...', Array)
#13 /Users/andrescruz/Herd/livewirestore/vendor/livewire/livewire/src/Mechanisms/ExtendBlade/ExtendedCompilerEngine.php(22): Illuminate\\View\\Engines\\PhpEngine->evaluatePath('/Users/andrescr...', Array)
#14 /Users/andrescruz/Herd/livewirestore/vendor/laravel/framework/src/Illuminate/View/Engines/CompilerEngine.php(76): Livewire\\Mechanisms\\ExtendBlade\\ExtendedCompilerEngine->evaluatePath('/Users/andrescr...', Array)
#15 /Users/andrescruz/Herd/livewirestore/vendor/livewire/livewire/src/Mechanisms/ExtendBlade/ExtendedCompilerEngine.php(10): Illuminate\\View\\Engines\\CompilerEngine->get('/Users/andrescr...', Array)
#16 /Users/andrescruz/Herd/livewirestore/vendor/laravel/framework/src/Illuminate/View/View.php(208): Livewire\\Mechanisms\\ExtendBlade\\ExtendedCompilerEngine->get('/Users/andrescr...', Array)
#17 /Users/andrescruz/Herd/livewirestore/vendor/laravel/framework/src/Illuminate/View/View.php(191): Illuminate\\View\\View->getContents()
#18 /Users/andrescruz/Herd/livewirestore/vendor/laravel/framework/src/Illuminate/View/View.php(160): Illuminate\\View\\View->renderContents()
#19 /Users/andrescruz/Herd/livewirestore/vendor/laravel/framework/src/Illuminate/View/Concerns/ManagesComponents.php(103): Illuminate\\View\\View->render()
#20 /Users/andrescruz/Herd/livewirestore/storage/framework/views/290854be5454abd59f9491fe16e0fcbe.php(17): Illuminate\\View\\Factory->renderComponent()
#21 /Users/andrescruz/Herd/livewirestore/vendor/laravel/framework/src/Illuminate/Filesystem/Filesystem.php(123): require('/Users/andrescr...')
#22 /Users/andrescruz/Herd/livewirestore/vendor/laravel/framework/src/Illuminate/Filesystem/Filesystem.php(124): Illuminate\\Filesystem\\Filesystem::{closure:Illuminate\\Filesystem\\Filesystem::getRequire():120}()
#23 /Users/andrescruz/Herd/livewirestore/vendor/laravel/framework/src/Illuminate/View/Engines/PhpEngine.php(57): Illuminate\\Filesystem\\Filesystem->getRequire('/Users/andrescr...', Array)
#24 /Users/andrescruz/Herd/livewirestore/vendor/livewire/livewire/src/Mechanisms/ExtendBlade/ExtendedCompilerEngine.php(22): Illuminate\\View\\Engines\\PhpEngine->evaluatePath('/Users/andrescr...', Array)
#25 /Users/andrescruz/Herd/livewirestore/vendor/laravel/framework/src/Illuminate/View/Engines/CompilerEngine.php(76): Livewire\\Mechanisms\\ExtendBlade\\ExtendedCompilerEngine->evaluatePath('/Users/andrescr...', Array)
#26 /Users/andrescruz/Herd/livewirestore/vendor/livewire/livewire/src/Mechanisms/ExtendBlade/ExtendedCompilerEngine.php(10): Illuminate\\View\\Engines\\CompilerEngine->get('/Users/andrescr...', Array)
#27 /Users/andrescruz/Herd/livewirestore/vendor/laravel/framework/src/Illuminate/View/View.php(208): Livewire\\Mechanisms\\ExtendBlade\\ExtendedCompilerEngine->get('/Users/andrescr...', Array)
#28 /Users/andrescruz/Herd/livewirestore/vendor/laravel/framework/src/Illuminate/View/View.php(191): Illuminate\\View\\View->getContents()
#29 /Users/andrescruz/Herd/livewirestore/vendor/laravel/framework/src/Illuminate/View/View.php(160): Illuminate\\View\\View->renderContents()
#30 /Users/andrescruz/Herd/livewirestore/vendor/laravel/framework/src/Illuminate/View/Compilers/BladeCompiler.php(353): Illuminate\\View\\View->render()
#31 /Users/andrescruz/Herd/livewirestore/vendor/laravel/framework/src/Illuminate/Support/Facades/Facade.php(363): Illuminate\\View\\Compilers\\BladeCompiler::render('    <?php $layo...', Array)
#32 /Users/andrescruz/Herd/livewirestore/vendor/livewire/livewire/src/Features/SupportPageComponents/SupportPageComponents.php(162): Illuminate\\Support\\Facades\\Facade::__callStatic('render', Array)
#33 /Users/andrescruz/Herd/livewirestore/vendor/livewire/livewire/src/Features/SupportPageComponents/HandlesPageComponents.php(26): Livewire\\Features\\SupportPageComponents\\SupportPageComponents::renderContentsIntoLayout('<div wire:snaps...', Object(Livewire\\Features\\SupportPageComponents\\PageComponentConfig))
#34 /Users/andrescruz/Herd/livewirestore/vendor/laravel/framework/src/Illuminate/Container/BoundMethod.php(36): Livewire\\Component->__invoke()
#35 /Users/andrescruz/Herd/livewirestore/vendor/laravel/framework/src/Illuminate/Container/Util.php(43): Illuminate\\Container\\BoundMethod::{closure:Illuminate\\Container\\BoundMethod::call():35}()
#36 /Users/andrescruz/Herd/livewirestore/vendor/laravel/framework/src/Illuminate/Container/BoundMethod.php(96): Illuminate\\Container\\Util::unwrapIfClosure(Object(Closure))
#37 /Users/andrescruz/Herd/livewirestore/vendor/laravel/framework/src/Illuminate/Container/BoundMethod.php(35): Illuminate\\Container\\BoundMethod::callBoundMethod(Object(Illuminate\\Foundation\\Application), Array, Object(Closure))
#38 /Users/andrescruz/Herd/livewirestore/vendor/laravel/framework/src/Illuminate/Container/Container.php(799): Illuminate\\Container\\BoundMethod::call(Object(Illuminate\\Foundation\\Application), Array, Array, NULL)
#39 /Users/andrescruz/Herd/livewirestore/vendor/livewire/livewire/src/Mechanisms/HandleRouting/LivewirePageController.php(15): Illuminate\\Container\\Container->call(Array)
#40 /Users/andrescruz/Herd/livewirestore/vendor/laravel/framework/src/Illuminate/Routing/ControllerDispatcher.php(46): Livewire\\Mechanisms\\HandleRouting\\LivewirePageController->__invoke()
#41 /Users/andrescruz/Herd/livewirestore/vendor/laravel/framework/src/Illuminate/Routing/Route.php(269): Illuminate\\Routing\\ControllerDispatcher->dispatch(Object(Illuminate\\Routing\\Route), Object(Livewire\\Mechanisms\\HandleRouting\\LivewirePageController), '__invoke')
#42 /Users/andrescruz/Herd/livewirestore/vendor/laravel/framework/src/Illuminate/Routing/Route.php(215): Illuminate\\Routing\\Route->runController()
#43 /Users/andrescruz/Herd/livewirestore/vendor/laravel/framework/src/Illuminate/Routing/Router.php(822): Illuminate\\Routing\\Route->run()
#44 /Users/andrescruz/Herd/livewirestore/vendor/laravel/framework/src/Illuminate/Pipeline/Pipeline.php(180): Illuminate\\Routing\\Router->{closure:Illuminate\\Routing\\Router::runRouteWithinStack():821}(Object(Illuminate\\Http\\Request))
#45 /Users/andrescruz/Herd/livewirestore/app/Http/Middleware/SetTeamUrlDefaults.php(26): Illuminate\\Pipeline\\Pipeline->{closure:Illuminate\\Pipeline\\Pipeline::prepareDestination():178}(Object(Illuminate\\Http\\Request))
#46 /Users/andrescruz/Herd/livewirestore/vendor/laravel/framework/src/Illuminate/Pipeline/Pipeline.php(219): App\\Http\\Middleware\\SetTeamUrlDefaults->handle(Object(Illuminate\\Http\\Request), Object(Closure))
#47 /Users/andrescruz/Herd/livewirestore/vendor/laravel/framework/src/Illuminate/Routing/Middleware/SubstituteBindings.php(52): Illuminate\\Pipeline\\Pipeline->{closure:{closure:Illuminate\\Pipeline\\Pipeline::carry():194}:195}(Object(Illuminate\\Http\\Request))
#48 /Users/andrescruz/Herd/livewirestore/vendor/laravel/framework/src/Illuminate/Pipeline/Pipeline.php(219): Illuminate\\Routing\\Middleware\\SubstituteBindings->handle(Object(Illuminate\\Http\\Request), Object(Closure))
#49 /Users/andrescruz/Herd/livewirestore/vendor/laravel/framework/src/Illuminate/Foundation/Http/Middleware/PreventRequestForgery.php(104): Illuminate\\Pipeline\\Pipeline->{closure:{closure:Illuminate\\Pipeline\\Pipeline::carry():194}:195}(Object(Illuminate\\Http\\Request))
#50 /Users/andrescruz/Herd/livewirestore/vendor/laravel/framework/src/Illuminate/Pipeline/Pipeline.php(219): Illuminate\\Foundation\\Http\\Middleware\\PreventRequestForgery->handle(Object(Illuminate\\Http\\Request), Object(Closure))
#51 /Users/andrescruz/Herd/livewirestore/vendor/laravel/framework/src/Illuminate/View/Middleware/ShareErrorsFromSession.php(48): Illuminate\\Pipeline\\Pipeline->{closure:{closure:Illuminate\\Pipeline\\Pipeline::carry():194}:195}(Object(Illuminate\\Http\\Request))
#52 /Users/andrescruz/Herd/livewirestore/vendor/laravel/framework/src/Illuminate/Pipeline/Pipeline.php(219): Illuminate\\View\\Middleware\\ShareErrorsFromSession->handle(Object(Illuminate\\Http\\Request), Object(Closure))
#53 /Users/andrescruz/Herd/livewirestore/vendor/laravel/framework/src/Illuminate/Session/Middleware/StartSession.php(120): Illuminate\\Pipeline\\Pipeline->{closure:{closure:Illuminate\\Pipeline\\Pipeline::carry():194}:195}(Object(Illuminate\\Http\\Request))
#54 /Users/andrescruz/Herd/livewirestore/vendor/laravel/framework/src/Illuminate/Session/Middleware/StartSession.php(63): Illuminate\\Session\\Middleware\\StartSession->handleStatefulRequest(Object(Illuminate\\Http\\Request), Object(Illuminate\\Session\\Store), Object(Closure))
#55 /Users/andrescruz/Herd/livewirestore/vendor/laravel/framework/src/Illuminate/Pipeline/Pipeline.php(219): Illuminate\\Session\\Middleware\\StartSession->handle(Object(Illuminate\\Http\\Request), Object(Closure))
#56 /Users/andrescruz/Herd/livewirestore/vendor/laravel/framework/src/Illuminate/Cookie/Middleware/AddQueuedCookiesToResponse.php(36): Illuminate\\Pipeline\\Pipeline->{closure:{closure:Illuminate\\Pipeline\\Pipeline::carry():194}:195}(Object(Illuminate\\Http\\Request))
#57 /Users/andrescruz/Herd/livewirestore/vendor/laravel/framework/src/Illuminate/Pipeline/Pipeline.php(219): Illuminate\\Cookie\\Middleware\\AddQueuedCookiesToResponse->handle(Object(Illuminate\\Http\\Request), Object(Closure))
#58 /Users/andrescruz/Herd/livewirestore/vendor/laravel/framework/src/Illuminate/Cookie/Middleware/EncryptCookies.php(74): Illuminate\\Pipeline\\Pipeline->{closure:{closure:Illuminate\\Pipeline\\Pipeline::carry():194}:195}(Object(Illuminate\\Http\\Request))
#59 /Users/andrescruz/Herd/livewirestore/vendor/laravel/framework/src/Illuminate/Pipeline/Pipeline.php(219): Illuminate\\Cookie\\Middleware\\EncryptCookies->handle(Object(Illuminate\\Http\\Request), Object(Closure))
#60 /Users/andrescruz/Herd/livewirestore/vendor/laravel/framework/src/Illuminate/Pipeline/Pipeline.php(137): Illuminate\\Pipeline\\Pipeline->{closure:{closure:Illuminate\\Pipeline\\Pipeline::carry():194}:195}(Object(Illuminate\\Http\\Request))
#61 /Users/andrescruz/Herd/livewirestore/vendor/laravel/framework/src/Illuminate/Routing/Router.php(821): Illuminate\\Pipeline\\Pipeline->then(Object(Closure))
#62 /Users/andrescruz/Herd/livewirestore/vendor/laravel/framework/src/Illuminate/Routing/Router.php(800): Illuminate\\Routing\\Router->runRouteWithinStack(Object(Illuminate\\Routing\\Route), Object(Illuminate\\Http\\Request))
#63 /Users/andrescruz/Herd/livewirestore/vendor/laravel/framework/src/Illuminate/Routing/Router.php(764): Illuminate\\Routing\\Router->runRoute(Object(Illuminate\\Http\\Request), Object(Illuminate\\Routing\\Route))
#64 /Users/andrescruz/Herd/livewirestore/vendor/laravel/framework/src/Illuminate/Routing/Router.php(753): Illuminate\\Routing\\Router->dispatchToRoute(Object(Illuminate\\Http\\Request))
#65 /Users/andrescruz/Herd/livewirestore/vendor/laravel/framework/src/Illuminate/Foundation/Http/Kernel.php(200): Illuminate\\Routing\\Router->dispatch(Object(Illuminate\\Http\\Request))
#66 /Users/andrescruz/Herd/livewirestore/vendor/laravel/framework/src/Illuminate/Pipeline/Pipeline.php(180): Illuminate\\Foundation\\Http\\Kernel->{closure:Illuminate\\Foundation\\Http\\Kernel::dispatchToRouter():197}(Object(Illuminate\\Http\\Request))
#67 /Users/andrescruz/Herd/livewirestore/vendor/livewire/livewire/src/Features/SupportDisablingBackButtonCache/DisableBackButtonCacheMiddleware.php(19): Illuminate\\Pipeline\\Pipeline->{closure:Illuminate\\Pipeline\\Pipeline::prepareDestination():178}(Object(Illuminate\\Http\\Request))
#68 /Users/andrescruz/Herd/livewirestore/vendor/laravel/framework/src/Illuminate/Pipeline/Pipeline.php(219): Livewire\\Features\\SupportDisablingBackButtonCache\\DisableBackButtonCacheMiddleware->handle(Object(Illuminate\\Http\\Request), Object(Closure))
#69 /Users/andrescruz/Herd/livewirestore/vendor/laravel/framework/src/Illuminate/Foundation/Http/Middleware/TransformsRequest.php(21): Illuminate\\Pipeline\\Pipeline->{closure:{closure:Illuminate\\Pipeline\\Pipeline::carry():194}:195}(Object(Illuminate\\Http\\Request))
#70 /Users/andrescruz/Herd/livewirestore/vendor/laravel/framework/src/Illuminate/Foundation/Http/Middleware/ConvertEmptyStringsToNull.php(31): Illuminate\\Foundation\\Http\\Middleware\\TransformsRequest->handle(Object(Illuminate\\Http\\Request), Object(Closure))
#71 /Users/andrescruz/Herd/livewirestore/vendor/laravel/framework/src/Illuminate/Pipeline/Pipeline.php(219): Illuminate\\Foundation\\Http\\Middleware\\ConvertEmptyStringsToNull->handle(Object(Illuminate\\Http\\Request), Object(Closure))
#72 /Users/andrescruz/Herd/livewirestore/vendor/laravel/framework/src/Illuminate/Foundation/Http/Middleware/TransformsRequest.php(21): Illuminate\\Pipeline\\Pipeline->{closure:{closure:Illuminate\\Pipeline\\Pipeline::carry():194}:195}(Object(Illuminate\\Http\\Request))
#73 /Users/andrescruz/Herd/livewirestore/vendor/laravel/framework/src/Illuminate/Foundation/Http/Middleware/TrimStrings.php(51): Illuminate\\Foundation\\Http\\Middleware\\TransformsRequest->handle(Object(Illuminate\\Http\\Request), Object(Closure))
#74 /Users/andrescruz/Herd/livewirestore/vendor/laravel/framework/src/Illuminate/Pipeline/Pipeline.php(219): Illuminate\\Foundation\\Http\\Middleware\\TrimStrings->handle(Object(Illuminate\\Http\\Request), Object(Closure))
#75 /Users/andrescruz/Herd/livewirestore/vendor/laravel/framework/src/Illuminate/Http/Middleware/ValidatePostSize.php(27): Illuminate\\Pipeline\\Pipeline->{closure:{closure:Illuminate\\Pipeline\\Pipeline::carry():194}:195}(Object(Illuminate\\Http\\Request))
#76 /Users/andrescruz/Herd/livewirestore/vendor/laravel/framework/src/Illuminate/Pipeline/Pipeline.php(219): Illuminate\\Http\\Middleware\\ValidatePostSize->handle(Object(Illuminate\\Http\\Request), Object(Closure))
#77 /Users/andrescruz/Herd/livewirestore/vendor/laravel/framework/src/Illuminate/Foundation/Http/Middleware/PreventRequestsDuringMaintenance.php(109): Illuminate\\Pipeline\\Pipeline->{closure:{closure:Illuminate\\Pipeline\\Pipeline::carry():194}:195}(Object(Illuminate\\Http\\Request))
#78 /Users/andrescruz/Herd/livewirestore/vendor/laravel/framework/src/Illuminate/Pipeline/Pipeline.php(219): Illuminate\\Foundation\\Http\\Middleware\\PreventRequestsDuringMaintenance->handle(Object(Illuminate\\Http\\Request), Object(Closure))
#79 /Users/andrescruz/Herd/livewirestore/vendor/laravel/framework/src/Illuminate/Http/Middleware/HandleCors.php(61): Illuminate\\Pipeline\\Pipeline->{closure:{closure:Illuminate\\Pipeline\\Pipeline::carry():194}:195}(Object(Illuminate\\Http\\Request))
#80 /Users/andrescruz/Herd/livewirestore/vendor/laravel/framework/src/Illuminate/Pipeline/Pipeline.php(219): Illuminate\\Http\\Middleware\\HandleCors->handle(Object(Illuminate\\Http\\Request), Object(Closure))
#81 /Users/andrescruz/Herd/livewirestore/vendor/laravel/framework/src/Illuminate/Http/Middleware/TrustProxies.php(58): Illuminate\\Pipeline\\Pipeline->{closure:{closure:Illuminate\\Pipeline\\Pipeline::carry():194}:195}(Object(Illuminate\\Http\\Request))
#82 /Users/andrescruz/Herd/livewirestore/vendor/laravel/framework/src/Illuminate/Pipeline/Pipeline.php(219): Illuminate\\Http\\Middleware\\TrustProxies->handle(Object(Illuminate\\Http\\Request), Object(Closure))
#83 /Users/andrescruz/Herd/livewirestore/vendor/laravel/framework/src/Illuminate/Foundation/Http/Middleware/InvokeDeferredCallbacks.php(22): Illuminate\\Pipeline\\Pipeline->{closure:{closure:Illuminate\\Pipeline\\Pipeline::carry():194}:195}(Object(Illuminate\\Http\\Request))
#84 /Users/andrescruz/Herd/livewirestore/vendor/laravel/framework/src/Illuminate/Pipeline/Pipeline.php(219): Illuminate\\Foundation\\Http\\Middleware\\InvokeDeferredCallbacks->handle(Object(Illuminate\\Http\\Request), Object(Closure))
#85 /Users/andrescruz/Herd/livewirestore/vendor/laravel/framework/src/Illuminate/Http/Middleware/ValidatePathEncoding.php(28): Illuminate\\Pipeline\\Pipeline->{closure:{closure:Illuminate\\Pipeline\\Pipeline::carry():194}:195}(Object(Illuminate\\Http\\Request))
#86 /Users/andrescruz/Herd/livewirestore/vendor/laravel/framework/src/Illuminate/Pipeline/Pipeline.php(219): Illuminate\\Http\\Middleware\\ValidatePathEncoding->handle(Object(Illuminate\\Http\\Request), Object(Closure))
#87 /Users/andrescruz/Herd/livewirestore/vendor/laravel/framework/src/Illuminate/Pipeline/Pipeline.php(137): Illuminate\\Pipeline\\Pipeline->{closure:{closure:Illuminate\\Pipeline\\Pipeline::carry():194}:195}(Object(Illuminate\\Http\\Request))
#88 /Users/andrescruz/Herd/livewirestore/vendor/laravel/framework/src/Illuminate/Foundation/Http/Kernel.php(175): Illuminate\\Pipeline\\Pipeline->then(Object(Closure))
#89 /Users/andrescruz/Herd/livewirestore/vendor/laravel/framework/src/Illuminate/Foundation/Http/Kernel.php(144): Illuminate\\Foundation\\Http\\Kernel->sendRequestThroughRouter(Object(Illuminate\\Http\\Request))
#90 /Users/andrescruz/Herd/livewirestore/vendor/laravel/framework/src/Illuminate/Foundation/Application.php(1220): Illuminate\\Foundation\\Http\\Kernel->handle(Object(Illuminate\\Http\\Request))
#91 /Users/andrescruz/Herd/livewirestore/public/index.php(20): Illuminate\\Foundation\\Application->handleRequest(Object(Illuminate\\Http\\Request))
#92 /Applications/Herd.app/Contents/Resources/valet/server.php(167): require('/Users/andrescr...')
#93 {main}

[previous exception] [object] (Illuminate\\Routing\\Exceptions\\UrlGenerationException(code: 0): Missing required parameter for [Route: dashboard] [URI: {current_team}/dashboard] [Missing parameter: current_team]. at /Users/andrescruz/Herd/livewirestore/vendor/laravel/framework/src/Illuminate/Routing/Exceptions/UrlGenerationException.php:35)
[stacktrace]
#0 /Users/andrescruz/Herd/livewirestore/vendor/laravel/framework/src/Illuminate/Routing/RouteUrlGenerator.php(94): Illuminate\\Routing\\Exceptions\\UrlGenerationException::forMissingParameters(Object(Illuminate\\Routing\\Route), Array)
#1 /Users/andrescruz/Herd/livewirestore/vendor/laravel/framework/src/Illuminate/Routing/UrlGenerator.php(551): Illuminate\\Routing\\RouteUrlGenerator->to(Object(Illuminate\\Routing\\Route), Array, true)
#2 /Users/andrescruz/Herd/livewirestore/vendor/laravel/framework/src/Illuminate/Routing/UrlGenerator.php(528): Illuminate\\Routing\\UrlGenerator->toRoute(Object(Illuminate\\Routing\\Route), Array, true)
#3 /Users/andrescruz/Herd/livewirestore/vendor/laravel/framework/src/Illuminate/Foundation/helpers.php(870): Illuminate\\Routing\\UrlGenerator->route('dashboard', Array, true)
#4 /Users/andrescruz/Herd/livewirestore/storage/framework/views/fea6a347c7959fc50e3d3c024f9349fc.php(35): route('dashboard')
#5 /Users/andrescruz/Herd/livewirestore/vendor/laravel/framework/src/Illuminate/Filesystem/Filesystem.php(123): require('/Users/andrescr...')
#6 /Users/andrescruz/Herd/livewirestore/vendor/laravel/framework/src/Illuminate/Filesystem/Filesystem.php(124): Illuminate\\Filesystem\\Filesystem::{closure:Illuminate\\Filesystem\\Filesystem::getRequire():120}()
#7 /Users/andrescruz/Herd/livewirestore/vendor/laravel/framework/src/Illuminate/View/Engines/PhpEngine.php(57): Illuminate\\Filesystem\\Filesystem->getRequire('/Users/andrescr...', Array)
#8 /Users/andrescruz/Herd/livewirestore/vendor/livewire/livewire/src/Mechanisms/ExtendBlade/ExtendedCompilerEngine.php(22): Illuminate\\View\\Engines\\PhpEngine->evaluatePath('/Users/andrescr...', Array)
#9 /Users/andrescruz/Herd/livewirestore/vendor/laravel/framework/src/Illuminate/View/Engines/CompilerEngine.php(76): Livewire\\Mechanisms\\ExtendBlade\\ExtendedCompilerEngine->evaluatePath('/Users/andrescr...', Array)
#10 /Users/andrescruz/Herd/livewirestore/vendor/livewire/livewire/src/Mechanisms/ExtendBlade/ExtendedCompilerEngine.php(10): Illuminate\\View\\Engines\\CompilerEngine->get('/Users/andrescr...', Array)
#11 /Users/andrescruz/Herd/livewirestore/vendor/laravel/framework/src/Illuminate/View/View.php(208): Livewire\\Mechanisms\\ExtendBlade\\ExtendedCompilerEngine->get('/Users/andrescr...', Array)
#12 /Users/andrescruz/Herd/livewirestore/vendor/laravel/framework/src/Illuminate/View/View.php(191): Illuminate\\View\\View->getContents()
#13 /Users/andrescruz/Herd/livewirestore/vendor/laravel/framework/src/Illuminate/View/View.php(160): Illuminate\\View\\View->renderContents()
#14 /Users/andrescruz/Herd/livewirestore/vendor/laravel/framework/src/Illuminate/View/Concerns/ManagesComponents.php(103): Illuminate\\View\\View->render()
#15 /Users/andrescruz/Herd/livewirestore/storage/framework/views/3648d0e5e1d7910bb6e40064c80ef1f2.php(45): Illuminate\\View\\Factory->renderComponent()
#16 /Users/andrescruz/Herd/livewirestore/vendor/laravel/framework/src/Illuminate/Filesystem/Filesystem.php(123): require('/Users/andrescr...')
#17 /Users/andrescruz/Herd/livewirestore/vendor/laravel/framework/src/Illuminate/Filesystem/Filesystem.php(124): Illuminate\\Filesystem\\Filesystem::{closure:Illuminate\\Filesystem\\Filesystem::getRequire():120}()
#18 /Users/andrescruz/Herd/livewirestore/vendor/laravel/framework/src/Illuminate/View/Engines/PhpEngine.php(57): Illuminate\\Filesystem\\Filesystem->getRequire('/Users/andrescr...', Array)
#19 /Users/andrescruz/Herd/livewirestore/vendor/livewire/livewire/src/Mechanisms/ExtendBlade/ExtendedCompilerEngine.php(22): Illuminate\\View\\Engines\\PhpEngine->evaluatePath('/Users/andrescr...', Array)
#20 /Users/andrescruz/Herd/livewirestore/vendor/laravel/framework/src/Illuminate/View/Engines/CompilerEngine.php(76): Livewire\\Mechanisms\\ExtendBlade\\ExtendedCompilerEngine->evaluatePath('/Users/andrescr...', Array)
#21 /Users/andrescruz/Herd/livewirestore/vendor/livewire/livewire/src/Mechanisms/ExtendBlade/ExtendedCompilerEngine.php(10): Illuminate\\View\\Engines\\CompilerEngine->get('/Users/andrescr...', Array)
#22 /Users/andrescruz/Herd/livewirestore/vendor/laravel/framework/src/Illuminate/View/View.php(208): Livewire\\Mechanisms\\ExtendBlade\\ExtendedCompilerEngine->get('/Users/andrescr...', Array)
#23 /Users/andrescruz/Herd/livewirestore/vendor/laravel/framework/src/Illuminate/View/View.php(191): Illuminate\\View\\View->getContents()
#24 /Users/andrescruz/Herd/livewirestore/vendor/laravel/framework/src/Illuminate/View/View.php(160): Illuminate\\View\\View->renderContents()
#25 /Users/andrescruz/Herd/livewirestore/vendor/laravel/framework/src/Illuminate/View/Concerns/ManagesComponents.php(103): Illuminate\\View\\View->render()
#26 /Users/andrescruz/Herd/livewirestore/storage/framework/views/290854be5454abd59f9491fe16e0fcbe.php(17): Illuminate\\View\\Factory->renderComponent()
#27 /Users/andrescruz/Herd/livewirestore/vendor/laravel/framework/src/Illuminate/Filesystem/Filesystem.php(123): require('/Users/andrescr...')
#28 /Users/andrescruz/Herd/livewirestore/vendor/laravel/framework/src/Illuminate/Filesystem/Filesystem.php(124): Illuminate\\Filesystem\\Filesystem::{closure:Illuminate\\Filesystem\\Filesystem::getRequire():120}()
#29 /Users/andrescruz/Herd/livewirestore/vendor/laravel/framework/src/Illuminate/View/Engines/PhpEngine.php(57): Illuminate\\Filesystem\\Filesystem->getRequire('/Users/andrescr...', Array)
#30 /Users/andrescruz/Herd/livewirestore/vendor/livewire/livewire/src/Mechanisms/ExtendBlade/ExtendedCompilerEngine.php(22): Illuminate\\View\\Engines\\PhpEngine->evaluatePath('/Users/andrescr...', Array)
#31 /Users/andrescruz/Herd/livewirestore/vendor/laravel/framework/src/Illuminate/View/Engines/CompilerEngine.php(76): Livewire\\Mechanisms\\ExtendBlade\\ExtendedCompilerEngine->evaluatePath('/Users/andrescr...', Array)
#32 /Users/andrescruz/Herd/livewirestore/vendor/livewire/livewire/src/Mechanisms/ExtendBlade/ExtendedCompilerEngine.php(10): Illuminate\\View\\Engines\\CompilerEngine->get('/Users/andrescr...', Array)
#33 /Users/andrescruz/Herd/livewirestore/vendor/laravel/framework/src/Illuminate/View/View.php(208): Livewire\\Mechanisms\\ExtendBlade\\ExtendedCompilerEngine->get('/Users/andrescr...', Array)
#34 /Users/andrescruz/Herd/livewirestore/vendor/laravel/framework/src/Illuminate/View/View.php(191): Illuminate\\View\\View->getContents()
#35 /Users/andrescruz/Herd/livewirestore/vendor/laravel/framework/src/Illuminate/View/View.php(160): Illuminate\\View\\View->renderContents()
#36 /Users/andrescruz/Herd/livewirestore/vendor/laravel/framework/src/Illuminate/View/Compilers/BladeCompiler.php(353): Illuminate\\View\\View->render()
#37 /Users/andrescruz/Herd/livewirestore/vendor/laravel/framework/src/Illuminate/Support/Facades/Facade.php(363): Illuminate\\View\\Compilers\\BladeCompiler::render('    <?php $layo...', Array)
#38 /Users/andrescruz/Herd/livewirestore/vendor/livewire/livewire/src/Features/SupportPageComponents/SupportPageComponents.php(162): Illuminate\\Support\\Facades\\Facade::__callStatic('render', Array)
#39 /Users/andrescruz/Herd/livewirestore/vendor/livewire/livewire/src/Features/SupportPageComponents/HandlesPageComponents.php(26): Livewire\\Features\\SupportPageComponents\\SupportPageComponents::renderContentsIntoLayout('<div wire:snaps...', Object(Livewire\\Features\\SupportPageComponents\\PageComponentConfig))
#40 /Users/andrescruz/Herd/livewirestore/vendor/laravel/framework/src/Illuminate/Container/BoundMethod.php(36): Livewire\\Component->__invoke()
#41 /Users/andrescruz/Herd/livewirestore/vendor/laravel/framework/src/Illuminate/Container/Util.php(43): Illuminate\\Container\\BoundMethod::{closure:Illuminate\\Container\\BoundMethod::call():35}()
#42 /Users/andrescruz/Herd/livewirestore/vendor/laravel/framework/src/Illuminate/Container/BoundMethod.php(96): Illuminate\\Container\\Util::unwrapIfClosure(Object(Closure))
#43 /Users/andrescruz/Herd/livewirestore/vendor/laravel/framework/src/Illuminate/Container/BoundMethod.php(35): Illuminate\\Container\\BoundMethod::callBoundMethod(Object(Illuminate\\Foundation\\Application), Array, Object(Closure))
#44 /Users/andrescruz/Herd/livewirestore/vendor/laravel/framework/src/Illuminate/Container/Container.php(799): Illuminate\\Container\\BoundMethod::call(Object(Illuminate\\Foundation\\Application), Array, Array, NULL)
#45 /Users/andrescruz/Herd/livewirestore/vendor/livewire/livewire/src/Mechanisms/HandleRouting/LivewirePageController.php(15): Illuminate\\Container\\Container->call(Array)
#46 /Users/andrescruz/Herd/livewirestore/vendor/laravel/framework/src/Illuminate/Routing/ControllerDispatcher.php(46): Livewire\\Mechanisms\\HandleRouting\\LivewirePageController->__invoke()
#47 /Users/andrescruz/Herd/livewirestore/vendor/laravel/framework/src/Illuminate/Routing/Route.php(269): Illuminate\\Routing\\ControllerDispatcher->dispatch(Object(Illuminate\\Routing\\Route), Object(Livewire\\Mechanisms\\HandleRouting\\LivewirePageController), '__invoke')
#48 /Users/andrescruz/Herd/livewirestore/vendor/laravel/framework/src/Illuminate/Routing/Route.php(215): Illuminate\\Routing\\Route->runController()
#49 /Users/andrescruz/Herd/livewirestore/vendor/laravel/framework/src/Illuminate/Routing/Router.php(822): Illuminate\\Routing\\Route->run()
#50 /Users/andrescruz/Herd/livewirestore/vendor/laravel/framework/src/Illuminate/Pipeline/Pipeline.php(180): Illuminate\\Routing\\Router->{closure:Illuminate\\Routing\\Router::runRouteWithinStack():821}(Object(Illuminate\\Http\\Request))
#51 /Users/andrescruz/Herd/livewirestore/app/Http/Middleware/SetTeamUrlDefaults.php(26): Illuminate\\Pipeline\\Pipeline->{closure:Illuminate\\Pipeline\\Pipeline::prepareDestination():178}(Object(Illuminate\\Http\\Request))
#52 /Users/andrescruz/Herd/livewirestore/vendor/laravel/framework/src/Illuminate/Pipeline/Pipeline.php(219): App\\Http\\Middleware\\SetTeamUrlDefaults->handle(Object(Illuminate\\Http\\Request), Object(Closure))
#53 /Users/andrescruz/Herd/livewirestore/vendor/laravel/framework/src/Illuminate/Routing/Middleware/SubstituteBindings.php(52): Illuminate\\Pipeline\\Pipeline->{closure:{closure:Illuminate\\Pipeline\\Pipeline::carry():194}:195}(Object(Illuminate\\Http\\Request))
#54 /Users/andrescruz/Herd/livewirestore/vendor/laravel/framework/src/Illuminate/Pipeline/Pipeline.php(219): Illuminate\\Routing\\Middleware\\SubstituteBindings->handle(Object(Illuminate\\Http\\Request), Object(Closure))
#55 /Users/andrescruz/Herd/livewirestore/vendor/laravel/framework/src/Illuminate/Foundation/Http/Middleware/PreventRequestForgery.php(104): Illuminate\\Pipeline\\Pipeline->{closure:{closure:Illuminate\\Pipeline\\Pipeline::carry():194}:195}(Object(Illuminate\\Http\\Request))
#56 /Users/andrescruz/Herd/livewirestore/vendor/laravel/framework/src/Illuminate/Pipeline/Pipeline.php(219): Illuminate\\Foundation\\Http\\Middleware\\PreventRequestForgery->handle(Object(Illuminate\\Http\\Request), Object(Closure))
#57 /Users/andrescruz/Herd/livewirestore/vendor/laravel/framework/src/Illuminate/View/Middleware/ShareErrorsFromSession.php(48): Illuminate\\Pipeline\\Pipeline->{closure:{closure:Illuminate\\Pipeline\\Pipeline::carry():194}:195}(Object(Illuminate\\Http\\Request))
#58 /Users/andrescruz/Herd/livewirestore/vendor/laravel/framework/src/Illuminate/Pipeline/Pipeline.php(219): Illuminate\\View\\Middleware\\ShareErrorsFromSession->handle(Object(Illuminate\\Http\\Request), Object(Closure))
#59 /Users/andrescruz/Herd/livewirestore/vendor/laravel/framework/src/Illuminate/Session/Middleware/StartSession.php(120): Illuminate\\Pipeline\\Pipeline->{closure:{closure:Illuminate\\Pipeline\\Pipeline::carry():194}:195}(Object(Illuminate\\Http\\Request))
#60 /Users/andrescruz/Herd/livewirestore/vendor/laravel/framework/src/Illuminate/Session/Middleware/StartSession.php(63): Illuminate\\Session\\Middleware\\StartSession->handleStatefulRequest(Object(Illuminate\\Http\\Request), Object(Illuminate\\Session\\Store), Object(Closure))
#61 /Users/andrescruz/Herd/livewirestore/vendor/laravel/framework/src/Illuminate/Pipeline/Pipeline.php(219): Illuminate\\Session\\Middleware\\StartSession->handle(Object(Illuminate\\Http\\Request), Object(Closure))
#62 /Users/andrescruz/Herd/livewirestore/vendor/laravel/framework/src/Illuminate/Cookie/Middleware/AddQueuedCookiesToResponse.php(36): Illuminate\\Pipeline\\Pipeline->{closure:{closure:Illuminate\\Pipeline\\Pipeline::carry():194}:195}(Object(Illuminate\\Http\\Request))
#63 /Users/andrescruz/Herd/livewirestore/vendor/laravel/framework/src/Illuminate/Pipeline/Pipeline.php(219): Illuminate\\Cookie\\Middleware\\AddQueuedCookiesToResponse->handle(Object(Illuminate\\Http\\Request), Object(Closure))
#64 /Users/andrescruz/Herd/livewirestore/vendor/laravel/framework/src/Illuminate/Cookie/Middleware/EncryptCookies.php(74): Illuminate\\Pipeline\\Pipeline->{closure:{closure:Illuminate\\Pipeline\\Pipeline::carry():194}:195}(Object(Illuminate\\Http\\Request))
#65 /Users/andrescruz/Herd/livewirestore/vendor/laravel/framework/src/Illuminate/Pipeline/Pipeline.php(219): Illuminate\\Cookie\\Middleware\\EncryptCookies->handle(Object(Illuminate\\Http\\Request), Object(Closure))
#66 /Users/andrescruz/Herd/livewirestore/vendor/laravel/framework/src/Illuminate/Pipeline/Pipeline.php(137): Illuminate\\Pipeline\\Pipeline->{closure:{closure:Illuminate\\Pipeline\\Pipeline::carry():194}:195}(Object(Illuminate\\Http\\Request))
#67 /Users/andrescruz/Herd/livewirestore/vendor/laravel/framework/src/Illuminate/Routing/Router.php(821): Illuminate\\Pipeline\\Pipeline->then(Object(Closure))
#68 /Users/andrescruz/Herd/livewirestore/vendor/laravel/framework/src/Illuminate/Routing/Router.php(800): Illuminate\\Routing\\Router->runRouteWithinStack(Object(Illuminate\\Routing\\Route), Object(Illuminate\\Http\\Request))
#69 /Users/andrescruz/Herd/livewirestore/vendor/laravel/framework/src/Illuminate/Routing/Router.php(764): Illuminate\\Routing\\Router->runRoute(Object(Illuminate\\Http\\Request), Object(Illuminate\\Routing\\Route))
#70 /Users/andrescruz/Herd/livewirestore/vendor/laravel/framework/src/Illuminate/Routing/Router.php(753): Illuminate\\Routing\\Router->dispatchToRoute(Object(Illuminate\\Http\\Request))
#71 /Users/andrescruz/Herd/livewirestore/vendor/laravel/framework/src/Illuminate/Foundation/Http/Kernel.php(200): Illuminate\\Routing\\Router->dispatch(Object(Illuminate\\Http\\Request))
#72 /Users/andrescruz/Herd/livewirestore/vendor/laravel/framework/src/Illuminate/Pipeline/Pipeline.php(180): Illuminate\\Foundation\\Http\\Kernel->{closure:Illuminate\\Foundation\\Http\\Kernel::dispatchToRouter():197}(Object(Illuminate\\Http\\Request))
#73 /Users/andrescruz/Herd/livewirestore/vendor/livewire/livewire/src/Features/SupportDisablingBackButtonCache/DisableBackButtonCacheMiddleware.php(19): Illuminate\\Pipeline\\Pipeline->{closure:Illuminate\\Pipeline\\Pipeline::prepareDestination():178}(Object(Illuminate\\Http\\Request))
#74 /Users/andrescruz/Herd/livewirestore/vendor/laravel/framework/src/Illuminate/Pipeline/Pipeline.php(219): Livewire\\Features\\SupportDisablingBackButtonCache\\DisableBackButtonCacheMiddleware->handle(Object(Illuminate\\Http\\Request), Object(Closure))
#75 /Users/andrescruz/Herd/livewirestore/vendor/laravel/framework/src/Illuminate/Foundation/Http/Middleware/TransformsRequest.php(21): Illuminate\\Pipeline\\Pipeline->{closure:{closure:Illuminate\\Pipeline\\Pipeline::carry():194}:195}(Object(Illuminate\\Http\\Request))
#76 /Users/andrescruz/Herd/livewirestore/vendor/laravel/framework/src/Illuminate/Foundation/Http/Middleware/ConvertEmptyStringsToNull.php(31): Illuminate\\Foundation\\Http\\Middleware\\TransformsRequest->handle(Object(Illuminate\\Http\\Request), Object(Closure))
#77 /Users/andrescruz/Herd/livewirestore/vendor/laravel/framework/src/Illuminate/Pipeline/Pipeline.php(219): Illuminate\\Foundation\\Http\\Middleware\\ConvertEmptyStringsToNull->handle(Object(Illuminate\\Http\\Request), Object(Closure))
#78 /Users/andrescruz/Herd/livewirestore/vendor/laravel/framework/src/Illuminate/Foundation/Http/Middleware/TransformsRequest.php(21): Illuminate\\Pipeline\\Pipeline->{closure:{closure:Illuminate\\Pipeline\\Pipeline::carry():194}:195}(Object(Illuminate\\Http\\Request))
#79 /Users/andrescruz/Herd/livewirestore/vendor/laravel/framework/src/Illuminate/Foundation/Http/Middleware/TrimStrings.php(51): Illuminate\\Foundation\\Http\\Middleware\\TransformsRequest->handle(Object(Illuminate\\Http\\Request), Object(Closure))
#80 /Users/andrescruz/Herd/livewirestore/vendor/laravel/framework/src/Illuminate/Pipeline/Pipeline.php(219): Illuminate\\Foundation\\Http\\Middleware\\TrimStrings->handle(Object(Illuminate\\Http\\Request), Object(Closure))
#81 /Users/andrescruz/Herd/livewirestore/vendor/laravel/framework/src/Illuminate/Http/Middleware/ValidatePostSize.php(27): Illuminate\\Pipeline\\Pipeline->{closure:{closure:Illuminate\\Pipeline\\Pipeline::carry():194}:195}(Object(Illuminate\\Http\\Request))
#82 /Users/andrescruz/Herd/livewirestore/vendor/laravel/framework/src/Illuminate/Pipeline/Pipeline.php(219): Illuminate\\Http\\Middleware\\ValidatePostSize->handle(Object(Illuminate\\Http\\Request), Object(Closure))
#83 /Users/andrescruz/Herd/livewirestore/vendor/laravel/framework/src/Illuminate/Foundation/Http/Middleware/PreventRequestsDuringMaintenance.php(109): Illuminate\\Pipeline\\Pipeline->{closure:{closure:Illuminate\\Pipeline\\Pipeline::carry():194}:195}(Object(Illuminate\\Http\\Request))
#84 /Users/andrescruz/Herd/livewirestore/vendor/laravel/framework/src/Illuminate/Pipeline/Pipeline.php(219): Illuminate\\Foundation\\Http\\Middleware\\PreventRequestsDuringMaintenance->handle(Object(Illuminate\\Http\\Request), Object(Closure))
#85 /Users/andrescruz/Herd/livewirestore/vendor/laravel/framework/src/Illuminate/Http/Middleware/HandleCors.php(61): Illuminate\\Pipeline\\Pipeline->{closure:{closure:Illuminate\\Pipeline\\Pipeline::carry():194}:195}(Object(Illuminate\\Http\\Request))
#86 /Users/andrescruz/Herd/livewirestore/vendor/laravel/framework/src/Illuminate/Pipeline/Pipeline.php(219): Illuminate\\Http\\Middleware\\HandleCors->handle(Object(Illuminate\\Http\\Request), Object(Closure))
#87 /Users/andrescruz/Herd/livewirestore/vendor/laravel/framework/src/Illuminate/Http/Middleware/TrustProxies.php(58): Illuminate\\Pipeline\\Pipeline->{closure:{closure:Illuminate\\Pipeline\\Pipeline::carry():194}:195}(Object(Illuminate\\Http\\Request))
#88 /Users/andrescruz/Herd/livewirestore/vendor/laravel/framework/src/Illuminate/Pipeline/Pipeline.php(219): Illuminate\\Http\\Middleware\\TrustProxies->handle(Object(Illuminate\\Http\\Request), Object(Closure))
#89 /Users/andrescruz/Herd/livewirestore/vendor/laravel/framework/src/Illuminate/Foundation/Http/Middleware/InvokeDeferredCallbacks.php(22): Illuminate\\Pipeline\\Pipeline->{closure:{closure:Illuminate\\Pipeline\\Pipeline::carry():194}:195}(Object(Illuminate\\Http\\Request))
#90 /Users/andrescruz/Herd/livewirestore/vendor/laravel/framework/src/Illuminate/Pipeline/Pipeline.php(219): Illuminate\\Foundation\\Http\\Middleware\\InvokeDeferredCallbacks->handle(Object(Illuminate\\Http\\Request), Object(Closure))
#91 /Users/andrescruz/Herd/livewirestore/vendor/laravel/framework/src/Illuminate/Http/Middleware/ValidatePathEncoding.php(28): Illuminate\\Pipeline\\Pipeline->{closure:{closure:Illuminate\\Pipeline\\Pipeline::carry():194}:195}(Object(Illuminate\\Http\\Request))
#92 /Users/andrescruz/Herd/livewirestore/vendor/laravel/framework/src/Illuminate/Pipeline/Pipeline.php(219): Illuminate\\Http\\Middleware\\ValidatePathEncoding->handle(Object(Illuminate\\Http\\Request), Object(Closure))
#93 /Users/andrescruz/Herd/livewirestore/vendor/laravel/framework/src/Illuminate/Pipeline/Pipeline.php(137): Illuminate\\Pipeline\\Pipeline->{closure:{closure:Illuminate\\Pipeline\\Pipeline::carry():194}:195}(Object(Illuminate\\Http\\Request))
#94 /Users/andrescruz/Herd/livewirestore/vendor/laravel/framework/src/Illuminate/Foundation/Http/Kernel.php(175): Illuminate\\Pipeline\\Pipeline->then(Object(Closure))
#95 /Users/andrescruz/Herd/livewirestore/vendor/laravel/framework/src/Illuminate/Foundation/Http/Kernel.php(144): Illuminate\\Foundation\\Http\\Kernel->sendRequestThroughRouter(Object(Illuminate\\Http\\Request))
#96 /Users/andrescruz/Herd/livewirestore/vendor/laravel/framework/src/Illuminate/Foundation/Application.php(1220): Illuminate\\Foundation\\Http\\Kernel->handle(Object(Illuminate\\Http\\Request))
#97 /Users/andrescruz/Herd/livewirestore/public/index.php(20): Illuminate\\Foundation\\Application->handleRequest(Object(Illuminate\\Http\\Request))
#98 /Applications/Herd.app/Contents/Resources/valet/server.php(167): require('/Users/andrescr...')
#99 {main}
"} 
[2026-06-01 18:36:34] local.ERROR: Missing required parameter for [Route: dashboard] [URI: {current_team}/dashboard] [Missing parameter: current_team]. (View: /Users/andrescruz/Herd/livewirestore/resources/views/layouts/app/sidebar.blade.php) (View: /Users/andrescruz/Herd/livewirestore/resources/views/layouts/app/sidebar.blade.php) (View: /Users/andrescruz/Herd/livewirestore/resources/views/layouts/app/sidebar.blade.php) {"exception":"[object] (Illuminate\\View\\ViewException(code: 0): Missing required parameter for [Route: dashboard] [URI: {current_team}/dashboard] [Missing parameter: current_team]. (View: /Users/andrescruz/Herd/livewirestore/resources/views/layouts/app/sidebar.blade.php) (View: /Users/andrescruz/Herd/livewirestore/resources/views/layouts/app/sidebar.blade.php) (View: /Users/andrescruz/Herd/livewirestore/resources/views/layouts/app/sidebar.blade.php) at /Users/andrescruz/Herd/livewirestore/vendor/laravel/framework/src/Illuminate/Routing/Exceptions/UrlGenerationException.php:35)
[stacktrace]
#0 /Users/andrescruz/Herd/livewirestore/vendor/livewire/livewire/src/Mechanisms/ExtendBlade/ExtendedCompilerEngine.php(58): Illuminate\\View\\Engines\\CompilerEngine->handleViewException(Object(Illuminate\\View\\ViewException), 1)
#1 /Users/andrescruz/Herd/livewirestore/vendor/laravel/framework/src/Illuminate/View/Engines/PhpEngine.php(59): Livewire\\Mechanisms\\ExtendBlade\\ExtendedCompilerEngine->handleViewException(Object(Illuminate\\View\\ViewException), 1)
#2 /Users/andrescruz/Herd/livewirestore/vendor/livewire/livewire/src/Mechanisms/ExtendBlade/ExtendedCompilerEngine.php(22): Illuminate\\View\\Engines\\PhpEngine->evaluatePath('/Users/andrescr...', Array)
#3 /Users/andrescruz/Herd/livewirestore/vendor/laravel/framework/src/Illuminate/View/Engines/CompilerEngine.php(76): Livewire\\Mechanisms\\ExtendBlade\\ExtendedCompilerEngine->evaluatePath('/Users/andrescr...', Array)
#4 /Users/andrescruz/Herd/livewirestore/vendor/livewire/livewire/src/Mechanisms/ExtendBlade/ExtendedCompilerEngine.php(10): Illuminate\\View\\Engines\\CompilerEngine->get('/Users/andrescr...', Array)
#5 /Users/andrescruz/Herd/livewirestore/vendor/laravel/framework/src/Illuminate/View/View.php(208): Livewire\\Mechanisms\\ExtendBlade\\ExtendedCompilerEngine->get('/Users/andrescr...', Array)
#6 /Users/andrescruz/Herd/livewirestore/vendor/laravel/framework/src/Illuminate/View/View.php(191): Illuminate\\View\\View->getContents()
#7 /Users/andrescruz/Herd/livewirestore/vendor/laravel/framework/src/Illuminate/View/View.php(160): Illuminate\\View\\View->renderContents()
#8 /Users/andrescruz/Herd/livewirestore/vendor/laravel/framework/src/Illuminate/View/Compilers/BladeCompiler.php(353): Illuminate\\View\\View->render()
#9 /Users/andrescruz/Herd/livewirestore/vendor/laravel/framework/src/Illuminate/Support/Facades/Facade.php(363): Illuminate\\View\\Compilers\\BladeCompiler::render('    <?php $layo...', Array)
#10 /Users/andrescruz/Herd/livewirestore/vendor/livewire/livewire/src/Features/SupportPageComponents/SupportPageComponents.php(162): Illuminate\\Support\\Facades\\Facade::__callStatic('render', Array)
#11 /Users/andrescruz/Herd/livewirestore/vendor/livewire/livewire/src/Features/SupportPageComponents/HandlesPageComponents.php(26): Livewire\\Features\\SupportPageComponents\\SupportPageComponents::renderContentsIntoLayout('<div wire:snaps...', Object(Livewire\\Features\\SupportPageComponents\\PageComponentConfig))
#12 /Users/andrescruz/Herd/livewirestore/vendor/laravel/framework/src/Illuminate/Container/BoundMethod.php(36): Livewire\\Component->__invoke()
#13 /Users/andrescruz/Herd/livewirestore/vendor/laravel/framework/src/Illuminate/Container/Util.php(43): Illuminate\\Container\\BoundMethod::{closure:Illuminate\\Container\\BoundMethod::call():35}()
#14 /Users/andrescruz/Herd/livewirestore/vendor/laravel/framework/src/Illuminate/Container/BoundMethod.php(96): Illuminate\\Container\\Util::unwrapIfClosure(Object(Closure))
#15 /Users/andrescruz/Herd/livewirestore/vendor/laravel/framework/src/Illuminate/Container/BoundMethod.php(35): Illuminate\\Container\\BoundMethod::callBoundMethod(Object(Illuminate\\Foundation\\Application), Array, Object(Closure))
#16 /Users/andrescruz/Herd/livewirestore/vendor/laravel/framework/src/Illuminate/Container/Container.php(799): Illuminate\\Container\\BoundMethod::call(Object(Illuminate\\Foundation\\Application), Array, Array, NULL)
#17 /Users/andrescruz/Herd/livewirestore/vendor/livewire/livewire/src/Mechanisms/HandleRouting/LivewirePageController.php(15): Illuminate\\Container\\Container->call(Array)
#18 /Users/andrescruz/Herd/livewirestore/vendor/laravel/framework/src/Illuminate/Routing/ControllerDispatcher.php(46): Livewire\\Mechanisms\\HandleRouting\\LivewirePageController->__invoke()
#19 /Users/andrescruz/Herd/livewirestore/vendor/laravel/framework/src/Illuminate/Routing/Route.php(269): Illuminate\\Routing\\ControllerDispatcher->dispatch(Object(Illuminate\\Routing\\Route), Object(Livewire\\Mechanisms\\HandleRouting\\LivewirePageController), '__invoke')
#20 /Users/andrescruz/Herd/livewirestore/vendor/laravel/framework/src/Illuminate/Routing/Route.php(215): Illuminate\\Routing\\Route->runController()
#21 /Users/andrescruz/Herd/livewirestore/vendor/laravel/framework/src/Illuminate/Routing/Router.php(822): Illuminate\\Routing\\Route->run()
#22 /Users/andrescruz/Herd/livewirestore/vendor/laravel/framework/src/Illuminate/Pipeline/Pipeline.php(180): Illuminate\\Routing\\Router->{closure:Illuminate\\Routing\\Router::runRouteWithinStack():821}(Object(Illuminate\\Http\\Request))
#23 /Users/andrescruz/Herd/livewirestore/app/Http/Middleware/SetTeamUrlDefaults.php(26): Illuminate\\Pipeline\\Pipeline->{closure:Illuminate\\Pipeline\\Pipeline::prepareDestination():178}(Object(Illuminate\\Http\\Request))
#24 /Users/andrescruz/Herd/livewirestore/vendor/laravel/framework/src/Illuminate/Pipeline/Pipeline.php(219): App\\Http\\Middleware\\SetTeamUrlDefaults->handle(Object(Illuminate\\Http\\Request), Object(Closure))
#25 /Users/andrescruz/Herd/livewirestore/vendor/laravel/framework/src/Illuminate/Routing/Middleware/SubstituteBindings.php(52): Illuminate\\Pipeline\\Pipeline->{closure:{closure:Illuminate\\Pipeline\\Pipeline::carry():194}:195}(Object(Illuminate\\Http\\Request))
#26 /Users/andrescruz/Herd/livewirestore/vendor/laravel/framework/src/Illuminate/Pipeline/Pipeline.php(219): Illuminate\\Routing\\Middleware\\SubstituteBindings->handle(Object(Illuminate\\Http\\Request), Object(Closure))
#27 /Users/andrescruz/Herd/livewirestore/vendor/laravel/framework/src/Illuminate/Foundation/Http/Middleware/PreventRequestForgery.php(104): Illuminate\\Pipeline\\Pipeline->{closure:{closure:Illuminate\\Pipeline\\Pipeline::carry():194}:195}(Object(Illuminate\\Http\\Request))
#28 /Users/andrescruz/Herd/livewirestore/vendor/laravel/framework/src/Illuminate/Pipeline/Pipeline.php(219): Illuminate\\Foundation\\Http\\Middleware\\PreventRequestForgery->handle(Object(Illuminate\\Http\\Request), Object(Closure))
#29 /Users/andrescruz/Herd/livewirestore/vendor/laravel/framework/src/Illuminate/View/Middleware/ShareErrorsFromSession.php(48): Illuminate\\Pipeline\\Pipeline->{closure:{closure:Illuminate\\Pipeline\\Pipeline::carry():194}:195}(Object(Illuminate\\Http\\Request))
#30 /Users/andrescruz/Herd/livewirestore/vendor/laravel/framework/src/Illuminate/Pipeline/Pipeline.php(219): Illuminate\\View\\Middleware\\ShareErrorsFromSession->handle(Object(Illuminate\\Http\\Request), Object(Closure))
#31 /Users/andrescruz/Herd/livewirestore/vendor/laravel/framework/src/Illuminate/Session/Middleware/StartSession.php(120): Illuminate\\Pipeline\\Pipeline->{closure:{closure:Illuminate\\Pipeline\\Pipeline::carry():194}:195}(Object(Illuminate\\Http\\Request))
#32 /Users/andrescruz/Herd/livewirestore/vendor/laravel/framework/src/Illuminate/Session/Middleware/StartSession.php(63): Illuminate\\Session\\Middleware\\StartSession->handleStatefulRequest(Object(Illuminate\\Http\\Request), Object(Illuminate\\Session\\Store), Object(Closure))
#33 /Users/andrescruz/Herd/livewirestore/vendor/laravel/framework/src/Illuminate/Pipeline/Pipeline.php(219): Illuminate\\Session\\Middleware\\StartSession->handle(Object(Illuminate\\Http\\Request), Object(Closure))
#34 /Users/andrescruz/Herd/livewirestore/vendor/laravel/framework/src/Illuminate/Cookie/Middleware/AddQueuedCookiesToResponse.php(36): Illuminate\\Pipeline\\Pipeline->{closure:{closure:Illuminate\\Pipeline\\Pipeline::carry():194}:195}(Object(Illuminate\\Http\\Request))
#35 /Users/andrescruz/Herd/livewirestore/vendor/laravel/framework/src/Illuminate/Pipeline/Pipeline.php(219): Illuminate\\Cookie\\Middleware\\AddQueuedCookiesToResponse->handle(Object(Illuminate\\Http\\Request), Object(Closure))
#36 /Users/andrescruz/Herd/livewirestore/vendor/laravel/framework/src/Illuminate/Cookie/Middleware/EncryptCookies.php(74): Illuminate\\Pipeline\\Pipeline->{closure:{closure:Illuminate\\Pipeline\\Pipeline::carry():194}:195}(Object(Illuminate\\Http\\Request))
#37 /Users/andrescruz/Herd/livewirestore/vendor/laravel/framework/src/Illuminate/Pipeline/Pipeline.php(219): Illuminate\\Cookie\\Middleware\\EncryptCookies->handle(Object(Illuminate\\Http\\Request), Object(Closure))
#38 /Users/andrescruz/Herd/livewirestore/vendor/laravel/framework/src/Illuminate/Pipeline/Pipeline.php(137): Illuminate\\Pipeline\\Pipeline->{closure:{closure:Illuminate\\Pipeline\\Pipeline::carry():194}:195}(Object(Illuminate\\Http\\Request))
#39 /Users/andrescruz/Herd/livewirestore/vendor/laravel/framework/src/Illuminate/Routing/Router.php(821): Illuminate\\Pipeline\\Pipeline->then(Object(Closure))
#40 /Users/andrescruz/Herd/livewirestore/vendor/laravel/framework/src/Illuminate/Routing/Router.php(800): Illuminate\\Routing\\Router->runRouteWithinStack(Object(Illuminate\\Routing\\Route), Object(Illuminate\\Http\\Request))
#41 /Users/andrescruz/Herd/livewirestore/vendor/laravel/framework/src/Illuminate/Routing/Router.php(764): Illuminate\\Routing\\Router->runRoute(Object(Illuminate\\Http\\Request), Object(Illuminate\\Routing\\Route))
#42 /Users/andrescruz/Herd/livewirestore/vendor/laravel/framework/src/Illuminate/Routing/Router.php(753): Illuminate\\Routing\\Router->dispatchToRoute(Object(Illuminate\\Http\\Request))
#43 /Users/andrescruz/Herd/livewirestore/vendor/laravel/framework/src/Illuminate/Foundation/Http/Kernel.php(200): Illuminate\\Routing\\Router->dispatch(Object(Illuminate\\Http\\Request))
#44 /Users/andrescruz/Herd/livewirestore/vendor/laravel/framework/src/Illuminate/Pipeline/Pipeline.php(180): Illuminate\\Foundation\\Http\\Kernel->{closure:Illuminate\\Foundation\\Http\\Kernel::dispatchToRouter():197}(Object(Illuminate\\Http\\Request))
#45 /Users/andrescruz/Herd/livewirestore/vendor/livewire/livewire/src/Features/SupportDisablingBackButtonCache/DisableBackButtonCacheMiddleware.php(19): Illuminate\\Pipeline\\Pipeline->{closure:Illuminate\\Pipeline\\Pipeline::prepareDestination():178}(Object(Illuminate\\Http\\Request))
#46 /Users/andrescruz/Herd/livewirestore/vendor/laravel/framework/src/Illuminate/Pipeline/Pipeline.php(219): Livewire\\Features\\SupportDisablingBackButtonCache\\DisableBackButtonCacheMiddleware->handle(Object(Illuminate\\Http\\Request), Object(Closure))
#47 /Users/andrescruz/Herd/livewirestore/vendor/laravel/framework/src/Illuminate/Foundation/Http/Middleware/TransformsRequest.php(21): Illuminate\\Pipeline\\Pipeline->{closure:{closure:Illuminate\\Pipeline\\Pipeline::carry():194}:195}(Object(Illuminate\\Http\\Request))
#48 /Users/andrescruz/Herd/livewirestore/vendor/laravel/framework/src/Illuminate/Foundation/Http/Middleware/ConvertEmptyStringsToNull.php(31): Illuminate\\Foundation\\Http\\Middleware\\TransformsRequest->handle(Object(Illuminate\\Http\\Request), Object(Closure))
#49 /Users/andrescruz/Herd/livewirestore/vendor/laravel/framework/src/Illuminate/Pipeline/Pipeline.php(219): Illuminate\\Foundation\\Http\\Middleware\\ConvertEmptyStringsToNull->handle(Object(Illuminate\\Http\\Request), Object(Closure))
#50 /Users/andrescruz/Herd/livewirestore/vendor/laravel/framework/src/Illuminate/Foundation/Http/Middleware/TransformsRequest.php(21): Illuminate\\Pipeline\\Pipeline->{closure:{closure:Illuminate\\Pipeline\\Pipeline::carry():194}:195}(Object(Illuminate\\Http\\Request))
#51 /Users/andrescruz/Herd/livewirestore/vendor/laravel/framework/src/Illuminate/Foundation/Http/Middleware/TrimStrings.php(51): Illuminate\\Foundation\\Http\\Middleware\\TransformsRequest->handle(Object(Illuminate\\Http\\Request), Object(Closure))
#52 /Users/andrescruz/Herd/livewirestore/vendor/laravel/framework/src/Illuminate/Pipeline/Pipeline.php(219): Illuminate\\Foundation\\Http\\Middleware\\TrimStrings->handle(Object(Illuminate\\Http\\Request), Object(Closure))
#53 /Users/andrescruz/Herd/livewirestore/vendor/laravel/framework/src/Illuminate/Http/Middleware/ValidatePostSize.php(27): Illuminate\\Pipeline\\Pipeline->{closure:{closure:Illuminate\\Pipeline\\Pipeline::carry():194}:195}(Object(Illuminate\\Http\\Request))
#54 /Users/andrescruz/Herd/livewirestore/vendor/laravel/framework/src/Illuminate/Pipeline/Pipeline.php(219): Illuminate\\Http\\Middleware\\ValidatePostSize->handle(Object(Illuminate\\Http\\Request), Object(Closure))
#55 /Users/andrescruz/Herd/livewirestore/vendor/laravel/framework/src/Illuminate/Foundation/Http/Middleware/PreventRequestsDuringMaintenance.php(109): Illuminate\\Pipeline\\Pipeline->{closure:{closure:Illuminate\\Pipeline\\Pipeline::carry():194}:195}(Object(Illuminate\\Http\\Request))
#56 /Users/andrescruz/Herd/livewirestore/vendor/laravel/framework/src/Illuminate/Pipeline/Pipeline.php(219): Illuminate\\Foundation\\Http\\Middleware\\PreventRequestsDuringMaintenance->handle(Object(Illuminate\\Http\\Request), Object(Closure))
#57 /Users/andrescruz/Herd/livewirestore/vendor/laravel/framework/src/Illuminate/Http/Middleware/HandleCors.php(61): Illuminate\\Pipeline\\Pipeline->{closure:{closure:Illuminate\\Pipeline\\Pipeline::carry():194}:195}(Object(Illuminate\\Http\\Request))
#58 /Users/andrescruz/Herd/livewirestore/vendor/laravel/framework/src/Illuminate/Pipeline/Pipeline.php(219): Illuminate\\Http\\Middleware\\HandleCors->handle(Object(Illuminate\\Http\\Request), Object(Closure))
#59 /Users/andrescruz/Herd/livewirestore/vendor/laravel/framework/src/Illuminate/Http/Middleware/TrustProxies.php(58): Illuminate\\Pipeline\\Pipeline->{closure:{closure:Illuminate\\Pipeline\\Pipeline::carry():194}:195}(Object(Illuminate\\Http\\Request))
#60 /Users/andrescruz/Herd/livewirestore/vendor/laravel/framework/src/Illuminate/Pipeline/Pipeline.php(219): Illuminate\\Http\\Middleware\\TrustProxies->handle(Object(Illuminate\\Http\\Request), Object(Closure))
#61 /Users/andrescruz/Herd/livewirestore/vendor/laravel/framework/src/Illuminate/Foundation/Http/Middleware/InvokeDeferredCallbacks.php(22): Illuminate\\Pipeline\\Pipeline->{closure:{closure:Illuminate\\Pipeline\\Pipeline::carry():194}:195}(Object(Illuminate\\Http\\Request))
#62 /Users/andrescruz/Herd/livewirestore/vendor/laravel/framework/src/Illuminate/Pipeline/Pipeline.php(219): Illuminate\\Foundation\\Http\\Middleware\\InvokeDeferredCallbacks->handle(Object(Illuminate\\Http\\Request), Object(Closure))
#63 /Users/andrescruz/Herd/livewirestore/vendor/laravel/framework/src/Illuminate/Http/Middleware/ValidatePathEncoding.php(28): Illuminate\\Pipeline\\Pipeline->{closure:{closure:Illuminate\\Pipeline\\Pipeline::carry():194}:195}(Object(Illuminate\\Http\\Request))
#64 /Users/andrescruz/Herd/livewirestore/vendor/laravel/framework/src/Illuminate/Pipeline/Pipeline.php(219): Illuminate\\Http\\Middleware\\ValidatePathEncoding->handle(Object(Illuminate\\Http\\Request), Object(Closure))
#65 /Users/andrescruz/Herd/livewirestore/vendor/laravel/framework/src/Illuminate/Pipeline/Pipeline.php(137): Illuminate\\Pipeline\\Pipeline->{closure:{closure:Illuminate\\Pipeline\\Pipeline::carry():194}:195}(Object(Illuminate\\Http\\Request))
#66 /Users/andrescruz/Herd/livewirestore/vendor/laravel/framework/src/Illuminate/Foundation/Http/Kernel.php(175): Illuminate\\Pipeline\\Pipeline->then(Object(Closure))
#67 /Users/andrescruz/Herd/livewirestore/vendor/laravel/framework/src/Illuminate/Foundation/Http/Kernel.php(144): Illuminate\\Foundation\\Http\\Kernel->sendRequestThroughRouter(Object(Illuminate\\Http\\Request))
#68 /Users/andrescruz/Herd/livewirestore/vendor/laravel/framework/src/Illuminate/Foundation/Application.php(1220): Illuminate\\Foundation\\Http\\Kernel->handle(Object(Illuminate\\Http\\Request))
#69 /Users/andrescruz/Herd/livewirestore/public/index.php(20): Illuminate\\Foundation\\Application->handleRequest(Object(Illuminate\\Http\\Request))
#70 /Applications/Herd.app/Contents/Resources/valet/server.php(167): require('/Users/andrescr...')
#71 {main}

[previous exception] [object] (Illuminate\\View\\ViewException(code: 0): Missing required parameter for [Route: dashboard] [URI: {current_team}/dashboard] [Missing parameter: current_team]. (View: /Users/andrescruz/Herd/livewirestore/resources/views/layouts/app/sidebar.blade.php) (View: /Users/andrescruz/Herd/livewirestore/resources/views/layouts/app/sidebar.blade.php) at /Users/andrescruz/Herd/livewirestore/vendor/laravel/framework/src/Illuminate/Routing/Exceptions/UrlGenerationException.php:35)
[stacktrace]
#0 /Users/andrescruz/Herd/livewirestore/vendor/livewire/livewire/src/Mechanisms/ExtendBlade/ExtendedCompilerEngine.php(58): Illuminate\\View\\Engines\\CompilerEngine->handleViewException(Object(Illuminate\\View\\ViewException), 2)
#1 /Users/andrescruz/Herd/livewirestore/vendor/laravel/framework/src/Illuminate/View/Engines/PhpEngine.php(59): Livewire\\Mechanisms\\ExtendBlade\\ExtendedCompilerEngine->handleViewException(Object(Illuminate\\View\\ViewException), 2)
#2 /Users/andrescruz/Herd/livewirestore/vendor/livewire/livewire/src/Mechanisms/ExtendBlade/ExtendedCompilerEngine.php(22): Illuminate\\View\\Engines\\PhpEngine->evaluatePath('/Users/andrescr...', Array)
#3 /Users/andrescruz/Herd/livewirestore/vendor/laravel/framework/src/Illuminate/View/Engines/CompilerEngine.php(76): Livewire\\Mechanisms\\ExtendBlade\\ExtendedCompilerEngine->evaluatePath('/Users/andrescr...', Array)
#4 /Users/andrescruz/Herd/livewirestore/vendor/livewire/livewire/src/Mechanisms/ExtendBlade/ExtendedCompilerEngine.php(10): Illuminate\\View\\Engines\\CompilerEngine->get('/Users/andrescr...', Array)
#5 /Users/andrescruz/Herd/livewirestore/vendor/laravel/framework/src/Illuminate/View/View.php(208): Livewire\\Mechanisms\\ExtendBlade\\ExtendedCompilerEngine->get('/Users/andrescr...', Array)
#6 /Users/andrescruz/Herd/livewirestore/vendor/laravel/framework/src/Illuminate/View/View.php(191): Illuminate\\View\\View->getContents()
#7 /Users/andrescruz/Herd/livewirestore/vendor/laravel/framework/src/Illuminate/View/View.php(160): Illuminate\\View\\View->renderContents()
#8 /Users/andrescruz/Herd/livewirestore/vendor/laravel/framework/src/Illuminate/View/Concerns/ManagesComponents.php(103): Illuminate\\View\\View->render()
#9 /Users/andrescruz/Herd/livewirestore/storage/framework/views/290854be5454abd59f9491fe16e0fcbe.php(17): Illuminate\\View\\Factory->renderComponent()
#10 /Users/andrescruz/Herd/livewirestore/vendor/laravel/framework/src/Illuminate/Filesystem/Filesystem.php(123): require('/Users/andrescr...')
#11 /Users/andrescruz/Herd/livewirestore/vendor/laravel/framework/src/Illuminate/Filesystem/Filesystem.php(124): Illuminate\\Filesystem\\Filesystem::{closure:Illuminate\\Filesystem\\Filesystem::getRequire():120}()
#12 /Users/andrescruz/Herd/livewirestore/vendor/laravel/framework/src/Illuminate/View/Engines/PhpEngine.php(57): Illuminate\\Filesystem\\Filesystem->getRequire('/Users/andrescr...', Array)
#13 /Users/andrescruz/Herd/livewirestore/vendor/livewire/livewire/src/Mechanisms/ExtendBlade/ExtendedCompilerEngine.php(22): Illuminate\\View\\Engines\\PhpEngine->evaluatePath('/Users/andrescr...', Array)
#14 /Users/andrescruz/Herd/livewirestore/vendor/laravel/framework/src/Illuminate/View/Engines/CompilerEngine.php(76): Livewire\\Mechanisms\\ExtendBlade\\ExtendedCompilerEngine->evaluatePath('/Users/andrescr...', Array)
#15 /Users/andrescruz/Herd/livewirestore/vendor/livewire/livewire/src/Mechanisms/ExtendBlade/ExtendedCompilerEngine.php(10): Illuminate\\View\\Engines\\CompilerEngine->get('/Users/andrescr...', Array)
#16 /Users/andrescruz/Herd/livewirestore/vendor/laravel/framework/src/Illuminate/View/View.php(208): Livewire\\Mechanisms\\ExtendBlade\\ExtendedCompilerEngine->get('/Users/andrescr...', Array)
#17 /Users/andrescruz/Herd/livewirestore/vendor/laravel/framework/src/Illuminate/View/View.php(191): Illuminate\\View\\View->getContents()
#18 /Users/andrescruz/Herd/livewirestore/vendor/laravel/framework/src/Illuminate/View/View.php(160): Illuminate\\View\\View->renderContents()
#19 /Users/andrescruz/Herd/livewirestore/vendor/laravel/framework/src/Illuminate/View/Compilers/BladeCompiler.php(353): Illuminate\\View\\View->render()
#20 /Users/andrescruz/Herd/livewirestore/vendor/laravel/framework/src/Illuminate/Support/Facades/Facade.php(363): Illuminate\\View\\Compilers\\BladeCompiler::render('    <?php $layo...', Array)
#21 /Users/andrescruz/Herd/livewirestore/vendor/livewire/livewire/src/Features/SupportPageComponents/SupportPageComponents.php(162): Illuminate\\Support\\Facades\\Facade::__callStatic('render', Array)
#22 /Users/andrescruz/Herd/livewirestore/vendor/livewire/livewire/src/Features/SupportPageComponents/HandlesPageComponents.php(26): Livewire\\Features\\SupportPageComponents\\SupportPageComponents::renderContentsIntoLayout('<div wire:snaps...', Object(Livewire\\Features\\SupportPageComponents\\PageComponentConfig))
#23 /Users/andrescruz/Herd/livewirestore/vendor/laravel/framework/src/Illuminate/Container/BoundMethod.php(36): Livewire\\Component->__invoke()
#24 /Users/andrescruz/Herd/livewirestore/vendor/laravel/framework/src/Illuminate/Container/Util.php(43): Illuminate\\Container\\BoundMethod::{closure:Illuminate\\Container\\BoundMethod::call():35}()
#25 /Users/andrescruz/Herd/livewirestore/vendor/laravel/framework/src/Illuminate/Container/BoundMethod.php(96): Illuminate\\Container\\Util::unwrapIfClosure(Object(Closure))
#26 /Users/andrescruz/Herd/livewirestore/vendor/laravel/framework/src/Illuminate/Container/BoundMethod.php(35): Illuminate\\Container\\BoundMethod::callBoundMethod(Object(Illuminate\\Foundation\\Application), Array, Object(Closure))
#27 /Users/andrescruz/Herd/livewirestore/vendor/laravel/framework/src/Illuminate/Container/Container.php(799): Illuminate\\Container\\BoundMethod::call(Object(Illuminate\\Foundation\\Application), Array, Array, NULL)
#28 /Users/andrescruz/Herd/livewirestore/vendor/livewire/livewire/src/Mechanisms/HandleRouting/LivewirePageController.php(15): Illuminate\\Container\\Container->call(Array)
#29 /Users/andrescruz/Herd/livewirestore/vendor/laravel/framework/src/Illuminate/Routing/ControllerDispatcher.php(46): Livewire\\Mechanisms\\HandleRouting\\LivewirePageController->__invoke()
#30 /Users/andrescruz/Herd/livewirestore/vendor/laravel/framework/src/Illuminate/Routing/Route.php(269): Illuminate\\Routing\\ControllerDispatcher->dispatch(Object(Illuminate\\Routing\\Route), Object(Livewire\\Mechanisms\\HandleRouting\\LivewirePageController), '__invoke')
#31 /Users/andrescruz/Herd/livewirestore/vendor/laravel/framework/src/Illuminate/Routing/Route.php(215): Illuminate\\Routing\\Route->runController()
#32 /Users/andrescruz/Herd/livewirestore/vendor/laravel/framework/src/Illuminate/Routing/Router.php(822): Illuminate\\Routing\\Route->run()
#33 /Users/andrescruz/Herd/livewirestore/vendor/laravel/framework/src/Illuminate/Pipeline/Pipeline.php(180): Illuminate\\Routing\\Router->{closure:Illuminate\\Routing\\Router::runRouteWithinStack():821}(Object(Illuminate\\Http\\Request))
#34 /Users/andrescruz/Herd/livewirestore/app/Http/Middleware/SetTeamUrlDefaults.php(26): Illuminate\\Pipeline\\Pipeline->{closure:Illuminate\\Pipeline\\Pipeline::prepareDestination():178}(Object(Illuminate\\Http\\Request))
#35 /Users/andrescruz/Herd/livewirestore/vendor/laravel/framework/src/Illuminate/Pipeline/Pipeline.php(219): App\\Http\\Middleware\\SetTeamUrlDefaults->handle(Object(Illuminate\\Http\\Request), Object(Closure))
#36 /Users/andrescruz/Herd/livewirestore/vendor/laravel/framework/src/Illuminate/Routing/Middleware/SubstituteBindings.php(52): Illuminate\\Pipeline\\Pipeline->{closure:{closure:Illuminate\\Pipeline\\Pipeline::carry():194}:195}(Object(Illuminate\\Http\\Request))
#37 /Users/andrescruz/Herd/livewirestore/vendor/laravel/framework/src/Illuminate/Pipeline/Pipeline.php(219): Illuminate\\Routing\\Middleware\\SubstituteBindings->handle(Object(Illuminate\\Http\\Request), Object(Closure))
#38 /Users/andrescruz/Herd/livewirestore/vendor/laravel/framework/src/Illuminate/Foundation/Http/Middleware/PreventRequestForgery.php(104): Illuminate\\Pipeline\\Pipeline->{closure:{closure:Illuminate\\Pipeline\\Pipeline::carry():194}:195}(Object(Illuminate\\Http\\Request))
#39 /Users/andrescruz/Herd/livewirestore/vendor/laravel/framework/src/Illuminate/Pipeline/Pipeline.php(219): Illuminate\\Foundation\\Http\\Middleware\\PreventRequestForgery->handle(Object(Illuminate\\Http\\Request), Object(Closure))
#40 /Users/andrescruz/Herd/livewirestore/vendor/laravel/framework/src/Illuminate/View/Middleware/ShareErrorsFromSession.php(48): Illuminate\\Pipeline\\Pipeline->{closure:{closure:Illuminate\\Pipeline\\Pipeline::carry():194}:195}(Object(Illuminate\\Http\\Request))
#41 /Users/andrescruz/Herd/livewirestore/vendor/laravel/framework/src/Illuminate/Pipeline/Pipeline.php(219): Illuminate\\View\\Middleware\\ShareErrorsFromSession->handle(Object(Illuminate\\Http\\Request), Object(Closure))
#42 /Users/andrescruz/Herd/livewirestore/vendor/laravel/framework/src/Illuminate/Session/Middleware/StartSession.php(120): Illuminate\\Pipeline\\Pipeline->{closure:{closure:Illuminate\\Pipeline\\Pipeline::carry():194}:195}(Object(Illuminate\\Http\\Request))
#43 /Users/andrescruz/Herd/livewirestore/vendor/laravel/framework/src/Illuminate/Session/Middleware/StartSession.php(63): Illuminate\\Session\\Middleware\\StartSession->handleStatefulRequest(Object(Illuminate\\Http\\Request), Object(Illuminate\\Session\\Store), Object(Closure))
#44 /Users/andrescruz/Herd/livewirestore/vendor/laravel/framework/src/Illuminate/Pipeline/Pipeline.php(219): Illuminate\\Session\\Middleware\\StartSession->handle(Object(Illuminate\\Http\\Request), Object(Closure))
#45 /Users/andrescruz/Herd/livewirestore/vendor/laravel/framework/src/Illuminate/Cookie/Middleware/AddQueuedCookiesToResponse.php(36): Illuminate\\Pipeline\\Pipeline->{closure:{closure:Illuminate\\Pipeline\\Pipeline::carry():194}:195}(Object(Illuminate\\Http\\Request))
#46 /Users/andrescruz/Herd/livewirestore/vendor/laravel/framework/src/Illuminate/Pipeline/Pipeline.php(219): Illuminate\\Cookie\\Middleware\\AddQueuedCookiesToResponse->handle(Object(Illuminate\\Http\\Request), Object(Closure))
#47 /Users/andrescruz/Herd/livewirestore/vendor/laravel/framework/src/Illuminate/Cookie/Middleware/EncryptCookies.php(74): Illuminate\\Pipeline\\Pipeline->{closure:{closure:Illuminate\\Pipeline\\Pipeline::carry():194}:195}(Object(Illuminate\\Http\\Request))
#48 /Users/andrescruz/Herd/livewirestore/vendor/laravel/framework/src/Illuminate/Pipeline/Pipeline.php(219): Illuminate\\Cookie\\Middleware\\EncryptCookies->handle(Object(Illuminate\\Http\\Request), Object(Closure))
#49 /Users/andrescruz/Herd/livewirestore/vendor/laravel/framework/src/Illuminate/Pipeline/Pipeline.php(137): Illuminate\\Pipeline\\Pipeline->{closure:{closure:Illuminate\\Pipeline\\Pipeline::carry():194}:195}(Object(Illuminate\\Http\\Request))
#50 /Users/andrescruz/Herd/livewirestore/vendor/laravel/framework/src/Illuminate/Routing/Router.php(821): Illuminate\\Pipeline\\Pipeline->then(Object(Closure))
#51 /Users/andrescruz/Herd/livewirestore/vendor/laravel/framework/src/Illuminate/Routing/Router.php(800): Illuminate\\Routing\\Router->runRouteWithinStack(Object(Illuminate\\Routing\\Route), Object(Illuminate\\Http\\Request))
#52 /Users/andrescruz/Herd/livewirestore/vendor/laravel/framework/src/Illuminate/Routing/Router.php(764): Illuminate\\Routing\\Router->runRoute(Object(Illuminate\\Http\\Request), Object(Illuminate\\Routing\\Route))
#53 /Users/andrescruz/Herd/livewirestore/vendor/laravel/framework/src/Illuminate/Routing/Router.php(753): Illuminate\\Routing\\Router->dispatchToRoute(Object(Illuminate\\Http\\Request))
#54 /Users/andrescruz/Herd/livewirestore/vendor/laravel/framework/src/Illuminate/Foundation/Http/Kernel.php(200): Illuminate\\Routing\\Router->dispatch(Object(Illuminate\\Http\\Request))
#55 /Users/andrescruz/Herd/livewirestore/vendor/laravel/framework/src/Illuminate/Pipeline/Pipeline.php(180): Illuminate\\Foundation\\Http\\Kernel->{closure:Illuminate\\Foundation\\Http\\Kernel::dispatchToRouter():197}(Object(Illuminate\\Http\\Request))
#56 /Users/andrescruz/Herd/livewirestore/vendor/livewire/livewire/src/Features/SupportDisablingBackButtonCache/DisableBackButtonCacheMiddleware.php(19): Illuminate\\Pipeline\\Pipeline->{closure:Illuminate\\Pipeline\\Pipeline::prepareDestination():178}(Object(Illuminate\\Http\\Request))
#57 /Users/andrescruz/Herd/livewirestore/vendor/laravel/framework/src/Illuminate/Pipeline/Pipeline.php(219): Livewire\\Features\\SupportDisablingBackButtonCache\\DisableBackButtonCacheMiddleware->handle(Object(Illuminate\\Http\\Request), Object(Closure))
#58 /Users/andrescruz/Herd/livewirestore/vendor/laravel/framework/src/Illuminate/Foundation/Http/Middleware/TransformsRequest.php(21): Illuminate\\Pipeline\\Pipeline->{closure:{closure:Illuminate\\Pipeline\\Pipeline::carry():194}:195}(Object(Illuminate\\Http\\Request))
#59 /Users/andrescruz/Herd/livewirestore/vendor/laravel/framework/src/Illuminate/Foundation/Http/Middleware/ConvertEmptyStringsToNull.php(31): Illuminate\\Foundation\\Http\\Middleware\\TransformsRequest->handle(Object(Illuminate\\Http\\Request), Object(Closure))
#60 /Users/andrescruz/Herd/livewirestore/vendor/laravel/framework/src/Illuminate/Pipeline/Pipeline.php(219): Illuminate\\Foundation\\Http\\Middleware\\ConvertEmptyStringsToNull->handle(Object(Illuminate\\Http\\Request), Object(Closure))
#61 /Users/andrescruz/Herd/livewirestore/vendor/laravel/framework/src/Illuminate/Foundation/Http/Middleware/TransformsRequest.php(21): Illuminate\\Pipeline\\Pipeline->{closure:{closure:Illuminate\\Pipeline\\Pipeline::carry():194}:195}(Object(Illuminate\\Http\\Request))
#62 /Users/andrescruz/Herd/livewirestore/vendor/laravel/framework/src/Illuminate/Foundation/Http/Middleware/TrimStrings.php(51): Illuminate\\Foundation\\Http\\Middleware\\TransformsRequest->handle(Object(Illuminate\\Http\\Request), Object(Closure))
#63 /Users/andrescruz/Herd/livewirestore/vendor/laravel/framework/src/Illuminate/Pipeline/Pipeline.php(219): Illuminate\\Foundation\\Http\\Middleware\\TrimStrings->handle(Object(Illuminate\\Http\\Request), Object(Closure))
#64 /Users/andrescruz/Herd/livewirestore/vendor/laravel/framework/src/Illuminate/Http/Middleware/ValidatePostSize.php(27): Illuminate\\Pipeline\\Pipeline->{closure:{closure:Illuminate\\Pipeline\\Pipeline::carry():194}:195}(Object(Illuminate\\Http\\Request))
#65 /Users/andrescruz/Herd/livewirestore/vendor/laravel/framework/src/Illuminate/Pipeline/Pipeline.php(219): Illuminate\\Http\\Middleware\\ValidatePostSize->handle(Object(Illuminate\\Http\\Request), Object(Closure))
#66 /Users/andrescruz/Herd/livewirestore/vendor/laravel/framework/src/Illuminate/Foundation/Http/Middleware/PreventRequestsDuringMaintenance.php(109): Illuminate\\Pipeline\\Pipeline->{closure:{closure:Illuminate\\Pipeline\\Pipeline::carry():194}:195}(Object(Illuminate\\Http\\Request))
#67 /Users/andrescruz/Herd/livewirestore/vendor/laravel/framework/src/Illuminate/Pipeline/Pipeline.php(219): Illuminate\\Foundation\\Http\\Middleware\\PreventRequestsDuringMaintenance->handle(Object(Illuminate\\Http\\Request), Object(Closure))
#68 /Users/andrescruz/Herd/livewirestore/vendor/laravel/framework/src/Illuminate/Http/Middleware/HandleCors.php(61): Illuminate\\Pipeline\\Pipeline->{closure:{closure:Illuminate\\Pipeline\\Pipeline::carry():194}:195}(Object(Illuminate\\Http\\Request))
#69 /Users/andrescruz/Herd/livewirestore/vendor/laravel/framework/src/Illuminate/Pipeline/Pipeline.php(219): Illuminate\\Http\\Middleware\\HandleCors->handle(Object(Illuminate\\Http\\Request), Object(Closure))
#70 /Users/andrescruz/Herd/livewirestore/vendor/laravel/framework/src/Illuminate/Http/Middleware/TrustProxies.php(58): Illuminate\\Pipeline\\Pipeline->{closure:{closure:Illuminate\\Pipeline\\Pipeline::carry():194}:195}(Object(Illuminate\\Http\\Request))
#71 /Users/andrescruz/Herd/livewirestore/vendor/laravel/framework/src/Illuminate/Pipeline/Pipeline.php(219): Illuminate\\Http\\Middleware\\TrustProxies->handle(Object(Illuminate\\Http\\Request), Object(Closure))
#72 /Users/andrescruz/Herd/livewirestore/vendor/laravel/framework/src/Illuminate/Foundation/Http/Middleware/InvokeDeferredCallbacks.php(22): Illuminate\\Pipeline\\Pipeline->{closure:{closure:Illuminate\\Pipeline\\Pipeline::carry():194}:195}(Object(Illuminate\\Http\\Request))
#73 /Users/andrescruz/Herd/livewirestore/vendor/laravel/framework/src/Illuminate/Pipeline/Pipeline.php(219): Illuminate\\Foundation\\Http\\Middleware\\InvokeDeferredCallbacks->handle(Object(Illuminate\\Http\\Request), Object(Closure))
#74 /Users/andrescruz/Herd/livewirestore/vendor/laravel/framework/src/Illuminate/Http/Middleware/ValidatePathEncoding.php(28): Illuminate\\Pipeline\\Pipeline->{closure:{closure:Illuminate\\Pipeline\\Pipeline::carry():194}:195}(Object(Illuminate\\Http\\Request))
#75 /Users/andrescruz/Herd/livewirestore/vendor/laravel/framework/src/Illuminate/Pipeline/Pipeline.php(219): Illuminate\\Http\\Middleware\\ValidatePathEncoding->handle(Object(Illuminate\\Http\\Request), Object(Closure))
#76 /Users/andrescruz/Herd/livewirestore/vendor/laravel/framework/src/Illuminate/Pipeline/Pipeline.php(137): Illuminate\\Pipeline\\Pipeline->{closure:{closure:Illuminate\\Pipeline\\Pipeline::carry():194}:195}(Object(Illuminate\\Http\\Request))
#77 /Users/andrescruz/Herd/livewirestore/vendor/laravel/framework/src/Illuminate/Foundation/Http/Kernel.php(175): Illuminate\\Pipeline\\Pipeline->then(Object(Closure))
#78 /Users/andrescruz/Herd/livewirestore/vendor/laravel/framework/src/Illuminate/Foundation/Http/Kernel.php(144): Illuminate\\Foundation\\Http\\Kernel->sendRequestThroughRouter(Object(Illuminate\\Http\\Request))
#79 /Users/andrescruz/Herd/livewirestore/vendor/laravel/framework/src/Illuminate/Foundation/Application.php(1220): Illuminate\\Foundation\\Http\\Kernel->handle(Object(Illuminate\\Http\\Request))
#80 /Users/andrescruz/Herd/livewirestore/public/index.php(20): Illuminate\\Foundation\\Application->handleRequest(Object(Illuminate\\Http\\Request))
#81 /Applications/Herd.app/Contents/Resources/valet/server.php(167): require('/Users/andrescr...')
#82 {main}

[previous exception] [object] (Illuminate\\View\\ViewException(code: 0): Missing required parameter for [Route: dashboard] [URI: {current_team}/dashboard] [Missing parameter: current_team]. (View: /Users/andrescruz/Herd/livewirestore/resources/views/layouts/app/sidebar.blade.php) at /Users/andrescruz/Herd/livewirestore/vendor/laravel/framework/src/Illuminate/Routing/Exceptions/UrlGenerationException.php:35)
[stacktrace]
#0 /Users/andrescruz/Herd/livewirestore/vendor/livewire/livewire/src/Mechanisms/ExtendBlade/ExtendedCompilerEngine.php(58): Illuminate\\View\\Engines\\CompilerEngine->handleViewException(Object(Illuminate\\Routing\\Exceptions\\UrlGenerationException), 3)
#1 /Users/andrescruz/Herd/livewirestore/vendor/laravel/framework/src/Illuminate/View/Engines/PhpEngine.php(59): Livewire\\Mechanisms\\ExtendBlade\\ExtendedCompilerEngine->handleViewException(Object(Illuminate\\Routing\\Exceptions\\UrlGenerationException), 3)
#2 /Users/andrescruz/Herd/livewirestore/vendor/livewire/livewire/src/Mechanisms/ExtendBlade/ExtendedCompilerEngine.php(22): Illuminate\\View\\Engines\\PhpEngine->evaluatePath('/Users/andrescr...', Array)
#3 /Users/andrescruz/Herd/livewirestore/vendor/laravel/framework/src/Illuminate/View/Engines/CompilerEngine.php(76): Livewire\\Mechanisms\\ExtendBlade\\ExtendedCompilerEngine->evaluatePath('/Users/andrescr...', Array)
#4 /Users/andrescruz/Herd/livewirestore/vendor/livewire/livewire/src/Mechanisms/ExtendBlade/ExtendedCompilerEngine.php(10): Illuminate\\View\\Engines\\CompilerEngine->get('/Users/andrescr...', Array)
#5 /Users/andrescruz/Herd/livewirestore/vendor/laravel/framework/src/Illuminate/View/View.php(208): Livewire\\Mechanisms\\ExtendBlade\\ExtendedCompilerEngine->get('/Users/andrescr...', Array)
#6 /Users/andrescruz/Herd/livewirestore/vendor/laravel/framework/src/Illuminate/View/View.php(191): Illuminate\\View\\View->getContents()
#7 /Users/andrescruz/Herd/livewirestore/vendor/laravel/framework/src/Illuminate/View/View.php(160): Illuminate\\View\\View->renderContents()
#8 /Users/andrescruz/Herd/livewirestore/vendor/laravel/framework/src/Illuminate/View/Concerns/ManagesComponents.php(103): Illuminate\\View\\View->render()
#9 /Users/andrescruz/Herd/livewirestore/storage/framework/views/3648d0e5e1d7910bb6e40064c80ef1f2.php(45): Illuminate\\View\\Factory->renderComponent()
#10 /Users/andrescruz/Herd/livewirestore/vendor/laravel/framework/src/Illuminate/Filesystem/Filesystem.php(123): require('/Users/andrescr...')
#11 /Users/andrescruz/Herd/livewirestore/vendor/laravel/framework/src/Illuminate/Filesystem/Filesystem.php(124): Illuminate\\Filesystem\\Filesystem::{closure:Illuminate\\Filesystem\\Filesystem::getRequire():120}()
#12 /Users/andrescruz/Herd/livewirestore/vendor/laravel/framework/src/Illuminate/View/Engines/PhpEngine.php(57): Illuminate\\Filesystem\\Filesystem->getRequire('/Users/andrescr...', Array)
#13 /Users/andrescruz/Herd/livewirestore/vendor/livewire/livewire/src/Mechanisms/ExtendBlade/ExtendedCompilerEngine.php(22): Illuminate\\View\\Engines\\PhpEngine->evaluatePath('/Users/andrescr...', Array)
#14 /Users/andrescruz/Herd/livewirestore/vendor/laravel/framework/src/Illuminate/View/Engines/CompilerEngine.php(76): Livewire\\Mechanisms\\ExtendBlade\\ExtendedCompilerEngine->evaluatePath('/Users/andrescr...', Array)
#15 /Users/andrescruz/Herd/livewirestore/vendor/livewire/livewire/src/Mechanisms/ExtendBlade/ExtendedCompilerEngine.php(10): Illuminate\\View\\Engines\\CompilerEngine->get('/Users/andrescr...', Array)
#16 /Users/andrescruz/Herd/livewirestore/vendor/laravel/framework/src/Illuminate/View/View.php(208): Livewire\\Mechanisms\\ExtendBlade\\ExtendedCompilerEngine->get('/Users/andrescr...', Array)
#17 /Users/andrescruz/Herd/livewirestore/vendor/laravel/framework/src/Illuminate/View/View.php(191): Illuminate\\View\\View->getContents()
#18 /Users/andrescruz/Herd/livewirestore/vendor/laravel/framework/src/Illuminate/View/View.php(160): Illuminate\\View\\View->renderContents()
#19 /Users/andrescruz/Herd/livewirestore/vendor/laravel/framework/src/Illuminate/View/Concerns/ManagesComponents.php(103): Illuminate\\View\\View->render()
#20 /Users/andrescruz/Herd/livewirestore/storage/framework/views/290854be5454abd59f9491fe16e0fcbe.php(17): Illuminate\\View\\Factory->renderComponent()
#21 /Users/andrescruz/Herd/livewirestore/vendor/laravel/framework/src/Illuminate/Filesystem/Filesystem.php(123): require('/Users/andrescr...')
#22 /Users/andrescruz/Herd/livewirestore/vendor/laravel/framework/src/Illuminate/Filesystem/Filesystem.php(124): Illuminate\\Filesystem\\Filesystem::{closure:Illuminate\\Filesystem\\Filesystem::getRequire():120}()
#23 /Users/andrescruz/Herd/livewirestore/vendor/laravel/framework/src/Illuminate/View/Engines/PhpEngine.php(57): Illuminate\\Filesystem\\Filesystem->getRequire('/Users/andrescr...', Array)
#24 /Users/andrescruz/Herd/livewirestore/vendor/livewire/livewire/src/Mechanisms/ExtendBlade/ExtendedCompilerEngine.php(22): Illuminate\\View\\Engines\\PhpEngine->evaluatePath('/Users/andrescr...', Array)
#25 /Users/andrescruz/Herd/livewirestore/vendor/laravel/framework/src/Illuminate/View/Engines/CompilerEngine.php(76): Livewire\\Mechanisms\\ExtendBlade\\ExtendedCompilerEngine->evaluatePath('/Users/andrescr...', Array)
#26 /Users/andrescruz/Herd/livewirestore/vendor/livewire/livewire/src/Mechanisms/ExtendBlade/ExtendedCompilerEngine.php(10): Illuminate\\View\\Engines\\CompilerEngine->get('/Users/andrescr...', Array)
#27 /Users/andrescruz/Herd/livewirestore/vendor/laravel/framework/src/Illuminate/View/View.php(208): Livewire\\Mechanisms\\ExtendBlade\\ExtendedCompilerEngine->get('/Users/andrescr...', Array)
#28 /Users/andrescruz/Herd/livewirestore/vendor/laravel/framework/src/Illuminate/View/View.php(191): Illuminate\\View\\View->getContents()
#29 /Users/andrescruz/Herd/livewirestore/vendor/laravel/framework/src/Illuminate/View/View.php(160): Illuminate\\View\\View->renderContents()
#30 /Users/andrescruz/Herd/livewirestore/vendor/laravel/framework/src/Illuminate/View/Compilers/BladeCompiler.php(353): Illuminate\\View\\View->render()
#31 /Users/andrescruz/Herd/livewirestore/vendor/laravel/framework/src/Illuminate/Support/Facades/Facade.php(363): Illuminate\\View\\Compilers\\BladeCompiler::render('    <?php $layo...', Array)
#32 /Users/andrescruz/Herd/livewirestore/vendor/livewire/livewire/src/Features/SupportPageComponents/SupportPageComponents.php(162): Illuminate\\Support\\Facades\\Facade::__callStatic('render', Array)
#33 /Users/andrescruz/Herd/livewirestore/vendor/livewire/livewire/src/Features/SupportPageComponents/HandlesPageComponents.php(26): Livewire\\Features\\SupportPageComponents\\SupportPageComponents::renderContentsIntoLayout('<div wire:snaps...', Object(Livewire\\Features\\SupportPageComponents\\PageComponentConfig))
#34 /Users/andrescruz/Herd/livewirestore/vendor/laravel/framework/src/Illuminate/Container/BoundMethod.php(36): Livewire\\Component->__invoke()
#35 /Users/andrescruz/Herd/livewirestore/vendor/laravel/framework/src/Illuminate/Container/Util.php(43): Illuminate\\Container\\BoundMethod::{closure:Illuminate\\Container\\BoundMethod::call():35}()
#36 /Users/andrescruz/Herd/livewirestore/vendor/laravel/framework/src/Illuminate/Container/BoundMethod.php(96): Illuminate\\Container\\Util::unwrapIfClosure(Object(Closure))
#37 /Users/andrescruz/Herd/livewirestore/vendor/laravel/framework/src/Illuminate/Container/BoundMethod.php(35): Illuminate\\Container\\BoundMethod::callBoundMethod(Object(Illuminate\\Foundation\\Application), Array, Object(Closure))
#38 /Users/andrescruz/Herd/livewirestore/vendor/laravel/framework/src/Illuminate/Container/Container.php(799): Illuminate\\Container\\BoundMethod::call(Object(Illuminate\\Foundation\\Application), Array, Array, NULL)
#39 /Users/andrescruz/Herd/livewirestore/vendor/livewire/livewire/src/Mechanisms/HandleRouting/LivewirePageController.php(15): Illuminate\\Container\\Container->call(Array)
#40 /Users/andrescruz/Herd/livewirestore/vendor/laravel/framework/src/Illuminate/Routing/ControllerDispatcher.php(46): Livewire\\Mechanisms\\HandleRouting\\LivewirePageController->__invoke()
#41 /Users/andrescruz/Herd/livewirestore/vendor/laravel/framework/src/Illuminate/Routing/Route.php(269): Illuminate\\Routing\\ControllerDispatcher->dispatch(Object(Illuminate\\Routing\\Route), Object(Livewire\\Mechanisms\\HandleRouting\\LivewirePageController), '__invoke')
#42 /Users/andrescruz/Herd/livewirestore/vendor/laravel/framework/src/Illuminate/Routing/Route.php(215): Illuminate\\Routing\\Route->runController()
#43 /Users/andrescruz/Herd/livewirestore/vendor/laravel/framework/src/Illuminate/Routing/Router.php(822): Illuminate\\Routing\\Route->run()
#44 /Users/andrescruz/Herd/livewirestore/vendor/laravel/framework/src/Illuminate/Pipeline/Pipeline.php(180): Illuminate\\Routing\\Router->{closure:Illuminate\\Routing\\Router::runRouteWithinStack():821}(Object(Illuminate\\Http\\Request))
#45 /Users/andrescruz/Herd/livewirestore/app/Http/Middleware/SetTeamUrlDefaults.php(26): Illuminate\\Pipeline\\Pipeline->{closure:Illuminate\\Pipeline\\Pipeline::prepareDestination():178}(Object(Illuminate\\Http\\Request))
#46 /Users/andrescruz/Herd/livewirestore/vendor/laravel/framework/src/Illuminate/Pipeline/Pipeline.php(219): App\\Http\\Middleware\\SetTeamUrlDefaults->handle(Object(Illuminate\\Http\\Request), Object(Closure))
#47 /Users/andrescruz/Herd/livewirestore/vendor/laravel/framework/src/Illuminate/Routing/Middleware/SubstituteBindings.php(52): Illuminate\\Pipeline\\Pipeline->{closure:{closure:Illuminate\\Pipeline\\Pipeline::carry():194}:195}(Object(Illuminate\\Http\\Request))
#48 /Users/andrescruz/Herd/livewirestore/vendor/laravel/framework/src/Illuminate/Pipeline/Pipeline.php(219): Illuminate\\Routing\\Middleware\\SubstituteBindings->handle(Object(Illuminate\\Http\\Request), Object(Closure))
#49 /Users/andrescruz/Herd/livewirestore/vendor/laravel/framework/src/Illuminate/Foundation/Http/Middleware/PreventRequestForgery.php(104): Illuminate\\Pipeline\\Pipeline->{closure:{closure:Illuminate\\Pipeline\\Pipeline::carry():194}:195}(Object(Illuminate\\Http\\Request))
#50 /Users/andrescruz/Herd/livewirestore/vendor/laravel/framework/src/Illuminate/Pipeline/Pipeline.php(219): Illuminate\\Foundation\\Http\\Middleware\\PreventRequestForgery->handle(Object(Illuminate\\Http\\Request), Object(Closure))
#51 /Users/andrescruz/Herd/livewirestore/vendor/laravel/framework/src/Illuminate/View/Middleware/ShareErrorsFromSession.php(48): Illuminate\\Pipeline\\Pipeline->{closure:{closure:Illuminate\\Pipeline\\Pipeline::carry():194}:195}(Object(Illuminate\\Http\\Request))
#52 /Users/andrescruz/Herd/livewirestore/vendor/laravel/framework/src/Illuminate/Pipeline/Pipeline.php(219): Illuminate\\View\\Middleware\\ShareErrorsFromSession->handle(Object(Illuminate\\Http\\Request), Object(Closure))
#53 /Users/andrescruz/Herd/livewirestore/vendor/laravel/framework/src/Illuminate/Session/Middleware/StartSession.php(120): Illuminate\\Pipeline\\Pipeline->{closure:{closure:Illuminate\\Pipeline\\Pipeline::carry():194}:195}(Object(Illuminate\\Http\\Request))
#54 /Users/andrescruz/Herd/livewirestore/vendor/laravel/framework/src/Illuminate/Session/Middleware/StartSession.php(63): Illuminate\\Session\\Middleware\\StartSession->handleStatefulRequest(Object(Illuminate\\Http\\Request), Object(Illuminate\\Session\\Store), Object(Closure))
#55 /Users/andrescruz/Herd/livewirestore/vendor/laravel/framework/src/Illuminate/Pipeline/Pipeline.php(219): Illuminate\\Session\\Middleware\\StartSession->handle(Object(Illuminate\\Http\\Request), Object(Closure))
#56 /Users/andrescruz/Herd/livewirestore/vendor/laravel/framework/src/Illuminate/Cookie/Middleware/AddQueuedCookiesToResponse.php(36): Illuminate\\Pipeline\\Pipeline->{closure:{closure:Illuminate\\Pipeline\\Pipeline::carry():194}:195}(Object(Illuminate\\Http\\Request))
#57 /Users/andrescruz/Herd/livewirestore/vendor/laravel/framework/src/Illuminate/Pipeline/Pipeline.php(219): Illuminate\\Cookie\\Middleware\\AddQueuedCookiesToResponse->handle(Object(Illuminate\\Http\\Request), Object(Closure))
#58 /Users/andrescruz/Herd/livewirestore/vendor/laravel/framework/src/Illuminate/Cookie/Middleware/EncryptCookies.php(74): Illuminate\\Pipeline\\Pipeline->{closure:{closure:Illuminate\\Pipeline\\Pipeline::carry():194}:195}(Object(Illuminate\\Http\\Request))
#59 /Users/andrescruz/Herd/livewirestore/vendor/laravel/framework/src/Illuminate/Pipeline/Pipeline.php(219): Illuminate\\Cookie\\Middleware\\EncryptCookies->handle(Object(Illuminate\\Http\\Request), Object(Closure))
#60 /Users/andrescruz/Herd/livewirestore/vendor/laravel/framework/src/Illuminate/Pipeline/Pipeline.php(137): Illuminate\\Pipeline\\Pipeline->{closure:{closure:Illuminate\\Pipeline\\Pipeline::carry():194}:195}(Object(Illuminate\\Http\\Request))
#61 /Users/andrescruz/Herd/livewirestore/vendor/laravel/framework/src/Illuminate/Routing/Router.php(821): Illuminate\\Pipeline\\Pipeline->then(Object(Closure))
#62 /Users/andrescruz/Herd/livewirestore/vendor/laravel/framework/src/Illuminate/Routing/Router.php(800): Illuminate\\Routing\\Router->runRouteWithinStack(Object(Illuminate\\Routing\\Route), Object(Illuminate\\Http\\Request))
#63 /Users/andrescruz/Herd/livewirestore/vendor/laravel/framework/src/Illuminate/Routing/Router.php(764): Illuminate\\Routing\\Router->runRoute(Object(Illuminate\\Http\\Request), Object(Illuminate\\Routing\\Route))
#64 /Users/andrescruz/Herd/livewirestore/vendor/laravel/framework/src/Illuminate/Routing/Router.php(753): Illuminate\\Routing\\Router->dispatchToRoute(Object(Illuminate\\Http\\Request))
#65 /Users/andrescruz/Herd/livewirestore/vendor/laravel/framework/src/Illuminate/Foundation/Http/Kernel.php(200): Illuminate\\Routing\\Router->dispatch(Object(Illuminate\\Http\\Request))
#66 /Users/andrescruz/Herd/livewirestore/vendor/laravel/framework/src/Illuminate/Pipeline/Pipeline.php(180): Illuminate\\Foundation\\Http\\Kernel->{closure:Illuminate\\Foundation\\Http\\Kernel::dispatchToRouter():197}(Object(Illuminate\\Http\\Request))
#67 /Users/andrescruz/Herd/livewirestore/vendor/livewire/livewire/src/Features/SupportDisablingBackButtonCache/DisableBackButtonCacheMiddleware.php(19): Illuminate\\Pipeline\\Pipeline->{closure:Illuminate\\Pipeline\\Pipeline::prepareDestination():178}(Object(Illuminate\\Http\\Request))
#68 /Users/andrescruz/Herd/livewirestore/vendor/laravel/framework/src/Illuminate/Pipeline/Pipeline.php(219): Livewire\\Features\\SupportDisablingBackButtonCache\\DisableBackButtonCacheMiddleware->handle(Object(Illuminate\\Http\\Request), Object(Closure))
#69 /Users/andrescruz/Herd/livewirestore/vendor/laravel/framework/src/Illuminate/Foundation/Http/Middleware/TransformsRequest.php(21): Illuminate\\Pipeline\\Pipeline->{closure:{closure:Illuminate\\Pipeline\\Pipeline::carry():194}:195}(Object(Illuminate\\Http\\Request))
#70 /Users/andrescruz/Herd/livewirestore/vendor/laravel/framework/src/Illuminate/Foundation/Http/Middleware/ConvertEmptyStringsToNull.php(31): Illuminate\\Foundation\\Http\\Middleware\\TransformsRequest->handle(Object(Illuminate\\Http\\Request), Object(Closure))
#71 /Users/andrescruz/Herd/livewirestore/vendor/laravel/framework/src/Illuminate/Pipeline/Pipeline.php(219): Illuminate\\Foundation\\Http\\Middleware\\ConvertEmptyStringsToNull->handle(Object(Illuminate\\Http\\Request), Object(Closure))
#72 /Users/andrescruz/Herd/livewirestore/vendor/laravel/framework/src/Illuminate/Foundation/Http/Middleware/TransformsRequest.php(21): Illuminate\\Pipeline\\Pipeline->{closure:{closure:Illuminate\\Pipeline\\Pipeline::carry():194}:195}(Object(Illuminate\\Http\\Request))
#73 /Users/andrescruz/Herd/livewirestore/vendor/laravel/framework/src/Illuminate/Foundation/Http/Middleware/TrimStrings.php(51): Illuminate\\Foundation\\Http\\Middleware\\TransformsRequest->handle(Object(Illuminate\\Http\\Request), Object(Closure))
#74 /Users/andrescruz/Herd/livewirestore/vendor/laravel/framework/src/Illuminate/Pipeline/Pipeline.php(219): Illuminate\\Foundation\\Http\\Middleware\\TrimStrings->handle(Object(Illuminate\\Http\\Request), Object(Closure))
#75 /Users/andrescruz/Herd/livewirestore/vendor/laravel/framework/src/Illuminate/Http/Middleware/ValidatePostSize.php(27): Illuminate\\Pipeline\\Pipeline->{closure:{closure:Illuminate\\Pipeline\\Pipeline::carry():194}:195}(Object(Illuminate\\Http\\Request))
#76 /Users/andrescruz/Herd/livewirestore/vendor/laravel/framework/src/Illuminate/Pipeline/Pipeline.php(219): Illuminate\\Http\\Middleware\\ValidatePostSize->handle(Object(Illuminate\\Http\\Request), Object(Closure))
#77 /Users/andrescruz/Herd/livewirestore/vendor/laravel/framework/src/Illuminate/Foundation/Http/Middleware/PreventRequestsDuringMaintenance.php(109): Illuminate\\Pipeline\\Pipeline->{closure:{closure:Illuminate\\Pipeline\\Pipeline::carry():194}:195}(Object(Illuminate\\Http\\Request))
#78 /Users/andrescruz/Herd/livewirestore/vendor/laravel/framework/src/Illuminate/Pipeline/Pipeline.php(219): Illuminate\\Foundation\\Http\\Middleware\\PreventRequestsDuringMaintenance->handle(Object(Illuminate\\Http\\Request), Object(Closure))
#79 /Users/andrescruz/Herd/livewirestore/vendor/laravel/framework/src/Illuminate/Http/Middleware/HandleCors.php(61): Illuminate\\Pipeline\\Pipeline->{closure:{closure:Illuminate\\Pipeline\\Pipeline::carry():194}:195}(Object(Illuminate\\Http\\Request))
#80 /Users/andrescruz/Herd/livewirestore/vendor/laravel/framework/src/Illuminate/Pipeline/Pipeline.php(219): Illuminate\\Http\\Middleware\\HandleCors->handle(Object(Illuminate\\Http\\Request), Object(Closure))
#81 /Users/andrescruz/Herd/livewirestore/vendor/laravel/framework/src/Illuminate/Http/Middleware/TrustProxies.php(58): Illuminate\\Pipeline\\Pipeline->{closure:{closure:Illuminate\\Pipeline\\Pipeline::carry():194}:195}(Object(Illuminate\\Http\\Request))
#82 /Users/andrescruz/Herd/livewirestore/vendor/laravel/framework/src/Illuminate/Pipeline/Pipeline.php(219): Illuminate\\Http\\Middleware\\TrustProxies->handle(Object(Illuminate\\Http\\Request), Object(Closure))
#83 /Users/andrescruz/Herd/livewirestore/vendor/laravel/framework/src/Illuminate/Foundation/Http/Middleware/InvokeDeferredCallbacks.php(22): Illuminate\\Pipeline\\Pipeline->{closure:{closure:Illuminate\\Pipeline\\Pipeline::carry():194}:195}(Object(Illuminate\\Http\\Request))
#84 /Users/andrescruz/Herd/livewirestore/vendor/laravel/framework/src/Illuminate/Pipeline/Pipeline.php(219): Illuminate\\Foundation\\Http\\Middleware\\InvokeDeferredCallbacks->handle(Object(Illuminate\\Http\\Request), Object(Closure))
#85 /Users/andrescruz/Herd/livewirestore/vendor/laravel/framework/src/Illuminate/Http/Middleware/ValidatePathEncoding.php(28): Illuminate\\Pipeline\\Pipeline->{closure:{closure:Illuminate\\Pipeline\\Pipeline::carry():194}:195}(Object(Illuminate\\Http\\Request))
#86 /Users/andrescruz/Herd/livewirestore/vendor/laravel/framework/src/Illuminate/Pipeline/Pipeline.php(219): Illuminate\\Http\\Middleware\\ValidatePathEncoding->handle(Object(Illuminate\\Http\\Request), Object(Closure))
#87 /Users/andrescruz/Herd/livewirestore/vendor/laravel/framework/src/Illuminate/Pipeline/Pipeline.php(137): Illuminate\\Pipeline\\Pipeline->{closure:{closure:Illuminate\\Pipeline\\Pipeline::carry():194}:195}(Object(Illuminate\\Http\\Request))
#88 /Users/andrescruz/Herd/livewirestore/vendor/laravel/framework/src/Illuminate/Foundation/Http/Kernel.php(175): Illuminate\\Pipeline\\Pipeline->then(Object(Closure))
#89 /Users/andrescruz/Herd/livewirestore/vendor/laravel/framework/src/Illuminate/Foundation/Http/Kernel.php(144): Illuminate\\Foundation\\Http\\Kernel->sendRequestThroughRouter(Object(Illuminate\\Http\\Request))
#90 /Users/andrescruz/Herd/livewirestore/vendor/laravel/framework/src/Illuminate/Foundation/Application.php(1220): Illuminate\\Foundation\\Http\\Kernel->handle(Object(Illuminate\\Http\\Request))
#91 /Users/andrescruz/Herd/livewirestore/public/index.php(20): Illuminate\\Foundation\\Application->handleRequest(Object(Illuminate\\Http\\Request))
#92 /Applications/Herd.app/Contents/Resources/valet/server.php(167): require('/Users/andrescr...')
#93 {main}

[previous exception] [object] (Illuminate\\Routing\\Exceptions\\UrlGenerationException(code: 0): Missing required parameter for [Route: dashboard] [URI: {current_team}/dashboard] [Missing parameter: current_team]. at /Users/andrescruz/Herd/livewirestore/vendor/laravel/framework/src/Illuminate/Routing/Exceptions/UrlGenerationException.php:35)
[stacktrace]
#0 /Users/andrescruz/Herd/livewirestore/vendor/laravel/framework/src/Illuminate/Routing/RouteUrlGenerator.php(94): Illuminate\\Routing\\Exceptions\\UrlGenerationException::forMissingParameters(Object(Illuminate\\Routing\\Route), Array)
#1 /Users/andrescruz/Herd/livewirestore/vendor/laravel/framework/src/Illuminate/Routing/UrlGenerator.php(551): Illuminate\\Routing\\RouteUrlGenerator->to(Object(Illuminate\\Routing\\Route), Array, true)
#2 /Users/andrescruz/Herd/livewirestore/vendor/laravel/framework/src/Illuminate/Routing/UrlGenerator.php(528): Illuminate\\Routing\\UrlGenerator->toRoute(Object(Illuminate\\Routing\\Route), Array, true)
#3 /Users/andrescruz/Herd/livewirestore/vendor/laravel/framework/src/Illuminate/Foundation/helpers.php(870): Illuminate\\Routing\\UrlGenerator->route('dashboard', Array, true)
#4 /Users/andrescruz/Herd/livewirestore/storage/framework/views/fea6a347c7959fc50e3d3c024f9349fc.php(35): route('dashboard')
#5 /Users/andrescruz/Herd/livewirestore/vendor/laravel/framework/src/Illuminate/Filesystem/Filesystem.php(123): require('/Users/andrescr...')
#6 /Users/andrescruz/Herd/livewirestore/vendor/laravel/framework/src/Illuminate/Filesystem/Filesystem.php(124): Illuminate\\Filesystem\\Filesystem::{closure:Illuminate\\Filesystem\\Filesystem::getRequire():120}()
#7 /Users/andrescruz/Herd/livewirestore/vendor/laravel/framework/src/Illuminate/View/Engines/PhpEngine.php(57): Illuminate\\Filesystem\\Filesystem->getRequire('/Users/andrescr...', Array)
#8 /Users/andrescruz/Herd/livewirestore/vendor/livewire/livewire/src/Mechanisms/ExtendBlade/ExtendedCompilerEngine.php(22): Illuminate\\View\\Engines\\PhpEngine->evaluatePath('/Users/andrescr...', Array)
#9 /Users/andrescruz/Herd/livewirestore/vendor/laravel/framework/src/Illuminate/View/Engines/CompilerEngine.php(76): Livewire\\Mechanisms\\ExtendBlade\\ExtendedCompilerEngine->evaluatePath('/Users/andrescr...', Array)
#10 /Users/andrescruz/Herd/livewirestore/vendor/livewire/livewire/src/Mechanisms/ExtendBlade/ExtendedCompilerEngine.php(10): Illuminate\\View\\Engines\\CompilerEngine->get('/Users/andrescr...', Array)
#11 /Users/andrescruz/Herd/livewirestore/vendor/laravel/framework/src/Illuminate/View/View.php(208): Livewire\\Mechanisms\\ExtendBlade\\ExtendedCompilerEngine->get('/Users/andrescr...', Array)
#12 /Users/andrescruz/Herd/livewirestore/vendor/laravel/framework/src/Illuminate/View/View.php(191): Illuminate\\View\\View->getContents()
#13 /Users/andrescruz/Herd/livewirestore/vendor/laravel/framework/src/Illuminate/View/View.php(160): Illuminate\\View\\View->renderContents()
#14 /Users/andrescruz/Herd/livewirestore/vendor/laravel/framework/src/Illuminate/View/Concerns/ManagesComponents.php(103): Illuminate\\View\\View->render()
#15 /Users/andrescruz/Herd/livewirestore/storage/framework/views/3648d0e5e1d7910bb6e40064c80ef1f2.php(45): Illuminate\\View\\Factory->renderComponent()
#16 /Users/andrescruz/Herd/livewirestore/vendor/laravel/framework/src/Illuminate/Filesystem/Filesystem.php(123): require('/Users/andrescr...')
#17 /Users/andrescruz/Herd/livewirestore/vendor/laravel/framework/src/Illuminate/Filesystem/Filesystem.php(124): Illuminate\\Filesystem\\Filesystem::{closure:Illuminate\\Filesystem\\Filesystem::getRequire():120}()
#18 /Users/andrescruz/Herd/livewirestore/vendor/laravel/framework/src/Illuminate/View/Engines/PhpEngine.php(57): Illuminate\\Filesystem\\Filesystem->getRequire('/Users/andrescr...', Array)
#19 /Users/andrescruz/Herd/livewirestore/vendor/livewire/livewire/src/Mechanisms/ExtendBlade/ExtendedCompilerEngine.php(22): Illuminate\\View\\Engines\\PhpEngine->evaluatePath('/Users/andrescr...', Array)
#20 /Users/andrescruz/Herd/livewirestore/vendor/laravel/framework/src/Illuminate/View/Engines/CompilerEngine.php(76): Livewire\\Mechanisms\\ExtendBlade\\ExtendedCompilerEngine->evaluatePath('/Users/andrescr...', Array)
#21 /Users/andrescruz/Herd/livewirestore/vendor/livewire/livewire/src/Mechanisms/ExtendBlade/ExtendedCompilerEngine.php(10): Illuminate\\View\\Engines\\CompilerEngine->get('/Users/andrescr...', Array)
#22 /Users/andrescruz/Herd/livewirestore/vendor/laravel/framework/src/Illuminate/View/View.php(208): Livewire\\Mechanisms\\ExtendBlade\\ExtendedCompilerEngine->get('/Users/andrescr...', Array)
#23 /Users/andrescruz/Herd/livewirestore/vendor/laravel/framework/src/Illuminate/View/View.php(191): Illuminate\\View\\View->getContents()
#24 /Users/andrescruz/Herd/livewirestore/vendor/laravel/framework/src/Illuminate/View/View.php(160): Illuminate\\View\\View->renderContents()
#25 /Users/andrescruz/Herd/livewirestore/vendor/laravel/framework/src/Illuminate/View/Concerns/ManagesComponents.php(103): Illuminate\\View\\View->render()
#26 /Users/andrescruz/Herd/livewirestore/storage/framework/views/290854be5454abd59f9491fe16e0fcbe.php(17): Illuminate\\View\\Factory->renderComponent()
#27 /Users/andrescruz/Herd/livewirestore/vendor/laravel/framework/src/Illuminate/Filesystem/Filesystem.php(123): require('/Users/andrescr...')
#28 /Users/andrescruz/Herd/livewirestore/vendor/laravel/framework/src/Illuminate/Filesystem/Filesystem.php(124): Illuminate\\Filesystem\\Filesystem::{closure:Illuminate\\Filesystem\\Filesystem::getRequire():120}()
#29 /Users/andrescruz/Herd/livewirestore/vendor/laravel/framework/src/Illuminate/View/Engines/PhpEngine.php(57): Illuminate\\Filesystem\\Filesystem->getRequire('/Users/andrescr...', Array)
#30 /Users/andrescruz/Herd/livewirestore/vendor/livewire/livewire/src/Mechanisms/ExtendBlade/ExtendedCompilerEngine.php(22): Illuminate\\View\\Engines\\PhpEngine->evaluatePath('/Users/andrescr...', Array)
#31 /Users/andrescruz/Herd/livewirestore/vendor/laravel/framework/src/Illuminate/View/Engines/CompilerEngine.php(76): Livewire\\Mechanisms\\ExtendBlade\\ExtendedCompilerEngine->evaluatePath('/Users/andrescr...', Array)
#32 /Users/andrescruz/Herd/livewirestore/vendor/livewire/livewire/src/Mechanisms/ExtendBlade/ExtendedCompilerEngine.php(10): Illuminate\\View\\Engines\\CompilerEngine->get('/Users/andrescr...', Array)
#33 /Users/andrescruz/Herd/livewirestore/vendor/laravel/framework/src/Illuminate/View/View.php(208): Livewire\\Mechanisms\\ExtendBlade\\ExtendedCompilerEngine->get('/Users/andrescr...', Array)
#34 /Users/andrescruz/Herd/livewirestore/vendor/laravel/framework/src/Illuminate/View/View.php(191): Illuminate\\View\\View->getContents()
#35 /Users/andrescruz/Herd/livewirestore/vendor/laravel/framework/src/Illuminate/View/View.php(160): Illuminate\\View\\View->renderContents()
#36 /Users/andrescruz/Herd/livewirestore/vendor/laravel/framework/src/Illuminate/View/Compilers/BladeCompiler.php(353): Illuminate\\View\\View->render()
#37 /Users/andrescruz/Herd/livewirestore/vendor/laravel/framework/src/Illuminate/Support/Facades/Facade.php(363): Illuminate\\View\\Compilers\\BladeCompiler::render('    <?php $layo...', Array)
#38 /Users/andrescruz/Herd/livewirestore/vendor/livewire/livewire/src/Features/SupportPageComponents/SupportPageComponents.php(162): Illuminate\\Support\\Facades\\Facade::__callStatic('render', Array)
#39 /Users/andrescruz/Herd/livewirestore/vendor/livewire/livewire/src/Features/SupportPageComponents/HandlesPageComponents.php(26): Livewire\\Features\\SupportPageComponents\\SupportPageComponents::renderContentsIntoLayout('<div wire:snaps...', Object(Livewire\\Features\\SupportPageComponents\\PageComponentConfig))
#40 /Users/andrescruz/Herd/livewirestore/vendor/laravel/framework/src/Illuminate/Container/BoundMethod.php(36): Livewire\\Component->__invoke()
#41 /Users/andrescruz/Herd/livewirestore/vendor/laravel/framework/src/Illuminate/Container/Util.php(43): Illuminate\\Container\\BoundMethod::{closure:Illuminate\\Container\\BoundMethod::call():35}()
#42 /Users/andrescruz/Herd/livewirestore/vendor/laravel/framework/src/Illuminate/Container/BoundMethod.php(96): Illuminate\\Container\\Util::unwrapIfClosure(Object(Closure))
#43 /Users/andrescruz/Herd/livewirestore/vendor/laravel/framework/src/Illuminate/Container/BoundMethod.php(35): Illuminate\\Container\\BoundMethod::callBoundMethod(Object(Illuminate\\Foundation\\Application), Array, Object(Closure))
#44 /Users/andrescruz/Herd/livewirestore/vendor/laravel/framework/src/Illuminate/Container/Container.php(799): Illuminate\\Container\\BoundMethod::call(Object(Illuminate\\Foundation\\Application), Array, Array, NULL)
#45 /Users/andrescruz/Herd/livewirestore/vendor/livewire/livewire/src/Mechanisms/HandleRouting/LivewirePageController.php(15): Illuminate\\Container\\Container->call(Array)
#46 /Users/andrescruz/Herd/livewirestore/vendor/laravel/framework/src/Illuminate/Routing/ControllerDispatcher.php(46): Livewire\\Mechanisms\\HandleRouting\\LivewirePageController->__invoke()
#47 /Users/andrescruz/Herd/livewirestore/vendor/laravel/framework/src/Illuminate/Routing/Route.php(269): Illuminate\\Routing\\ControllerDispatcher->dispatch(Object(Illuminate\\Routing\\Route), Object(Livewire\\Mechanisms\\HandleRouting\\LivewirePageController), '__invoke')
#48 /Users/andrescruz/Herd/livewirestore/vendor/laravel/framework/src/Illuminate/Routing/Route.php(215): Illuminate\\Routing\\Route->runController()
#49 /Users/andrescruz/Herd/livewirestore/vendor/laravel/framework/src/Illuminate/Routing/Router.php(822): Illuminate\\Routing\\Route->run()
#50 /Users/andrescruz/Herd/livewirestore/vendor/laravel/framework/src/Illuminate/Pipeline/Pipeline.php(180): Illuminate\\Routing\\Router->{closure:Illuminate\\Routing\\Router::runRouteWithinStack():821}(Object(Illuminate\\Http\\Request))
#51 /Users/andrescruz/Herd/livewirestore/app/Http/Middleware/SetTeamUrlDefaults.php(26): Illuminate\\Pipeline\\Pipeline->{closure:Illuminate\\Pipeline\\Pipeline::prepareDestination():178}(Object(Illuminate\\Http\\Request))
#52 /Users/andrescruz/Herd/livewirestore/vendor/laravel/framework/src/Illuminate/Pipeline/Pipeline.php(219): App\\Http\\Middleware\\SetTeamUrlDefaults->handle(Object(Illuminate\\Http\\Request), Object(Closure))
#53 /Users/andrescruz/Herd/livewirestore/vendor/laravel/framework/src/Illuminate/Routing/Middleware/SubstituteBindings.php(52): Illuminate\\Pipeline\\Pipeline->{closure:{closure:Illuminate\\Pipeline\\Pipeline::carry():194}:195}(Object(Illuminate\\Http\\Request))
#54 /Users/andrescruz/Herd/livewirestore/vendor/laravel/framework/src/Illuminate/Pipeline/Pipeline.php(219): Illuminate\\Routing\\Middleware\\SubstituteBindings->handle(Object(Illuminate\\Http\\Request), Object(Closure))
#55 /Users/andrescruz/Herd/livewirestore/vendor/laravel/framework/src/Illuminate/Foundation/Http/Middleware/PreventRequestForgery.php(104): Illuminate\\Pipeline\\Pipeline->{closure:{closure:Illuminate\\Pipeline\\Pipeline::carry():194}:195}(Object(Illuminate\\Http\\Request))
#56 /Users/andrescruz/Herd/livewirestore/vendor/laravel/framework/src/Illuminate/Pipeline/Pipeline.php(219): Illuminate\\Foundation\\Http\\Middleware\\PreventRequestForgery->handle(Object(Illuminate\\Http\\Request), Object(Closure))
#57 /Users/andrescruz/Herd/livewirestore/vendor/laravel/framework/src/Illuminate/View/Middleware/ShareErrorsFromSession.php(48): Illuminate\\Pipeline\\Pipeline->{closure:{closure:Illuminate\\Pipeline\\Pipeline::carry():194}:195}(Object(Illuminate\\Http\\Request))
#58 /Users/andrescruz/Herd/livewirestore/vendor/laravel/framework/src/Illuminate/Pipeline/Pipeline.php(219): Illuminate\\View\\Middleware\\ShareErrorsFromSession->handle(Object(Illuminate\\Http\\Request), Object(Closure))
#59 /Users/andrescruz/Herd/livewirestore/vendor/laravel/framework/src/Illuminate/Session/Middleware/StartSession.php(120): Illuminate\\Pipeline\\Pipeline->{closure:{closure:Illuminate\\Pipeline\\Pipeline::carry():194}:195}(Object(Illuminate\\Http\\Request))
#60 /Users/andrescruz/Herd/livewirestore/vendor/laravel/framework/src/Illuminate/Session/Middleware/StartSession.php(63): Illuminate\\Session\\Middleware\\StartSession->handleStatefulRequest(Object(Illuminate\\Http\\Request), Object(Illuminate\\Session\\Store), Object(Closure))
#61 /Users/andrescruz/Herd/livewirestore/vendor/laravel/framework/src/Illuminate/Pipeline/Pipeline.php(219): Illuminate\\Session\\Middleware\\StartSession->handle(Object(Illuminate\\Http\\Request), Object(Closure))
#62 /Users/andrescruz/Herd/livewirestore/vendor/laravel/framework/src/Illuminate/Cookie/Middleware/AddQueuedCookiesToResponse.php(36): Illuminate\\Pipeline\\Pipeline->{closure:{closure:Illuminate\\Pipeline\\Pipeline::carry():194}:195}(Object(Illuminate\\Http\\Request))
#63 /Users/andrescruz/Herd/livewirestore/vendor/laravel/framework/src/Illuminate/Pipeline/Pipeline.php(219): Illuminate\\Cookie\\Middleware\\AddQueuedCookiesToResponse->handle(Object(Illuminate\\Http\\Request), Object(Closure))
#64 /Users/andrescruz/Herd/livewirestore/vendor/laravel/framework/src/Illuminate/Cookie/Middleware/EncryptCookies.php(74): Illuminate\\Pipeline\\Pipeline->{closure:{closure:Illuminate\\Pipeline\\Pipeline::carry():194}:195}(Object(Illuminate\\Http\\Request))
#65 /Users/andrescruz/Herd/livewirestore/vendor/laravel/framework/src/Illuminate/Pipeline/Pipeline.php(219): Illuminate\\Cookie\\Middleware\\EncryptCookies->handle(Object(Illuminate\\Http\\Request), Object(Closure))
#66 /Users/andrescruz/Herd/livewirestore/vendor/laravel/framework/src/Illuminate/Pipeline/Pipeline.php(137): Illuminate\\Pipeline\\Pipeline->{closure:{closure:Illuminate\\Pipeline\\Pipeline::carry():194}:195}(Object(Illuminate\\Http\\Request))
#67 /Users/andrescruz/Herd/livewirestore/vendor/laravel/framework/src/Illuminate/Routing/Router.php(821): Illuminate\\Pipeline\\Pipeline->then(Object(Closure))
#68 /Users/andrescruz/Herd/livewirestore/vendor/laravel/framework/src/Illuminate/Routing/Router.php(800): Illuminate\\Routing\\Router->runRouteWithinStack(Object(Illuminate\\Routing\\Route), Object(Illuminate\\Http\\Request))
#69 /Users/andrescruz/Herd/livewirestore/vendor/laravel/framework/src/Illuminate/Routing/Router.php(764): Illuminate\\Routing\\Router->runRoute(Object(Illuminate\\Http\\Request), Object(Illuminate\\Routing\\Route))
#70 /Users/andrescruz/Herd/livewirestore/vendor/laravel/framework/src/Illuminate/Routing/Router.php(753): Illuminate\\Routing\\Router->dispatchToRoute(Object(Illuminate\\Http\\Request))
#71 /Users/andrescruz/Herd/livewirestore/vendor/laravel/framework/src/Illuminate/Foundation/Http/Kernel.php(200): Illuminate\\Routing\\Router->dispatch(Object(Illuminate\\Http\\Request))
#72 /Users/andrescruz/Herd/livewirestore/vendor/laravel/framework/src/Illuminate/Pipeline/Pipeline.php(180): Illuminate\\Foundation\\Http\\Kernel->{closure:Illuminate\\Foundation\\Http\\Kernel::dispatchToRouter():197}(Object(Illuminate\\Http\\Request))
#73 /Users/andrescruz/Herd/livewirestore/vendor/livewire/livewire/src/Features/SupportDisablingBackButtonCache/DisableBackButtonCacheMiddleware.php(19): Illuminate\\Pipeline\\Pipeline->{closure:Illuminate\\Pipeline\\Pipeline::prepareDestination():178}(Object(Illuminate\\Http\\Request))
#74 /Users/andrescruz/Herd/livewirestore/vendor/laravel/framework/src/Illuminate/Pipeline/Pipeline.php(219): Livewire\\Features\\SupportDisablingBackButtonCache\\DisableBackButtonCacheMiddleware->handle(Object(Illuminate\\Http\\Request), Object(Closure))
#75 /Users/andrescruz/Herd/livewirestore/vendor/laravel/framework/src/Illuminate/Foundation/Http/Middleware/TransformsRequest.php(21): Illuminate\\Pipeline\\Pipeline->{closure:{closure:Illuminate\\Pipeline\\Pipeline::carry():194}:195}(Object(Illuminate\\Http\\Request))
#76 /Users/andrescruz/Herd/livewirestore/vendor/laravel/framework/src/Illuminate/Foundation/Http/Middleware/ConvertEmptyStringsToNull.php(31): Illuminate\\Foundation\\Http\\Middleware\\TransformsRequest->handle(Object(Illuminate\\Http\\Request), Object(Closure))
#77 /Users/andrescruz/Herd/livewirestore/vendor/laravel/framework/src/Illuminate/Pipeline/Pipeline.php(219): Illuminate\\Foundation\\Http\\Middleware\\ConvertEmptyStringsToNull->handle(Object(Illuminate\\Http\\Request), Object(Closure))
#78 /Users/andrescruz/Herd/livewirestore/vendor/laravel/framework/src/Illuminate/Foundation/Http/Middleware/TransformsRequest.php(21): Illuminate\\Pipeline\\Pipeline->{closure:{closure:Illuminate\\Pipeline\\Pipeline::carry():194}:195}(Object(Illuminate\\Http\\Request))
#79 /Users/andrescruz/Herd/livewirestore/vendor/laravel/framework/src/Illuminate/Foundation/Http/Middleware/TrimStrings.php(51): Illuminate\\Foundation\\Http\\Middleware\\TransformsRequest->handle(Object(Illuminate\\Http\\Request), Object(Closure))
#80 /Users/andrescruz/Herd/livewirestore/vendor/laravel/framework/src/Illuminate/Pipeline/Pipeline.php(219): Illuminate\\Foundation\\Http\\Middleware\\TrimStrings->handle(Object(Illuminate\\Http\\Request), Object(Closure))
#81 /Users/andrescruz/Herd/livewirestore/vendor/laravel/framework/src/Illuminate/Http/Middleware/ValidatePostSize.php(27): Illuminate\\Pipeline\\Pipeline->{closure:{closure:Illuminate\\Pipeline\\Pipeline::carry():194}:195}(Object(Illuminate\\Http\\Request))
#82 /Users/andrescruz/Herd/livewirestore/vendor/laravel/framework/src/Illuminate/Pipeline/Pipeline.php(219): Illuminate\\Http\\Middleware\\ValidatePostSize->handle(Object(Illuminate\\Http\\Request), Object(Closure))
#83 /Users/andrescruz/Herd/livewirestore/vendor/laravel/framework/src/Illuminate/Foundation/Http/Middleware/PreventRequestsDuringMaintenance.php(109): Illuminate\\Pipeline\\Pipeline->{closure:{closure:Illuminate\\Pipeline\\Pipeline::carry():194}:195}(Object(Illuminate\\Http\\Request))
#84 /Users/andrescruz/Herd/livewirestore/vendor/laravel/framework/src/Illuminate/Pipeline/Pipeline.php(219): Illuminate\\Foundation\\Http\\Middleware\\PreventRequestsDuringMaintenance->handle(Object(Illuminate\\Http\\Request), Object(Closure))
#85 /Users/andrescruz/Herd/livewirestore/vendor/laravel/framework/src/Illuminate/Http/Middleware/HandleCors.php(61): Illuminate\\Pipeline\\Pipeline->{closure:{closure:Illuminate\\Pipeline\\Pipeline::carry():194}:195}(Object(Illuminate\\Http\\Request))
#86 /Users/andrescruz/Herd/livewirestore/vendor/laravel/framework/src/Illuminate/Pipeline/Pipeline.php(219): Illuminate\\Http\\Middleware\\HandleCors->handle(Object(Illuminate\\Http\\Request), Object(Closure))
#87 /Users/andrescruz/Herd/livewirestore/vendor/laravel/framework/src/Illuminate/Http/Middleware/TrustProxies.php(58): Illuminate\\Pipeline\\Pipeline->{closure:{closure:Illuminate\\Pipeline\\Pipeline::carry():194}:195}(Object(Illuminate\\Http\\Request))
#88 /Users/andrescruz/Herd/livewirestore/vendor/laravel/framework/src/Illuminate/Pipeline/Pipeline.php(219): Illuminate\\Http\\Middleware\\TrustProxies->handle(Object(Illuminate\\Http\\Request), Object(Closure))
#89 /Users/andrescruz/Herd/livewirestore/vendor/laravel/framework/src/Illuminate/Foundation/Http/Middleware/InvokeDeferredCallbacks.php(22): Illuminate\\Pipeline\\Pipeline->{closure:{closure:Illuminate\\Pipeline\\Pipeline::carry():194}:195}(Object(Illuminate\\Http\\Request))
#90 /Users/andrescruz/Herd/livewirestore/vendor/laravel/framework/src/Illuminate/Pipeline/Pipeline.php(219): Illuminate\\Foundation\\Http\\Middleware\\InvokeDeferredCallbacks->handle(Object(Illuminate\\Http\\Request), Object(Closure))
#91 /Users/andrescruz/Herd/livewirestore/vendor/laravel/framework/src/Illuminate/Http/Middleware/ValidatePathEncoding.php(28): Illuminate\\Pipeline\\Pipeline->{closure:{closure:Illuminate\\Pipeline\\Pipeline::carry():194}:195}(Object(Illuminate\\Http\\Request))
#92 /Users/andrescruz/Herd/livewirestore/vendor/laravel/framework/src/Illuminate/Pipeline/Pipeline.php(219): Illuminate\\Http\\Middleware\\ValidatePathEncoding->handle(Object(Illuminate\\Http\\Request), Object(Closure))
#93 /Users/andrescruz/Herd/livewirestore/vendor/laravel/framework/src/Illuminate/Pipeline/Pipeline.php(137): Illuminate\\Pipeline\\Pipeline->{closure:{closure:Illuminate\\Pipeline\\Pipeline::carry():194}:195}(Object(Illuminate\\Http\\Request))
#94 /Users/andrescruz/Herd/livewirestore/vendor/laravel/framework/src/Illuminate/Foundation/Http/Kernel.php(175): Illuminate\\Pipeline\\Pipeline->then(Object(Closure))
#95 /Users/andrescruz/Herd/livewirestore/vendor/laravel/framework/src/Illuminate/Foundation/Http/Kernel.php(144): Illuminate\\Foundation\\Http\\Kernel->sendRequestThroughRouter(Object(Illuminate\\Http\\Request))
#96 /Users/andrescruz/Herd/livewirestore/vendor/laravel/framework/src/Illuminate/Foundation/Application.php(1220): Illuminate\\Foundation\\Http\\Kernel->handle(Object(Illuminate\\Http\\Request))
#97 /Users/andrescruz/Herd/livewirestore/public/index.php(20): Illuminate\\Foundation\\Application->handleRequest(Object(Illuminate\\Http\\Request))
#98 /Applications/Herd.app/Contents/Resources/valet/server.php(167): require('/Users/andrescr...')
#99 {main}
"} 
